Post_ID,Platform,Content_Type,Category,Likes,Comments,Shares,Views,Saves,Engagement_Rate,Viral_Score,Viral_Level,Is_High_Viral
POST_04552,Instagram,Carousel,Business,8287,247,51,29502,20,3.85,26.543257989088076,Low,False
POST_02171,LinkedIn,Document,Health,1711,27,247,24538,139,0.63,49.76593625498008,Low,False
POST_00210,Instagram,Carousel,Food,1527,191,7,5460,359,0.78,20.874902572096644,Low,False
POST_01548,Facebook,Video,Sports,535,178,433,68246,740,0.27,55.475101626016254,Moderate,False
POST_01350,Instagram,Photo,Fitness,9706,35,118,25782,611,15.31,50.67030397505845,Moderate,False
POST_01582,Twitter,Poll,Sports,3767,83,522,59434,242,1.04,41.793259557344065,Low,False
POST_02656,Twitter,Poll,Lifestyle,1558,71,676,45929,92,0.89,26.393360160965795,Low,False
POST_00196,Twitter,Thread,Education,599,222,787,68904,314,5.19,48.49849094567404,Low,False
POST_00749,YouTube,Live,Food,6062,754,540,947740,1640,1.86,38.43423799582463,Low,False
POST_03049,Twitter,Thread,Travel,597,22,339,67556,74,0.2,13.470824949698187,Low,False
POST_04605,TikTok,Video,Travel,18977,966,2147,8088,2235,9.16,52.68469656992084,Moderate,False
POST_02119,Instagram,Carousel,Entertainment,1874,467,16,30977,688,3.49,42.533125487139515,Low,False
POST_00401,Instagram,Photo,Business,1867,125,281,44911,286,0.78,48.78409976617303,Low,False
POST_01803,Twitter,Poll,Sports,4926,205,1317,28491,466,4.34,81.34557344064386,Very High,True
POST_03737,LinkedIn,Poll,Lifestyle,1383,123,32,6603,59,0.81,31.897410358565736,Low,False
POST_03162,Instagram,Reel,Education,8387,360,179,13360,945,1.79,77.56819953234606,Very High,True
POST_00426,Facebook,Video,Sports,5540,375,632,73879,402,1.34,64.4435975609756,High,True
POST_00363,Facebook,Post,Technology,1048,256,457,75334,393,6.06,44.49441056910569,Low,False
POST_01038,LinkedIn,Post,Technology,1708,113,456,26761,259,0.57,85.88147410358566,Very High,True
POST_04592,Instagram,Story,Technology,6145,224,238,45738,517,2.69,61.459469992205776,Moderate,False
POST_00159,Instagram,Story,Fitness,4399,125,33,21640,787,1.06,41.56079501169134,Low,False
POST_02919,Twitter,Thread,Fitness,2837,260,1505,47775,332,3.81,71.49647887323944,High,True
POST_02915,Instagram,Reel,Food,1974,308,125,21531,662,1.19,50.475448168355406,Moderate,False
POST_04272,YouTube,Live,Travel,19612,881,609,22497,3392,5.78,63.64300626304802,Moderate,False
POST_01023,YouTube,Video,Gaming,6523,343,247,886932,98,1.46,14.916492693110648,Low,False
POST_02704,Instagram,Reel,Food,6327,440,130,935,289,4.91,48.08456742010912,Low,False
POST_02032,Facebook,Story,Lifestyle,2672,360,464,2203,659,103.34,63.83892276422765,Moderate,False
POST_01750,Instagram,Carousel,Fitness,1687,73,134,41648,732,1.61,45.8593141075604,Low,False
POST_03565,Facebook,Live,Business,1784,227,117,77227,192,0.51,23.927845528455283,Low,False
POST_03697,YouTube,Short,Lifestyle,9264,590,1840,720597,1210,14.63,56.503131524008346,Moderate,False
POST_04392,Facebook,Post,Lifestyle,6896,135,201,65197,354,1.93,40.32012195121951,Low,False
POST_02615,Twitter,Tweet,Fashion,156,131,1223,75745,121,0.3,37.02213279678068,Low,False
POST_04168,Instagram,Reel,Lifestyle,8448,490,202,29382,993,2.76,85.63912704598597,Very High,True
POST_02667,Instagram,Story,Fashion,1242,270,186,833,524,0.36,49.508963367108336,Low,False
POST_00013,TikTok,Video,Fitness,37311,858,4513,439758,2823,9.31,80.93667546174142,Very High,True
POST_00600,Instagram,Story,Fashion,5138,49,140,47958,245,1.46,33.64964925954793,Low,False
POST_03649,Facebook,Story,Travel,4532,332,707,24121,391,1.16,63.328252032520325,Moderate,False
POST_02620,Twitter,Retweet,Fitness,4492,244,997,24696,383,4.23,69.2907444668008,High,True
POST_03937,Twitter,Retweet,Fashion,3186,177,1551,27503,16,10.36,46.90392354124748,Low,False
POST_00255,Instagram,Carousel,Health,9902,174,48,760,226,2.71,33.35151987529228,Low,False
POST_01458,LinkedIn,Article,Gaming,615,72,309,18554,208,0.32,56.429282868525895,Moderate,False
POST_01115,Facebook,Live,Health,6283,165,569,49857,522,1.99,60.922256097560975,Moderate,False
POST_04061,Twitter,Tweet,Lifestyle,280,240,940,50483,119,0.3,37.61569416498995,Low,False
POST_02972,Instagram,Reel,Travel,545,440,95,46180,238,0.29,33.150818394388146,Low,False
POST_00620,LinkedIn,Article,Lifestyle,1635,90,194,14227,248,0.62,62.64940239043825,Moderate,False
POST_02131,Instagram,Carousel,Health,6342,62,163,23890,486,14.62,47.480514419329694,Low,False
POST_01977,Twitter,Poll,Fashion,145,183,223,1947,282,0.46,33.24949698189135,Low,False
POST_04253,Twitter,Poll,Health,4073,129,1122,96934,425,19.82,67.88229376257544,High,True
POST_02226,Facebook,Live,Entertainment,3270,132,535,10351,754,1.22,62.83536585365853,Moderate,False
POST_02509,TikTok,Video,Business,33034,309,2036,242685,2609,19.1,55.821240105540895,Moderate,False
POST_00885,TikTok,Duet,Fashion,8731,994,1938,75043,577,3.14,27.833113456464375,Low,False
POST_03590,Instagram,Carousel,Food,7684,20,151,3713,125,16.62,34.167965705378016,Low,False
POST_01451,Facebook,Story,Entertainment,5232,366,371,10075,558,2.32,61.8165650406504,Moderate,False
POST_04753,LinkedIn,Post,Health,472,94,425,18259,112,0.36,55.796812749003976,Moderate,False
POST_03402,Instagram,Story,Technology,8440,165,264,37752,483,1.86,64.90257209664847,High,True
POST_04525,TikTok,Stitch,Lifestyle,46571,441,758,302431,1829,476.41,42.69129287598944,Low,False
POST_03917,LinkedIn,Poll,Health,794,7,127,14918,32,1.24,18.79980079681275,Low,False
POST_00483,Facebook,Video,Sports,4283,106,38,73605,646,0.89,41.92581300813008,Low,False
POST_02783,YouTube,Community Post,Education,13734,469,172,726267,4479,5.28,51.83716075156576,Moderate,False
POST_00147,Facebook,Video,Gaming,3309,303,203,21871,590,4.08,50.919715447154466,Moderate,False
POST_01364,Facebook,Live,Business,6830,129,742,57034,78,3.27,47.19512195121951,Low,False
POST_02243,Facebook,Live,Sports,478,266,811,76686,562,0.41,64.33434959349593,High,True
POST_01461,Twitter,Thread,Fitness,4449,21,209,57922,448,1.33,49.147384305835004,Low,False
POST_04354,YouTube,Community Post,Lifestyle,4676,219,376,470105,4140,1.37,42.406054279749476,Low,False
POST_00471,Instagram,Photo,Technology,9883,67,77,43316,382,2.48,38.74512860483242,Low,False
POST_04025,LinkedIn,Poll,Lifestyle,1895,17,158,15208,205,0.51,50.64741035856572,Moderate,False
POST_04594,Twitter,Thread,Education,400,4,1034,45335,106,0.59,26.70774647887324,Low,False
POST_03823,TikTok,Stitch,Entertainment,35475,1898,2937,187442,1847,76.88,65.76187335092348,High,True
POST_04447,Instagram,Photo,Food,5088,262,199,14888,660,1.28,61.740062353858136,Moderate,False
POST_02198,TikTok,Duet,Lifestyle,32338,66,969,479514,2703,11.95,47.23284960422164,Low,False
POST_02303,Facebook,Live,Sports,3204,107,380,57955,489,1.41,44.728150406504064,Low,False
POST_04612,Instagram,Story,Health,2366,255,107,32084,535,305.83,42.486360093530784,Low,False
POST_03896,TikTok,Duet,Technology,30187,821,4505,71771,2764,15.75,78.25197889182058,Very High,True
POST_02056,LinkedIn,Article,Sports,170,19,259,25386,143,0.13,38.122509960159356,Low,False
POST_03661,Facebook,Post,Food,6580,9,900,31319,646,24.77,72.66768292682927,High,True
POST_00991,TikTok,Video,Health,31852,1590,801,323063,616,39.51,32.044854881266495,Low,False
POST_04724,Twitter,Poll,Health,2640,172,1471,29943,329,0.92,65.86770623742456,High,True
POST_02826,TikTok,Duet,Gaming,25781,1671,3381,20430,224,6.82,45.68931398416887,Low,False
POST_02458,Facebook,Post,Gaming,6543,54,632,43676,465,1.93,56.887703252032516,Moderate,False
POST_04902,Facebook,Live,Business,504,234,46,44411,268,0.43,22.621951219512194,Low,False
POST_01847,Instagram,Carousel,Food,4453,438,291,663,248,3.5,62.022603273577545,Moderate,False
POST_04101,Facebook,Post,Sports,6260,5,169,6216,458,30.39,37.76930894308943,Low,False
POST_00057,Instagram,Photo,Gaming,5741,410,126,10052,350,2.42,47.95791114575214,Low,False
POST_01124,TikTok,Stitch,Fitness,38874,81,4338,232603,1319,15.12,56.41490765171504,Moderate,False
POST_01437,Twitter,Thread,Health,2813,177,396,67504,147,0.71,34.45674044265593,Low,False
POST_04128,YouTube,Community Post,Health,4016,921,1195,677761,1270,1.3,46.91544885177452,Low,False
POST_00343,Instagram,Reel,Fitness,1899,280,211,45999,436,0.68,50.89243959469991,Moderate,False
POST_04713,Twitter,Tweet,Fashion,1910,32,362,17951,484,1.18,47.40442655935613,Low,False
POST_04636,YouTube,Community Post,Technology,9823,417,589,639335,3961,2.39,52.51565762004176,Moderate,False
POST_04642,Twitter,Thread,Travel,2576,103,975,63465,221,1.16,45.181086519114686,Low,False
POST_03566,LinkedIn,Poll,Sports,1545,120,12,2194,209,2.38,48.82470119521912,Low,False
POST_04720,YouTube,Video,Health,7987,542,791,398393,3449,4.16,52.802713987473894,Moderate,False
POST_04522,Facebook,Live,Business,1062,134,81,28161,138,0.39,15.464939024390242,Low,False
POST_04559,YouTube,Short,Gaming,1100,821,1467,711542,4223,0.75,68.72651356993738,High,True
POST_02951,TikTok,Stitch,Business,19793,1018,4074,257816,1086,8.42,54.027044854881254,Moderate,False
POST_04115,Facebook,Post,Sports,4674,114,267,12139,303,4.13,35.42428861788618,Low,False
POST_00338,LinkedIn,Article,Fashion,1574,48,478,23296,7,5.2,49.58167330677291,Low,False
POST_00110,Instagram,Story,Education,150,43,291,2900,309,0.21,45.167575993764615,Low,False
POST_01086,Facebook,Video,Technology,286,219,454,69548,168,0.75,31.768292682926823,Low,False
POST_02563,Instagram,Photo,Technology,9875,148,105,34673,464,4.2,47.40257209664848,Low,False
POST_02331,Twitter,Retweet,Technology,2508,106,230,19802,32,4.68,19.695674044265594,Low,False
POST_02175,Instagram,Story,Education,1379,34,296,4199,917,0.82,69.07248636009352,High,True
POST_02110,YouTube,Video,Gaming,4368,808,275,190721,807,61.96,26.52922755741127,Low,False
POST_01046,Facebook,Video,Education,647,131,266,5057,494,0.49,37.520325203252035,Low,False
POST_01100,Twitter,Poll,Sports,3399,215,947,53196,380,0.92,64.19265593561367,High,True
POST_00758,Facebook,Live,Lifestyle,7091,159,835,35164,583,12.62,74.09298780487804,High,True
POST_04114,Instagram,Reel,Health,412,142,210,40620,74,0.21,31.782930631332807,Low,False
POST_02435,YouTube,Live,Health,19639,806,321,725703,2092,9.58,47.95407098121085,Low,False
POST_04614,Instagram,Photo,Technology,3668,263,261,3706,470,1.34,59.97272018706157,Moderate,False
POST_04867,Twitter,Poll,Fitness,26,207,1207,94651,187,0.66,44.32092555331992,Low,False
POST_03820,Facebook,Video,Business,5171,250,163,70298,748,2.42,57.64989837398373,Moderate,False
POST_03576,Twitter,Retweet,Fitness,3940,142,1944,37624,55,6.35,57.03722334004024,Moderate,False
POST_00910,Twitter,Poll,Fashion,1613,51,1235,89627,346,0.69,53.07344064386318,Moderate,False
POST_04696,TikTok,Video,Fashion,5391,243,3142,9876,2778,2.63,57.21635883905013,Moderate,False
POST_01126,Facebook,Post,Fashion,3046,9,192,60195,750,0.98,45.60721544715447,Low,False
POST_03285,Facebook,Post,Food,3401,57,340,76452,437,1.98,39.822154471544714,Low,False
POST_04097,Instagram,Photo,Gaming,5564,46,94,22263,290,1.47,30.379968823070925,Low,False
POST_04987,LinkedIn,Poll,Entertainment,1615,83,358,1184,201,0.49,67.95816733067727,High,True
POST_01760,Facebook,Video,Sports,7957,303,613,33600,654,2.66,77.3145325203252,Very High,True
POST_03762,LinkedIn,Post,Business,1964,112,118,26278,250,0.64,63.461155378486055,Moderate,False
POST_03791,Instagram,Carousel,Technology,1169,171,63,49825,262,2.72,22.622759158222912,Low,False
POST_01523,Twitter,Retweet,Fitness,4251,281,83,43738,197,4.38,41.34808853118712,Low,False
POST_02948,Facebook,Video,Sports,4917,86,380,16484,458,3.03,46.17378048780487,Low,False
POST_03344,Instagram,Reel,Entertainment,1417,62,92,32890,871,0.32,45.02338269680436,Low,False
POST_02098,Facebook,Story,Travel,4929,226,92,71992,436,4.46,39.692581300813,Low,False
POST_01783,Facebook,Post,Sports,7406,273,937,20661,728,3.9,89.27083333333331,Very High,True
POST_03371,Instagram,Photo,Travel,1488,333,46,21794,342,0.49,28.998441153546374,Low,False
POST_00755,Instagram,Story,Travel,5701,337,47,4501,73,1.91,27.065471551052216,Low,False
POST_01547,TikTok,Stitch,Food,39344,1057,3856,483575,2839,577.32,79.56794195250659,Very High,True
POST_00278,Facebook,Story,Lifestyle,7105,184,663,57034,787,2.05,78.02591463414635,Very High,True
POST_03317,Facebook,Video,Education,3160,17,801,64490,756,2.01,67.64481707317073,High,True
POST_03432,YouTube,Video,Gaming,1601,167,967,69858,314,2.9,23.778705636743215,Low,False
POST_03605,Instagram,Reel,Technology,5014,121,200,34570,591,1.58,55.220187061574435,Moderate,False
POST_00634,Facebook,Post,Health,4000,301,563,17282,533,2.18,62.12906504065041,Moderate,False
POST_04147,Instagram,Carousel,Technology,3582,261,269,32102,371,6.09,57.11418550272798,Moderate,False
POST_02369,Twitter,Tweet,Education,4511,242,36,26120,204,1.16,39.806338028169016,Low,False
POST_01552,Facebook,Story,Entertainment,3406,66,294,43825,71,0.8,22.441565040650406,Low,False
POST_02276,Facebook,Story,Health,2646,146,360,15128,399,1.32,40.515752032520325,Low,False
POST_03084,Facebook,Live,Gaming,3969,175,183,5188,382,1.18,37.256097560975604,Low,False
POST_03769,Instagram,Carousel,Entertainment,980,463,10,46112,430,0.88,30.863211223694464,Low,False
POST_04937,YouTube,Live,Education,18368,441,862,395961,989,49.18,42.98016701461377,Low,False
POST_04375,Facebook,Post,Sports,7706,42,138,7407,198,5.51,29.580792682926827,Low,False
POST_04819,TikTok,Stitch,Technology,49227,86,4822,379735,1115,15.71,61.6787598944591,Moderate,False
POST_03045,LinkedIn,Document,Food,1699,140,161,19708,239,3.51,64.800796812749,High,True
POST_02883,Instagram,Photo,Gaming,9387,466,117,43543,76,2.18,44.497272018706155,Low,False
POST_00183,YouTube,Video,Travel,19119,832,500,707443,3959,20.53,63.987473903966595,High,True
POST_03126,Facebook,Live,Gaming,4105,21,179,58944,767,1.37,48.3155487804878,Low,False
POST_01243,TikTok,Stitch,Entertainment,28457,874,808,482007,544,18.51,24.96042216358839,Low,False
POST_02695,YouTube,Community Post,Health,11912,44,699,370992,966,3.06,29.472860125260958,Low,False
POST_01970,Instagram,Photo,Technology,4419,362,178,6368,793,1.41,66.20810600155885,High,True
POST_04906,Instagram,Carousel,Gaming,5039,401,199,46894,47,8.44,44.54208885424785,Low,False
POST_01183,Facebook,Story,Lifestyle,2704,316,297,26466,794,31.26,62.52794715447154,Moderate,False
POST_00547,Instagram,Carousel,Education,7298,278,277,8550,967,3.49,85.41893998441152,Very High,True
POST_04884,Instagram,Story,Food,7597,340,80,23442,462,1.91,47.209664848012466,Low,False
POST_01612,LinkedIn,Post,Lifestyle,1596,75,145,16202,192,6.46,51.513944223107565,Moderate,False
POST_01528,Twitter,Thread,Travel,132,190,1140,39062,314,0.3,51.82847082494969,Moderate,False
POST_02282,Twitter,Thread,Entertainment,4938,80,350,87624,253,7.08,42.01961770623742,Low,False
POST_03900,TikTok,Video,Lifestyle,21899,852,1624,216540,1355,11.67,38.311345646437985,Low,False
POST_01719,YouTube,Video,Technology,4055,392,410,714341,968,1.05,23.977035490605424,Low,False
POST_04706,Twitter,Tweet,Gaming,4209,6,1592,55421,209,1.22,54.94466800804828,Moderate,False
POST_00808,YouTube,Live,Technology,19439,416,1257,103552,111,5.22,44.30062630480167,Low,False
POST_04085,Instagram,Reel,Travel,5243,246,50,32559,743,2.78,47.03429462197973,Low,False
POST_04044,Facebook,Post,Food,7415,241,458,69266,94,32.11,43.069105691056905,Low,False
POST_03577,Instagram,Story,Lifestyle,7180,59,151,45196,972,1.85,64.59275136399064,High,True
POST_00188,Facebook,Post,Gaming,7237,175,443,10194,605,1.72,62.365345528455286,Moderate,False
POST_03362,Twitter,Poll,Lifestyle,2589,122,805,35253,169,1.49,39.6327967806841,Low,False
POST_00731,Instagram,Story,Business,9569,107,246,42216,833,3.47,74.87724084177707,High,True
POST_01690,TikTok,Video,Gaming,47487,1549,256,159641,864,10.27,35.860817941952504,Low,False
POST_03688,Twitter,Tweet,Travel,2301,74,1385,30622,95,0.93,42.16549295774647,Low,False
POST_03302,YouTube,Short,Travel,13117,628,930,295203,1543,3.4,47.520876826722336,Low,False
POST_00459,Instagram,Carousel,Lifestyle,8458,200,282,3773,656,4.52,74.35892439594699,High,True
POST_00852,LinkedIn,Document,Fitness,933,23,105,25316,208,0.47,40.40338645418326,Low,False
POST_03509,TikTok,Duet,Lifestyle,27941,1035,4109,372278,2894,15.27,78.51583113456464,Very High,True
POST_04293,Facebook,Post,Lifestyle,2076,216,192,53218,541,5.4,42.78455284552846,Low,False
POST_03367,Twitter,Poll,Sports,427,134,1710,42573,480,5.36,71.56187122736418,High,True
POST_00260,Instagram,Reel,Fitness,3768,498,25,39951,71,2.51,25.843725643024158,Low,False
POST_02999,Twitter,Poll,Lifestyle,1831,147,384,17551,261,0.53,37.83450704225352,Low,False
POST_00309,TikTok,Stitch,Fitness,17512,1627,1262,489469,642,15.21,31.487467018469655,Low,False
POST_02725,Twitter,Poll,Gaming,2067,150,1269,29794,296,1.35,57.608148893360166,Moderate,False
POST_00410,Instagram,Reel,Sports,8616,380,36,18276,38,66.86,30.2182385035074,Low,False
POST_01262,TikTok,Duet,Fitness,42835,1976,1787,442991,291,299.86,41.619393139841684,Low,False
POST_02745,Facebook,Video,Fashion,1475,16,196,60885,649,1.19,38.96849593495935,Low,False
POST_03273,LinkedIn,Post,Lifestyle,1360,39,433,21326,41,0.99,48.56075697211155,Low,False
POST_03660,YouTube,Short,Travel,7502,370,1922,302746,2392,8.01,62.24425887265136,Moderate,False
POST_00277,TikTok,Duet,Sports,14790,205,564,15956,873,79.31,17.988126649076513,Low,False
POST_01298,Instagram,Reel,Sports,2029,205,116,18802,710,0.52,47.669524551831636,Low,False
POST_01684,TikTok,Duet,Gaming,42071,1407,1697,33273,2547,9.16,63.02770448548814,Moderate,False
POST_01597,Twitter,Poll,Gaming,2589,238,1485,18507,382,14.69,72.76911468812877,High,True
POST_04931,Twitter,Retweet,Fashion,565,271,172,49809,86,0.33,24.16247484909456,Low,False
POST_02395,TikTok,Duet,Education,15555,1740,994,279823,401,4.9,27.407651715039577,Low,False
POST_00091,Instagram,Photo,Education,6091,235,276,8937,120,5.38,52.671473109898685,Moderate,False
POST_00039,LinkedIn,Article,Sports,1681,142,450,29763,86,1.15,68.06772908366533,High,True
POST_02397,Instagram,Reel,Travel,6826,292,12,9417,171,1.9,26.917381137957907,Low,False
POST_03016,Twitter,Retweet,Entertainment,4013,14,880,46221,154,3.7,38.21428571428571,Low,False
POST_04748,Instagram,Photo,Food,8994,182,83,30994,713,102.51,53.692517537022596,Moderate,False
POST_01299,Facebook,Live,Business,7153,28,570,45513,402,25.0,51.986788617886184,Moderate,False
POST_02848,Twitter,Retweet,Education,1095,113,139,62850,477,0.28,44.886820925553316,Low,False
POST_01310,TikTok,Video,Business,13019,1420,4523,497812,1244,10.44,60.052770448548806,Moderate,False
POST_02626,YouTube,Community Post,Lifestyle,16356,856,933,270951,2210,3.99,57.90187891440502,Moderate,False
POST_02814,Instagram,Carousel,Health,1362,333,260,22391,793,0.59,69.59275136399064,High,True
POST_02342,Instagram,Carousel,Health,7333,154,7,49641,41,1.72,18.117692907248635,Low,False
POST_03407,TikTok,Video,Health,932,1932,1041,146257,944,1.66,31.748021108179415,Low,False
POST_01590,LinkedIn,Poll,Gaming,256,105,361,18926,164,0.87,56.16533864541833,Moderate,False
POST_01048,Instagram,Photo,Gaming,5955,25,276,29431,342,4.45,52.52727981293843,Moderate,False
POST_04397,Twitter,Thread,Education,3485,259,1091,47116,20,2.65,43.94617706237425,Low,False
POST_02434,Twitter,Thread,Gaming,2504,180,620,49601,126,1.8,36.5417505030181,Low,False
POST_01633,LinkedIn,Post,Education,537,107,219,28280,143,0.62,46.59362549800796,Low,False
POST_04104,Instagram,Reel,Business,365,314,79,33798,726,1.88,44.55378020265004,Low,False
POST_02635,LinkedIn,Article,Education,694,18,51,25932,181,0.17,31.96215139442231,Low,False
POST_04490,Facebook,Video,Education,3763,132,865,28418,276,1.22,53.96087398373983,Moderate,False
POST_01440,LinkedIn,Poll,Food,752,48,87,3634,196,2.2,39.08366533864541,Low,False
POST_01722,Instagram,Story,Entertainment,3937,35,294,10335,293,1.58,50.705378020265,Moderate,False
POST_02830,Instagram,Story,Entertainment,6895,344,282,17627,480,13.99,70.22408417770849,High,True
POST_00439,LinkedIn,Poll,Gaming,135,72,39,12087,208,0.08,35.32868525896414,Low,False
POST_03842,Instagram,Photo,Travel,2485,297,180,31891,438,1.11,48.98480124707716,Low,False
POST_01227,Twitter,Thread,Food,4755,83,1794,82844,225,2.45,65.35462776659959,High,True
POST_02702,YouTube,Video,Technology,16027,610,584,952449,3346,10.77,55.80375782881002,Moderate,False
POST_02048,LinkedIn,Document,Gaming,1756,33,116,20375,202,0.44,48.406374501992026,Low,False
POST_03681,TikTok,Video,Fitness,20453,1334,627,338354,1842,8.36,40.93667546174142,Low,False
POST_00773,Instagram,Carousel,Health,7480,402,135,30722,445,2.9,54.62977396726423,Moderate,False
POST_04089,TikTok,Duet,Entertainment,36592,327,2775,115230,2553,8.41,61.352242744063325,Moderate,False
POST_00661,Twitter,Poll,Technology,2235,55,1287,72094,115,2.1,40.87022132796781,Low,False
POST_01545,YouTube,Video,Lifestyle,9014,651,1819,336415,3205,3.95,70.50626304801669,High,True
POST_00967,LinkedIn,Poll,Gaming,1750,42,373,27883,75,0.96,52.39541832669323,Moderate,False
POST_02693,Instagram,Story,Sports,6678,81,122,19446,558,3.25,46.88620420888542,Low,False
POST_04762,YouTube,Short,Entertainment,15486,347,1224,529926,2886,4.09,59.14405010438413,Moderate,False
POST_02980,YouTube,Live,Technology,3691,476,1098,661951,3661,1.83,55.662839248434224,Moderate,False
POST_02912,Instagram,Story,Technology,7170,455,270,30559,633,3.85,78.03780202650039,Very High,True
POST_02159,Facebook,Post,Entertainment,6011,337,121,70319,704,2.05,59.22002032520325,Moderate,False
POST_04202,Instagram,Reel,Fitness,473,240,25,45950,459,0.62,26.219797349961027,Low,False
POST_04539,Instagram,Story,Fitness,2553,96,106,41898,507,1.05,36.65822291504287,Low,False
POST_00734,Facebook,Live,Technology,5536,259,21,13917,55,2.8,22.81758130081301,Low,False
POST_01659,Twitter,Poll,Travel,2368,101,729,93973,484,1.17,58.908450704225345,Moderate,False
POST_00180,Instagram,Photo,Fashion,6206,151,241,43602,836,1.48,71.04832424006236,High,True
POST_04002,TikTok,Video,Business,41610,829,233,236042,718,10.3,26.28957783641161,Low,False
POST_00673,Instagram,Photo,Fashion,6054,212,64,19115,320,2.4,33.74123148869836,Low,False
POST_01812,TikTok,Video,Sports,4189,122,2492,327453,2327,6.31,46.15435356200528,Low,False
POST_00169,Instagram,Story,Education,2113,48,231,26316,408,1.48,44.727201870615744,Low,False
POST_02928,YouTube,Video,Health,10970,646,482,553073,1401,2.75,37.4321503131524,Low,False
POST_04158,TikTok,Video,Education,38218,1236,4510,181375,963,10.91,62.302110817941944,Moderate,False
POST_02579,Twitter,Thread,Technology,3537,26,512,66633,272,0.95,40.057847082494966,Low,False
POST_04601,Instagram,Photo,Entertainment,3622,245,171,39246,303,0.92,43.107950116913486,Low,False
POST_00899,Instagram,Photo,Fashion,8546,207,234,21224,730,7.05,71.34450506625097,High,True
POST_03245,LinkedIn,Document,Fashion,672,90,365,8426,223,0.27,63.969123505976086,High,True
POST_03124,Facebook,Live,Gaming,313,96,229,30208,758,0.35,46.0035569105691,Low,False
POST_00387,Twitter,Retweet,Travel,703,273,1530,80509,366,0.61,67.93259557344064,High,True
POST_01489,Twitter,Thread,Sports,1120,45,722,57869,322,0.57,40.10060362173038,Low,False
POST_03060,YouTube,Community Post,Health,5388,522,979,74836,3442,5.04,54.09185803757828,Moderate,False
POST_01943,TikTok,Duet,Education,10611,1076,3559,146630,576,3.86,41.2664907651715,Low,False
POST_03729,Instagram,Story,Entertainment,1410,13,173,19015,851,1.7,51.60561184723305,Moderate,False
POST_02410,Facebook,Story,Technology,5031,305,941,64842,132,6.07,59.60619918699186,Moderate,False
POST_03800,Facebook,Post,Fashion,484,204,736,51427,194,0.54,43.22154471544715,Low,False
POST_04254,Facebook,Video,Fashion,7469,7,161,851,250,5.44,30.315040650406498,Low,False
POST_00168,Instagram,Reel,Fashion,4507,349,290,10836,967,3.18,85.25526110678099,Very High,True
POST_00293,TikTok,Video,Health,4586,392,4131,317141,918,7.46,42.46042216358839,Low,False
POST_00666,Instagram,Story,Sports,484,11,158,43498,692,1.27,43.16445830085737,Low,False
POST_02570,YouTube,Live,Sports,9365,109,1164,557420,3412,5.74,53.69519832985385,Moderate,False
POST_01306,TikTok,Video,Lifestyle,43148,340,1824,71714,2601,428.64,57.44063324538258,Moderate,False
POST_01146,TikTok,Stitch,Travel,31633,832,961,131794,2541,57.34,50.36609498680738,Moderate,False
POST_02577,YouTube,Short,Education,18120,67,675,320996,207,11.8,29.003131524008353,Low,False
POST_02941,Twitter,Poll,Travel,4795,10,1206,16987,100,1.55,42.81941649899396,Low,False
POST_01638,Instagram,Photo,Travel,9186,369,177,12348,993,7.41,80.70342946219797,Very High,True
POST_03370,LinkedIn,Document,Gaming,1830,34,264,28996,89,4.13,45.96613545816733,Low,False
POST_00790,YouTube,Video,Fashion,11145,948,757,237576,3844,7.76,63.13152400835072,Moderate,False
POST_02347,LinkedIn,Post,Lifestyle,1374,94,479,29167,228,6.17,78.55577689243027,Very High,True
POST_02993,Facebook,Post,Education,3993,97,323,4517,131,3.14,28.3765243902439,Low,False
POST_02091,TikTok,Stitch,Fashion,28044,1976,2964,29336,1810,6.84,64.24472295514512,High,True
POST_02603,LinkedIn,Poll,Business,946,118,371,19140,79,1.2,53.80976095617529,Moderate,False
POST_01467,YouTube,Live,Education,12863,353,515,800362,4353,19.37,54.75469728601252,Moderate,False
POST_02505,Instagram,Photo,Fashion,6619,33,73,22273,771,5.71,46.14380358534684,Low,False
POST_01973,Twitter,Tweet,Technology,3667,297,748,22661,60,10.39,43.18158953722334,Low,False
POST_00708,TikTok,Video,Fitness,48498,1296,1549,113304,2609,18.67,64.32387862796833,High,True
POST_04665,TikTok,Video,Sports,11376,1399,793,203752,2168,6.98,43.55540897097626,Low,False
POST_03865,Instagram,Photo,Health,4364,60,243,40319,267,1.78,45.59431021044426,Low,False
POST_00019,Twitter,Poll,Fitness,3113,173,1632,88231,81,1.88,52.99044265593561,Moderate,False
POST_03910,Twitter,Poll,Technology,599,149,1859,10857,478,2.19,75.36971830985915,High,True
POST_03033,TikTok,Video,Entertainment,45313,337,3836,365306,2832,18.2,75.74538258575197,High,True
POST_04652,LinkedIn,Article,Education,1951,72,311,8572,167,1.02,62.10159362549801,Moderate,False
POST_03478,Facebook,Live,Lifestyle,837,139,825,10773,205,0.65,44.110772357723576,Low,False
POST_04408,Instagram,Carousel,Technology,8342,294,174,15178,937,2.85,74.59469992205767,High,True
POST_01051,TikTok,Stitch,Gaming,2071,1290,1211,451288,582,3.99,23.647757255936675,Low,False
POST_03739,TikTok,Video,Travel,46976,1956,3976,115847,2275,14.33,82.34168865435356,Very High,True
POST_04750,TikTok,Video,Fashion,17266,96,3606,402010,562,6.43,35.738786279683374,Low,False
POST_02705,TikTok,Duet,Sports,44037,892,2319,480270,572,23.76,40.93007915567282,Low,False
POST_00195,Twitter,Poll,Health,3769,151,879,89406,437,1.83,64.97484909456742,High,True
POST_03467,Facebook,Video,Lifestyle,725,378,774,79671,332,0.57,57.42886178861788,Moderate,False
POST_01815,Instagram,Photo,Food,9604,430,267,25262,49,27.21,60.07014809041309,Moderate,False
POST_00888,Instagram,Carousel,Food,8417,153,179,26011,391,3.04,51.32307092751363,Moderate,False
POST_03768,Twitter,Poll,Fitness,2400,18,1452,9515,27,0.88,35.70925553319919,Low,False
POST_03548,Facebook,Post,Food,6585,120,325,68170,206,1.75,37.294207317073166,Low,False
POST_03751,TikTok,Video,Food,44647,1386,4739,87624,372,10.39,60.08575197889182,Moderate,False
POST_00222,Facebook,Video,Fitness,5780,145,85,57983,414,4.71,36.9359756097561,Low,False
POST_04982,Instagram,Photo,Gaming,5386,200,298,47996,452,1.91,64.57131722525331,High,True
POST_03962,Twitter,Retweet,Technology,3521,126,527,38345,321,1.96,48.75503018108652,Low,False
POST_00051,YouTube,Live,Technology,8730,466,387,283187,3255,2.93,43.45511482254697,Low,False
POST_03100,Twitter,Poll,Lifestyle,1141,177,1773,63323,79,6.24,49.08953722334004,Low,False
POST_04551,YouTube,Short,Travel,18083,277,467,804959,3792,4.96,52.85490605427974,Moderate,False
POST_03866,Twitter,Poll,Travel,912,290,1498,18355,107,0.57,51.267605633802816,Moderate,False
POST_01064,Twitter,Retweet,Technology,2983,177,324,53509,368,20.66,49.09708249496982,Low,False
POST_03547,Instagram,Reel,Health,1469,108,63,12328,830,0.36,41.24123148869836,Low,False
POST_00775,TikTok,Duet,Fitness,22312,1255,2281,390939,2689,5.29,62.77374670184697,Moderate,False
POST_04106,LinkedIn,Poll,Fashion,1305,127,350,10458,48,0.63,51.27490039840637,Moderate,False
POST_04442,TikTok,Stitch,Food,42262,1465,4681,118742,2521,95.68,84.78891820580475,Very High,True
POST_01050,Instagram,Story,Business,8062,258,212,7577,860,1.82,74.54988308651598,High,True
POST_04111,Facebook,Post,Technology,7901,312,813,3748,480,4.66,76.54217479674796,High,True
POST_03516,YouTube,Short,Health,13388,681,990,942967,2031,305.46,53.34029227557411,Moderate,False
POST_04981,YouTube,Live,Gaming,19219,610,1448,135229,4737,18.56,82.91231732776619,Very High,True
POST_02326,YouTube,Community Post,Travel,7134,579,38,736588,384,3.24,18.037578288100207,Low,False
POST_02471,Instagram,Story,Fitness,8053,16,69,24990,338,30.02,31.551052221356198,Low,False
POST_01661,Facebook,Live,Lifestyle,3403,123,92,10232,580,4.19,39.40548780487805,Low,False
POST_00882,LinkedIn,Document,Health,1236,5,179,22027,179,0.5,42.14641434262948,Low,False
POST_02952,LinkedIn,Post,Food,1764,1,3,16069,229,0.62,39.611553784860554,Low,False
POST_00538,Instagram,Carousel,Health,4100,405,147,21162,830,1.11,64.80319563522994,High,True
POST_02464,Facebook,Live,Sports,7327,247,357,59370,233,4.84,45.289634146341456,Low,False
POST_00955,Twitter,Thread,Business,746,238,982,10840,221,1.49,46.41096579476861,Low,False
POST_00157,LinkedIn,Post,Business,487,125,26,11445,104,0.2,30.72709163346613,Low,False
POST_03058,Instagram,Story,Entertainment,4013,203,92,45515,668,2.09,46.6348402182385,Low,False
POST_00406,TikTok,Video,Education,20645,1876,3648,211422,507,16.99,50.14841688654354,Moderate,False
POST_04913,Facebook,Live,Travel,4463,275,762,71892,46,1.28,47.72103658536586,Low,False
POST_00586,Instagram,Photo,Health,1544,161,295,36056,861,93.02,71.34255650818395,High,True
POST_04542,Facebook,Live,Entertainment,7058,66,854,18043,787,5.08,79.61890243902438,Very High,True
POST_04480,Facebook,Post,Gaming,2780,382,650,73812,771,0.95,76.01880081300811,High,True
POST_04603,YouTube,Short,Travel,16201,371,1054,884003,4873,12.08,70.88726513569937,High,True
POST_01446,Instagram,Photo,Gaming,3154,264,88,27047,274,1.06,32.692907248636004,Low,False
POST_02153,LinkedIn,Document,Lifestyle,361,70,39,1620,112,0.61,26.200199203187246,Low,False
POST_04335,Twitter,Retweet,Education,264,39,732,5734,76,0.5,20.364688128772634,Low,False
POST_03861,TikTok,Duet,Technology,7104,1016,3210,104524,615,264.78,37.14709762532982,Low,False
POST_03463,Facebook,Video,Business,2605,289,288,56998,749,2.29,59.22002032520325,Moderate,False
POST_04110,Facebook,Post,Health,2847,133,11,28275,760,0.94,43.8770325203252,Low,False
POST_04170,Instagram,Reel,Technology,2622,438,158,2627,877,4.42,66.34840218238503,High,True
POST_00679,YouTube,Video,Education,6659,103,1932,628901,31,5.09,40.72546972860125,Low,False
POST_03416,Facebook,Story,Gaming,4495,226,615,47231,492,1.25,60.302337398373986,Moderate,False
POST_02351,Facebook,Post,Health,4316,68,419,47694,754,5.65,58.33333333333333,Moderate,False
POST_04523,TikTok,Stitch,Health,33864,1921,1455,419809,2595,9.3,63.469656992084424,Moderate,False
POST_03274,Facebook,Live,Health,5849,339,974,70307,542,1.98,81.8826219512195,Very High,True
POST_02825,Twitter,Retweet,Fashion,2412,51,1298,77907,50,1.81,36.398390342052316,Low,False
POST_00728,TikTok,Stitch,Education,41035,1375,2820,41719,2439,59.69,69.49538258575198,High,True
POST_02508,Twitter,Poll,Business,2462,115,837,96211,406,0.99,56.21730382293762,Moderate,False
POST_03760,TikTok,Video,Sports,6931,13,3467,207192,2630,2.18,56.2631926121372,Moderate,False
POST_03965,Instagram,Photo,Fashion,6773,210,237,4142,779,9.27,71.18277474668744,High,True
POST_04451,Twitter,Tweet,Entertainment,3391,129,998,7844,174,36.72,45.671529175050296,Low,False
POST_01932,Facebook,Live,Gaming,3132,335,80,14866,324,0.94,34.58079268292683,Low,False
POST_04827,LinkedIn,Poll,Lifestyle,1120,94,53,28326,282,1.2,54.437250996015926,Moderate,False
POST_00403,Facebook,Video,Sports,4650,389,420,11202,794,1.22,72.79471544715447,High,True
POST_02493,TikTok,Duet,Sports,20850,1993,1143,122828,1019,9.64,40.145118733509236,Low,False
POST_01867,Instagram,Story,Fashion,8577,67,256,41343,562,3.01,64.24006235385814,High,True
POST_03880,Instagram,Photo,Education,6310,140,297,46080,110,1.45,52.48246297739673,Moderate,False
POST_00340,Instagram,Story,Gaming,4958,331,134,47546,491,2.11,50.30007794232267,Moderate,False
POST_02585,Facebook,Post,Technology,6732,248,507,7889,247,10.04,49.86026422764227,Low,False
POST_00838,Twitter,Tweet,Health,826,42,893,7820,325,0.84,42.18561368209255,Low,False
POST_01417,Instagram,Story,Travel,6042,55,35,15840,598,12.04,35.8398285268901,Low,False
POST_01017,Instagram,Photo,Education,1749,416,17,30213,145,1.19,22.084957131722526,Low,False
POST_03056,YouTube,Video,Gaming,12591,21,270,21180,2795,3.25,33.73695198329854,Low,False
POST_02923,TikTok,Duet,Fitness,42659,321,1281,117661,2277,10.42,49.142480211081796,Low,False
POST_04358,Facebook,Live,Travel,7371,223,359,61252,317,96.74,48.353658536585364,Low,False
POST_01053,YouTube,Short,Business,11800,420,314,580779,4928,2.59,55.407098121085596,Moderate,False
POST_01918,Facebook,Post,Lifestyle,6083,241,480,46111,157,2.72,43.93038617886179,Low,False
POST_01535,Twitter,Poll,Lifestyle,1853,292,1450,61482,255,1.15,63.30231388329979,Moderate,False
POST_00460,Instagram,Photo,Travel,7451,145,197,18405,564,19.52,58.33787996882307,Moderate,False
POST_02454,Twitter,Poll,Lifestyle,127,69,1972,65577,148,1.98,48.33249496981891,Low,False
POST_03298,Instagram,Story,Technology,7309,187,206,43870,716,4.12,65.28643803585346,High,True
POST_03891,TikTok,Duet,Health,44045,1364,699,127194,797,12.64,35.4221635883905,Low,False
POST_04649,TikTok,Stitch,Education,42738,573,2300,205357,2588,40.37,61.93601583113456,Moderate,False
POST_03308,Instagram,Reel,Lifestyle,5360,361,69,2362,788,1.27,54.639516757599374,Moderate,False
POST_03137,LinkedIn,Post,Entertainment,384,52,213,8732,95,0.17,33.87450199203187,Low,False
POST_00122,TikTok,Video,Gaming,32599,1697,3085,204867,956,8.3,53.65435356200528,Moderate,False
POST_00793,Facebook,Story,Sports,5777,262,490,72227,12,13.29,37.88363821138211,Low,False
POST_03919,LinkedIn,Article,Technology,772,127,300,21560,103,0.29,51.1105577689243,Moderate,False
POST_04263,Twitter,Poll,Sports,4992,275,1781,47205,333,1.6,82.72132796780683,Very High,True
POST_02884,Instagram,Photo,Health,5180,460,219,17205,677,3.32,70.74629773967264,High,True
POST_04611,Twitter,Poll,Fashion,3631,84,1925,8075,367,2.37,74.6076458752515,High,True
POST_02644,Facebook,Post,Education,4417,344,995,67350,617,1.38,83.48069105691056,Very High,True
POST_03177,LinkedIn,Article,Entertainment,1596,22,111,10042,37,1.8,25.796812749003983,Low,False
POST_01678,Twitter,Poll,Technology,309,292,487,80845,238,0.62,40.31187122736418,Low,False
POST_03217,Instagram,Reel,Gaming,782,285,278,32809,522,0.31,59.90257209664848,Moderate,False
POST_04242,Twitter,Poll,Fashion,1518,107,784,53929,462,5.99,56.1871227364185,Moderate,False
POST_00374,LinkedIn,Poll,Business,1091,35,76,11683,293,0.5,51.28486055776893,Moderate,False
POST_02250,Instagram,Story,Gaming,8250,105,296,42174,913,4.13,81.94076383476228,Very High,True
POST_03017,LinkedIn,Document,Lifestyle,1374,45,175,27290,201,0.98,49.43725099601593,Low,False
POST_02506,Instagram,Reel,Lifestyle,8897,278,224,8199,638,2.77,70.37412314886984,High,True
POST_03692,Facebook,Video,Technology,6403,229,699,63394,584,4.23,71.24745934959348,High,True
POST_01401,Instagram,Story,Gaming,7504,454,89,44849,28,2.33,36.60366328916602,Low,False
POST_03803,TikTok,Video,Sports,38293,1879,3817,22021,214,28.12,53.79947229551452,Moderate,False
POST_03351,Instagram,Carousel,Education,6673,75,21,19524,959,5.52,48.19173811379579,Low,False
POST_00582,YouTube,Community Post,Business,502,760,1202,3631,2206,0.75,49.493736951983294,Low,False
POST_03885,TikTok,Video,Travel,15059,111,3368,442474,2941,30.28,62.84300791556727,Moderate,False
POST_02772,Twitter,Tweet,Fitness,2879,53,269,82122,197,1.57,29.57746478873239,Low,False
POST_04252,Instagram,Story,Health,2030,279,29,23930,822,1.42,43.437256430241625,Low,False
POST_01628,Facebook,Video,Technology,5382,125,878,63199,619,16.9,73.19867886178861,High,True
POST_00558,Instagram,Photo,Sports,6034,468,296,44331,372,5.73,70.22018706157444,High,True
POST_03598,Facebook,Live,Education,3503,177,828,12913,85,3.51,45.708841463414636,Low,False
POST_04546,TikTok,Video,Lifestyle,17560,242,1850,197711,723,12.64,26.56992084432718,Low,False
POST_00121,TikTok,Duet,Food,27009,1237,838,15360,994,11.48,33.71701846965699,Low,False
POST_01623,Facebook,Video,Technology,7340,239,291,31796,394,25.88,50.726626016260155,Moderate,False
POST_00251,Twitter,Poll,Fitness,552,153,1130,26474,492,1.33,63.63933601609657,Moderate,False
POST_01499,Twitter,Poll,Food,1582,90,909,23568,308,0.71,46.44617706237424,Low,False
POST_02897,Facebook,Post,Education,459,285,945,5956,400,0.54,62.57621951219512,Moderate,False
POST_03710,YouTube,Live,Health,7395,16,1896,680864,2808,3.61,58.72651356993737,Moderate,False
POST_02526,Twitter,Thread,Education,2934,97,110,78818,147,7.12,25.779678068410462,Low,False
POST_00993,Twitter,Poll,Sports,3720,73,356,69206,153,1.28,31.770623742454728,Low,False
POST_00927,Twitter,Poll,Business,4893,17,16,10290,216,1.51,30.090543259557347,Low,False
POST_01921,LinkedIn,Article,Entertainment,493,17,180,21203,274,0.38,49.53685258964143,Low,False
POST_02957,LinkedIn,Post,Fashion,1993,4,119,8714,237,3.89,50.58764940239045,Moderate,False
POST_04117,YouTube,Community Post,Education,7179,784,1695,764008,1942,8.19,61.18997912317327,Moderate,False
POST_02064,Facebook,Story,Travel,7801,276,860,67353,167,1.87,62.46951219512196,Moderate,False
POST_01835,TikTok,Duet,Lifestyle,15801,1563,2709,386422,871,9.66,43.97757255936675,Low,False
POST_03070,LinkedIn,Document,Technology,139,115,451,26025,49,3.03,49.721115537848604,Low,False
POST_01267,Twitter,Thread,Food,3623,37,851,87437,410,11.6,56.104124748490946,Moderate,False
POST_03874,TikTok,Video,Entertainment,19097,1725,1589,22060,994,112.27,40.12532981530343,Low,False
POST_00516,Instagram,Photo,Business,5663,51,257,23987,695,80.81,63.897116134060795,Moderate,False
POST_02157,Instagram,Reel,Sports,2423,329,239,14812,625,2.4,63.404130943102096,Moderate,False
POST_01428,YouTube,Community Post,Fashion,4868,24,224,321762,4603,2.84,40.24008350730689,Low,False
POST_03627,Instagram,Story,Health,4028,256,151,31813,199,27.77,38.60872954014029,Low,False
POST_00054,TikTok,Stitch,Travel,6587,1310,4788,429326,1522,8.95,61.93271767810026,Moderate,False
POST_04062,Instagram,Story,Food,8509,16,74,38379,883,2.13,52.461028838659395,Moderate,False
POST_00552,TikTok,Video,Travel,42411,1942,4522,475328,1775,231.03,78.93139841688654,Very High,True
POST_01026,Facebook,Live,Fashion,7084,318,240,60862,770,2.14,67.64481707317073,High,True
POST_03356,Instagram,Story,Fitness,9505,294,288,36015,404,2.08,70.32930631332813,High,True
POST_04382,Instagram,Carousel,Sports,2504,55,176,4308,270,1.26,34.980514419329694,Low,False
POST_01766,Twitter,Retweet,Sports,4050,131,153,14105,213,3.76,36.021126760563384,Low,False
POST_03852,Instagram,Carousel,Travel,1833,459,68,28110,567,1.07,44.4173811379579,Low,False
POST_01504,Twitter,Tweet,Technology,2475,276,1253,12447,199,1.35,56.99698189134808,Moderate,False
POST_00347,Facebook,Video,Entertainment,2090,305,560,46015,161,1.31,41.77845528455285,Low,False
POST_03851,Twitter,Retweet,Travel,3338,207,349,4901,290,8.64,46.74547283702213,Low,False
POST_03890,Twitter,Tweet,Travel,1560,72,346,31558,420,2.47,43.511066398390334,Low,False
POST_03077,YouTube,Community Post,Sports,14425,169,1064,584667,1572,3.68,44.5250521920668,Low,False
POST_01412,Instagram,Story,Food,708,220,48,12622,829,4.75,41.915432579890876,Low,False
POST_03789,Instagram,Story,Education,2455,232,253,16158,882,0.73,70.9489477786438,High,True
POST_03151,Facebook,Video,Entertainment,5998,398,399,65938,82,1.85,43.52134146341463,Low,False
POST_02393,Twitter,Poll,Fashion,2433,160,491,30655,229,0.72,40.503018108651915,Low,False
POST_01642,TikTok,Video,Gaming,27981,1971,2549,116513,1480,14.42,57.36807387862797,Moderate,False
POST_01047,Instagram,Reel,Sports,6149,451,182,13512,478,7.19,60.28643803585347,Moderate,False
POST_04132,Instagram,Story,Business,5743,70,81,15235,941,1.93,53.408028059236166,Moderate,False
POST_00799,LinkedIn,Post,Entertainment,1115,31,237,3555,152,0.35,45.946215139442224,Low,False
POST_02878,Instagram,Story,Lifestyle,543,451,213,49129,163,0.55,44.79345284489477,Low,False
POST_04093,Facebook,Video,Fitness,7110,200,280,1995,791,1.66,65.45223577235772,High,True
POST_02665,Facebook,Video,Health,6435,163,66,31062,430,2.7,38.98882113821138,Low,False
POST_00759,TikTok,Video,Lifestyle,33547,212,3732,148092,1179,33.0,50.99274406332452,Moderate,False
POST_00753,Facebook,Story,Business,7933,251,244,44181,211,3.1,42.228150406504064,Low,False
POST_02544,Facebook,Post,Gaming,3793,33,601,45388,510,7.44,51.946138211382106,Moderate,False
POST_00127,TikTok,Duet,Education,25202,1675,1158,62803,2929,37.8,61.784300791556724,Moderate,False
POST_02176,TikTok,Stitch,Business,10767,737,1175,421675,547,103.6,21.121372031662272,Low,False
POST_02108,YouTube,Community Post,Fitness,18190,655,1033,31579,260,51.71,44.70250521920668,Low,False
POST_04822,Twitter,Poll,Gaming,4563,282,297,73939,207,1.11,46.70774647887323,Low,False
POST_03923,TikTok,Stitch,Education,41949,188,1999,77721,2560,10.56,56.57981530343007,Moderate,False
POST_04053,TikTok,Video,Health,30687,632,3844,343655,347,8.04,43.443271767810025,Low,False
POST_01448,TikTok,Video,Food,10786,1162,1314,315360,515,3.44,25.0,Low,False
POST_01027,TikTok,Video,Sports,36253,1970,1985,37556,2477,19.49,66.61609498680738,High,True
POST_00295,Instagram,Carousel,Education,3369,277,112,4409,857,1.58,56.767342166796574,Moderate,False
POST_00540,Instagram,Carousel,Travel,9918,276,215,40903,278,2.29,57.78838659392049,Moderate,False
POST_00075,LinkedIn,Article,Sports,741,80,42,2025,259,0.59,46.78286852589641,Low,False
POST_00185,Twitter,Tweet,Business,1223,41,780,45732,12,0.81,19.52213279678068,Low,False
POST_04045,Twitter,Retweet,Entertainment,1853,294,96,25783,208,0.53,36.00855130784708,Low,False
POST_04993,Twitter,Tweet,Sports,4562,120,1743,66546,253,5.47,67.24849094567405,High,True
POST_03252,Instagram,Story,Travel,6503,53,285,35353,805,30.95,72.58768511301636,High,True
POST_02900,Instagram,Carousel,Gaming,2914,126,36,34285,604,2.81,33.749025720966486,Low,False
POST_02918,TikTok,Video,Sports,3637,294,741,480521,999,2.08,19.063324538258573,Low,False
POST_02402,Instagram,Photo,Education,5312,350,43,34942,594,1.15,44.76032735775526,Low,False
POST_04201,TikTok,Video,Education,40867,75,2312,383936,1117,23.4,40.84102902374669,Low,False
POST_03518,Twitter,Thread,Gaming,3095,67,1088,92016,291,4.0,51.85865191146881,Moderate,False
POST_02908,Instagram,Story,Food,1362,494,63,45033,789,0.51,51.07950116913484,Moderate,False
POST_02946,Instagram,Carousel,Gaming,8889,366,155,43526,983,2.03,77.32657833203429,Very High,True
POST_02268,LinkedIn,Post,Fashion,218,3,240,14113,236,0.11,44.73605577689243,Low,False
POST_02480,TikTok,Stitch,Gaming,11037,1507,3013,478354,830,5.1,43.63786279683377,Low,False
POST_01983,Facebook,Post,Entertainment,7568,167,613,31112,31,11.13,43.396849593495936,Low,False
POST_00138,LinkedIn,Post,Travel,547,53,366,17424,23,1.22,36.678286852589636,Low,False
POST_04967,YouTube,Short,Fitness,17169,638,1619,940035,1506,4.28,62.18684759916492,Moderate,False
POST_01082,Instagram,Photo,Entertainment,5253,19,135,9169,642,27.21,46.69329696024941,Low,False
POST_04801,Instagram,Reel,Sports,9305,473,180,47220,968,2.6,82.97349961028839,Very High,True
POST_01996,LinkedIn,Post,Business,1983,49,165,3633,158,0.62,49.49701195219124,Low,False
POST_02184,Twitter,Thread,Travel,476,224,558,22500,8,0.45,23.00301810865191,Low,False
POST_01953,Facebook,Live,Gaming,6579,318,232,33978,698,2.67,63.55436991869918,Moderate,False
POST_01986,Instagram,Story,Travel,7788,269,189,22066,829,2.85,70.72096648480124,High,True
POST_01592,YouTube,Live,Fashion,472,560,1755,619531,550,0.94,44.2536534446764,Low,False
POST_03938,Instagram,Story,Lifestyle,3166,294,206,22734,849,0.83,67.26812159002338,High,True
POST_00891,LinkedIn,Poll,Entertainment,1475,147,103,7440,155,0.65,50.60258964143426,Moderate,False
POST_00815,TikTok,Video,Fashion,23604,429,3699,454657,811,323.52,43.89182058047493,Low,False
POST_00833,Instagram,Reel,Food,1130,101,199,8314,156,0.72,33.06508183943881,Low,False
POST_04923,Facebook,Live,Lifestyle,3357,236,972,22425,457,1.09,68.98628048780488,High,True
POST_04709,TikTok,Stitch,Food,15271,1254,2194,352938,2824,5.25,61.47757255936674,Moderate,False
POST_00140,YouTube,Video,Gaming,18790,743,873,935073,4376,4.39,70.73068893528183,High,True
POST_00348,Instagram,Carousel,Gaming,6374,18,181,45335,785,1.55,58.106001558846444,Moderate,False
POST_03872,Instagram,Carousel,Entertainment,5270,429,62,1706,933,10.0,60.41893998441152,Moderate,False
POST_04478,Twitter,Tweet,Fitness,4480,182,738,45001,153,13.08,45.706740442655935,Low,False
POST_01594,Instagram,Photo,Fashion,9482,227,99,34747,540,2.4,51.60171473109898,Moderate,False
POST_01114,Facebook,Live,Business,7826,306,609,77002,663,2.12,77.3805894308943,Very High,True
POST_01149,TikTok,Video,Food,21718,60,3774,414355,1588,23.86,51.02902374670184,Moderate,False
POST_02044,Instagram,Reel,Education,3167,5,167,48872,228,1.25,32.008963367108336,Low,False
POST_00503,Twitter,Thread,Fitness,53,285,1846,34902,98,15.87,53.24446680080482,Moderate,False
POST_01163,Twitter,Tweet,Sports,3657,176,104,17285,267,1.5,40.22132796780684,Low,False
POST_02893,TikTok,Video,Fashion,45300,1860,754,285981,2910,17.55,66.09498680738785,High,True
POST_01332,LinkedIn,Document,Business,1076,29,363,22635,35,0.6,40.0199203187251,Low,False
POST_00164,Facebook,Live,Fashion,587,16,601,25378,35,0.28,24.021849593495933,Low,False
POST_04674,Instagram,Story,Lifestyle,2660,67,81,3569,352,0.69,27.696804364770067,Low,False
POST_03080,YouTube,Community Post,Business,18395,942,1848,651099,444,16.68,64.23277661795407,High,True
POST_04081,LinkedIn,Poll,Entertainment,1913,17,389,4609,11,0.82,43.13247011952191,Low,False
POST_03201,Facebook,Story,Travel,3173,182,563,66065,366,9.56,48.203760162601625,Low,False
POST_04924,TikTok,Video,Travel,9018,1841,1841,105120,141,5.78,29.755936675461736,Low,False
POST_03503,YouTube,Live,Business,13873,125,1399,660216,1095,80.21,45.3705636743215,Low,False
POST_01155,Facebook,Live,Fashion,6431,94,983,6080,156,4.11,56.83180894308942,Moderate,False
POST_01196,TikTok,Video,Entertainment,21487,998,134,469995,2535,10.1,43.41029023746702,Low,False
POST_03337,YouTube,Live,Food,14428,93,595,287876,1309,12.03,33.06367432150313,Low,False
POST_03279,Twitter,Retweet,Sports,3351,277,217,35754,477,1.0,61.58199195171026,Moderate,False
POST_01574,TikTok,Video,Lifestyle,42008,53,2099,318062,77,14.85,27.377968337730866,Low,False
POST_00699,Instagram,Carousel,Technology,2540,218,221,21265,765,1.72,62.74162120031177,Moderate,False
POST_00630,Twitter,Tweet,Lifestyle,4890,121,1943,94926,295,1.91,75.2238430583501,High,True
POST_01444,Twitter,Tweet,Lifestyle,4701,130,260,24461,235,3.01,41.29275653923541,Low,False
POST_00243,YouTube,Live,Fashion,4398,738,487,936280,3770,2.59,49.906054279749476,Moderate,False
POST_04735,Twitter,Thread,Health,1674,259,1560,23134,355,0.98,70.1307847082495,High,True
POST_04712,Facebook,Story,Sports,737,50,895,18289,116,0.47,39.598577235772346,Low,False
POST_00843,Instagram,Reel,Entertainment,2448,75,231,45680,799,0.77,60.32930631332813,Moderate,False
POST_01632,Twitter,Retweet,Health,4547,197,1752,46564,451,3.24,85.81237424547284,Very High,True
POST_00783,Twitter,Tweet,Health,3659,81,1334,68641,22,8.79,40.269114688128774,Low,False
POST_04174,Facebook,Live,Food,7279,344,990,22724,56,14.5,63.42987804878049,Moderate,False
POST_01160,Instagram,Photo,Fitness,4675,192,258,1153,145,1.38,47.83515198752922,Low,False
POST_04905,YouTube,Short,Health,11551,159,947,177968,2047,7.82,42.954070981210855,Low,False
POST_00465,YouTube,Live,Travel,16782,846,903,320733,291,7.97,43.66388308977035,Low,False
POST_04764,Instagram,Story,Entertainment,4628,220,159,19598,250,1.64,40.72486360093531,Low,False
POST_02211,TikTok,Duet,Health,31451,1311,1089,215087,2719,71.97,57.47361477572559,Moderate,False
POST_03562,TikTok,Video,Education,16915,1996,967,493812,1717,5.25,45.22097625329815,Low,False
POST_00738,TikTok,Duet,Travel,2940,1773,2967,203382,1024,2.02,46.269788918205805,Low,False
POST_04150,TikTok,Stitch,Sports,36594,688,1303,166424,791,94.13,31.54683377308707,Low,False
POST_04461,Twitter,Retweet,Fitness,2720,77,162,95292,326,42.35,37.912474849094565,Low,False
POST_02315,YouTube,Video,Technology,3440,242,1578,126212,122,1.51,35.010438413361165,Low,False
POST_02404,Twitter,Tweet,Entertainment,333,219,1996,17767,257,1.12,64.84657947686117,High,True
POST_03543,Instagram,Reel,Lifestyle,3584,354,18,6085,744,5.0,44.37061574434918,Low,False
POST_02619,TikTok,Video,Travel,17852,1675,3820,71573,1432,6.13,60.4551451187335,Moderate,False
POST_02335,Instagram,Story,Food,1795,414,297,20661,77,0.9,52.55261106780982,Moderate,False
POST_00562,Instagram,Reel,Travel,975,348,85,39851,680,7.39,45.937256430241625,Low,False
POST_03408,YouTube,Live,Fashion,11912,293,1682,2076,1391,5.82,53.00104384133611,Moderate,False
POST_04221,Twitter,Thread,Entertainment,1201,186,802,32210,327,0.49,49.851609657947684,Low,False
POST_01137,TikTok,Stitch,Gaming,28905,780,3617,400771,1139,163.61,52.160290237467024,Moderate,False
POST_04823,Twitter,Poll,Fitness,2524,143,1634,87679,257,1.66,61.67505030181086,Moderate,False
POST_00730,Instagram,Carousel,Travel,7207,320,259,22709,356,1.96,62.50974279033515,Moderate,False
POST_04278,Twitter,Poll,Fitness,2207,68,1019,49951,22,1.73,29.444164989939637,Low,False
POST_00131,Twitter,Poll,Business,4818,48,226,51708,162,1.54,31.805835010060363,Low,False
POST_00273,TikTok,Video,Sports,25462,748,969,452812,571,5.56,24.337071240105537,Low,False
POST_03969,Facebook,Post,Lifestyle,7167,341,756,48409,172,2.46,60.754573170731696,Moderate,False
POST_03421,TikTok,Video,Education,34926,1449,3341,354835,1920,141.88,65.8179419525066,High,True
POST_01173,Facebook,Post,Health,3671,151,409,6050,76,0.87,29.898373983739834,Low,False
POST_03997,Twitter,Retweet,Travel,2445,186,430,17552,7,5.07,24.81136820925553,Low,False
POST_04527,LinkedIn,Poll,Technology,533,147,464,29868,241,0.27,78.55079681274898,Very High,True
POST_00782,Facebook,Video,Business,7911,212,503,32945,436,6.96,59.91361788617886,Moderate,False
POST_02283,Facebook,Live,Entertainment,668,32,28,63734,208,0.22,12.253556910569104,Low,False
POST_00723,Instagram,Photo,Sports,6311,13,87,6586,249,7.21,28.23655494933749,Low,False
POST_04417,Twitter,Tweet,Entertainment,4062,189,977,13016,60,1.52,42.86468812877263,Low,False
POST_01407,TikTok,Stitch,Business,38307,721,1223,61152,1441,31.52,40.11543535620052,Low,False
POST_02128,Instagram,Carousel,Business,4420,362,21,41598,959,5.94,53.61652377240842,Moderate,False
POST_04187,Instagram,Photo,Entertainment,925,19,212,12593,552,0.36,45.30592361652377,Low,False
POST_03372,Facebook,Story,Technology,4590,202,205,5224,687,1.22,54.067581300813,Moderate,False
POST_03556,Facebook,Post,Lifestyle,6010,170,123,1811,512,2.7,44.458841463414636,Low,False
POST_03132,TikTok,Video,Fashion,21177,913,4600,467745,2648,48.26,75.64313984168865,High,True
POST_04793,Instagram,Reel,Gaming,3763,64,120,35066,480,1.0,38.343725643024165,Low,False
POST_00608,Twitter,Retweet,Sports,689,207,314,52798,271,0.33,36.8284708249497,Low,False
POST_03986,YouTube,Community Post,Education,10640,178,326,456592,37,7.92,17.197286012526096,Low,False
POST_03987,Instagram,Reel,Gaming,2583,371,17,46427,444,1.38,32.574045206547154,Low,False
POST_00689,TikTok,Duet,Food,48063,1256,4979,212537,1221,12.59,72.0910290237467,High,True
POST_03429,TikTok,Stitch,Health,10104,1622,4446,460216,297,3.86,48.040897097625326,Low,False
POST_03766,Twitter,Retweet,Fashion,1362,243,1696,43042,14,1.11,46.82092555331992,Low,False
POST_01470,TikTok,Stitch,Lifestyle,31658,947,4470,48585,2944,8.41,81.40501319261213,Very High,True
POST_01502,Facebook,Video,Fashion,5023,273,405,11823,163,3.3,40.98577235772357,Low,False
POST_02932,LinkedIn,Article,Sports,259,80,285,25273,224,0.41,54.72111553784861,Moderate,False
POST_01278,YouTube,Community Post,Gaming,1908,380,935,537630,3669,0.73,49.373695198329855,Low,False
POST_01188,Instagram,Carousel,Business,9913,172,238,26704,14,47.75,47.9423226812159,Low,False
POST_00579,Facebook,Story,Sports,2893,343,559,30227,188,0.8,45.67327235772357,Low,False
POST_03257,LinkedIn,Document,Education,1834,143,392,13771,94,0.96,66.50398406374502,High,True
POST_02492,Instagram,Carousel,Gaming,5649,79,231,46709,64,1.77,39.81293842556507,Low,False
POST_01229,YouTube,Short,Sports,17810,395,1148,460099,20,27.08,40.02087682672233,Low,False
POST_01245,TikTok,Stitch,Lifestyle,30757,737,580,122339,1202,8.21,31.00923482849604,Low,False
POST_00351,Facebook,Live,Health,3122,221,597,11328,550,0.85,59.26067073170731,Moderate,False
POST_04018,TikTok,Stitch,Entertainment,15804,1927,1376,429388,207,4.72,29.624010554089708,Low,False
POST_00752,YouTube,Video,Sports,11690,842,163,875113,590,4.16,28.763048016701457,Low,False
POST_04749,Twitter,Thread,Gaming,1698,280,1962,71184,463,1.43,86.40845070422533,Very High,True
POST_01625,Instagram,Story,Business,5353,49,244,23854,955,1.22,71.03858144972719,High,True
POST_00074,TikTok,Stitch,Lifestyle,6157,1293,2712,180050,2352,7.05,56.92282321899735,Moderate,False
POST_01999,Instagram,Story,Food,1592,259,76,15030,196,1.77,25.77942322681216,Low,False
POST_03581,Facebook,Video,Gaming,6318,237,695,15855,143,2.33,51.63871951219512,Moderate,False
POST_01415,Facebook,Story,Entertainment,4551,383,490,10747,192,43.92,48.27743902439025,Low,False
POST_01450,LinkedIn,Document,Business,900,67,439,13193,30,0.78,46.76294820717131,Low,False
POST_02887,Facebook,Video,Technology,7625,387,57,50221,414,1.77,49.047256097560975,Low,False
POST_03618,TikTok,Stitch,Technology,48699,671,3192,349638,1678,54.17,60.128627968337724,Moderate,False
POST_02628,LinkedIn,Post,Education,1264,84,414,18398,53,3.2,52.246015936254985,Moderate,False
POST_01180,Facebook,Live,Travel,7171,40,875,49303,567,25.83,70.90193089430895,High,True
POST_01519,Instagram,Story,Entertainment,5232,414,280,38846,595,1.63,73.67498051441933,High,True
POST_04459,Twitter,Poll,Travel,4986,258,132,96387,149,1.5,39.94215291750503,Low,False
POST_01609,Instagram,Reel,Fitness,511,346,118,39053,373,0.66,37.82930631332813,Low,False
POST_04779,Instagram,Story,Education,546,58,176,43805,800,0.2,50.64497272018706,Moderate,False
POST_03134,Facebook,Story,Health,4787,69,709,12160,538,3.15,61.03150406504064,Moderate,False
POST_01753,Instagram,Photo,Fashion,2843,391,171,38193,707,5.32,60.77357755261106,Moderate,False
POST_00398,Twitter,Retweet,Sports,653,168,1022,26968,49,0.59,31.770623742454728,Low,False
POST_01857,TikTok,Video,Gaming,49949,41,4894,67355,598,26.89,54.9934036939314,Moderate,False
POST_01576,Instagram,Carousel,Sports,4163,107,71,24682,660,12.46,41.05416991426344,Low,False
POST_04227,Twitter,Retweet,Sports,3032,138,1938,53762,141,3.65,59.59004024144869,Moderate,False
POST_01804,Twitter,Thread,Travel,769,174,305,38463,403,0.39,44.44668008048289,Low,False
POST_01669,Instagram,Story,Sports,5426,47,243,2077,104,1.72,41.356196414653155,Low,False
POST_03475,TikTok,Video,Health,17244,783,1572,28115,1007,110.39,32.18667546174142,Low,False
POST_03810,Instagram,Carousel,Gaming,1675,376,176,30325,575,6.74,54.779812938425565,Moderate,False
POST_03435,LinkedIn,Article,Travel,388,139,137,19661,113,6.1,39.741035856573696,Low,False
POST_00965,Twitter,Poll,Lifestyle,136,11,1108,3693,436,0.27,50.18360160965795,Moderate,False
POST_02973,TikTok,Stitch,Food,6493,1424,740,157531,2279,5.14,42.889182058047496,Low,False
POST_02467,Twitter,Thread,Entertainment,1360,155,1833,27013,99,6.06,51.13933601609658,Moderate,False
POST_02924,Instagram,Photo,Health,5987,51,280,30931,739,16.93,68.51909586905688,High,True
POST_00879,Instagram,Story,Entertainment,8608,436,159,14381,95,2.62,48.15276695245518,Low,False
POST_00455,Instagram,Carousel,Lifestyle,6842,344,33,20512,274,2.53,34.08028059236165,Low,False
POST_03533,Twitter,Tweet,Lifestyle,358,127,1877,41452,70,1.07,44.585010060362166,Low,False
POST_00663,Facebook,Story,Entertainment,5439,52,514,72654,309,11.98,43.361280487804876,Low,False
POST_03839,YouTube,Community Post,Technology,15488,771,1690,804922,2809,4.81,72.62526096033403,High,True
POST_02155,Instagram,Carousel,Gaming,2089,296,256,30449,394,0.69,55.151987529228364,Moderate,False
POST_00384,TikTok,Video,Health,38849,1991,767,313697,850,17.9,39.6009234828496,Low,False
POST_04066,Instagram,Carousel,Technology,5032,270,76,11853,514,11.61,42.404520654715505,Low,False
POST_01862,LinkedIn,Poll,Health,1634,109,292,19039,44,0.43,47.70916334661355,Low,False
POST_03128,Instagram,Carousel,Business,9056,295,209,7086,465,2.54,63.0007794232268,Moderate,False
POST_01958,Twitter,Retweet,Fitness,3602,143,1613,43589,73,4.76,51.65241448692153,Moderate,False
POST_04944,Twitter,Retweet,Sports,4074,294,1618,49343,460,2.12,87.73641851106639,Very High,True
POST_02694,Facebook,Post,Lifestyle,7117,149,96,39538,792,2.2,56.49644308943089,Moderate,False
POST_04730,Instagram,Carousel,Education,6862,265,196,9533,360,3.32,53.56391270459859,Moderate,False
POST_03332,LinkedIn,Article,Entertainment,1720,6,376,6417,159,1.22,58.13745019920318,Moderate,False
POST_04901,Instagram,Carousel,Lifestyle,2741,463,20,21932,796,0.65,47.93842556508184,Low,False
POST_03536,Instagram,Carousel,Travel,6526,457,52,35741,145,1.64,35.085736554949335,Low,False
POST_00007,Instagram,Photo,Health,157,76,109,29992,407,0.07,28.973109898674977,Low,False
POST_03496,Instagram,Carousel,Fitness,3658,68,238,47894,814,1.71,63.626266562743574,Moderate,False
POST_00219,Facebook,Video,Sports,2016,312,30,30964,483,0.63,37.89888211382113,Low,False
POST_01595,LinkedIn,Post,Entertainment,1842,26,29,20531,227,1.26,44.61653386454183,Low,False
POST_01819,Facebook,Story,Fashion,4406,252,231,28062,65,6.45,28.546747967479668,Low,False
POST_01333,Instagram,Reel,Fitness,1747,132,256,11180,878,0.63,66.60561184723304,High,True
POST_02200,Twitter,Poll,Health,1604,24,578,80114,333,1.16,39.21277665995976,Low,False
POST_02736,TikTok,Video,Travel,34898,551,637,296174,1391,46.9,32.73087071240106,Low,False
POST_01337,Instagram,Reel,Fitness,7710,138,240,20420,589,9.4,64.13094310210444,High,True
POST_02442,Facebook,Video,Sports,5693,211,648,45449,40,8.1,42.888719512195124,Low,False
POST_03550,Facebook,Live,Fitness,3085,383,16,11122,39,12.97,22.139227642276424,Low,False
POST_02343,Instagram,Reel,Business,2903,405,294,48522,698,1.11,75.29033515198753,High,True
POST_00681,TikTok,Stitch,Fitness,27295,1327,199,71332,1517,10.35,35.58707124010554,Low,False
POST_03185,Facebook,Post,Gaming,2410,368,791,49386,137,2.6,52.045223577235774,Moderate,False
POST_01360,Facebook,Post,Education,4779,124,289,20993,367,4.39,40.08638211382114,Low,False
POST_01323,TikTok,Stitch,Technology,36687,1326,1777,468070,2890,103.29,65.8509234828496,High,True
POST_00575,TikTok,Duet,Food,47307,1839,3771,146295,2555,13.56,83.7730870712401,Very High,True
POST_01842,Twitter,Thread,Fitness,3466,86,1904,41950,387,1.15,75.24647887323943,High,True
POST_01145,Twitter,Thread,Fashion,4950,191,142,65435,461,2.67,59.3284708249497,Moderate,False
POST_03462,Instagram,Photo,Fitness,1948,124,134,2927,611,0.48,44.033515198752916,Low,False
POST_04136,Instagram,Reel,Gaming,6836,186,195,41477,480,4.52,55.07794232268122,Moderate,False
POST_03883,YouTube,Live,Fashion,2039,743,538,724500,3215,1.07,45.54801670146137,Low,False
POST_01605,Instagram,Reel,Fitness,8692,390,57,29912,666,1.84,54.77007014809041,Moderate,False
POST_03220,LinkedIn,Document,Technology,404,45,344,3712,31,0.24,33.809760956175296,Low,False
POST_03529,YouTube,Short,Travel,6825,443,1292,833834,504,4.11,39.28496868475991,Low,False
POST_01129,Twitter,Poll,Education,1363,232,1974,90117,26,1.21,52.68863179074445,Moderate,False
POST_02392,Instagram,Carousel,Lifestyle,9700,117,270,30864,963,4.39,82.95401402961808,Very High,True
POST_03190,TikTok,Stitch,Lifestyle,46828,683,612,160091,2829,31.28,54.986807387862804,Moderate,False
POST_03893,LinkedIn,Article,Health,1616,55,474,5289,26,6.02,52.91334661354581,Moderate,False
POST_04118,Twitter,Poll,Travel,648,150,1297,27300,145,0.86,42.29376257545271,Low,False
POST_00580,Twitter,Tweet,Lifestyle,616,156,791,11866,310,0.37,44.934607645875246,Low,False
POST_04777,Instagram,Story,Sports,1936,315,10,18488,549,2.02,32.95206547155105,Low,False
POST_03875,Instagram,Photo,Sports,2563,293,119,49493,101,1.38,30.89438815276695,Low,False
POST_04845,Instagram,Carousel,Gaming,3882,477,218,5221,535,1.26,64.32190179267342,High,True
POST_00871,Twitter,Thread,Health,773,197,1013,28299,180,3.9,41.92404426559356,Low,False
POST_04233,Twitter,Retweet,Sports,1941,295,649,5433,296,0.85,52.7238430583501,Moderate,False
POST_00521,Facebook,Post,Fitness,4024,125,599,38846,501,1.63,55.503048780487795,Moderate,False
POST_04758,TikTok,Stitch,Lifestyle,14539,629,1551,227552,2484,7.77,46.79749340369393,Low,False
POST_03306,Twitter,Thread,Fashion,3349,91,761,63761,35,0.95,30.525653923541245,Low,False
POST_02737,YouTube,Live,Sports,18416,595,203,9164,4478,8.75,57.69311064718162,Moderate,False
POST_02953,LinkedIn,Document,Technology,1005,144,261,12844,117,0.4,54.501992031872504,Moderate,False
POST_01730,Facebook,Post,Gaming,5436,309,671,42304,444,1.85,65.55640243902438,High,True
POST_00098,Twitter,Tweet,Entertainment,4767,150,1423,97299,375,4.73,73.25955734406439,High,True
POST_00102,Facebook,Post,Entertainment,3568,392,279,50900,250,3.29,41.93343495934959,Low,False
POST_02021,YouTube,Live,Fitness,8233,809,1424,837103,3927,2.62,70.83507306889352,High,True
POST_03006,TikTok,Duet,Education,44650,731,2320,320795,2230,15.73,59.86807387862797,Moderate,False
POST_01236,Twitter,Poll,Food,562,181,1030,13197,292,13.62,49.06941649899396,Low,False
POST_02870,Twitter,Retweet,Education,1828,204,721,55232,408,0.7,56.87877263581489,Moderate,False
POST_04434,YouTube,Live,Business,10190,770,166,86066,1221,15.15,30.63152400835073,Low,False
POST_02879,Facebook,Post,Gaming,5117,233,106,24311,239,1.15,31.661585365853657,Low,False
POST_02700,TikTok,Video,Lifestyle,46998,801,2942,322649,2353,19.22,66.85356200527704,High,True
POST_04865,Twitter,Thread,Fitness,835,64,1481,39380,138,3.8,41.056338028169016,Low,False
POST_03645,TikTok,Duet,Fitness,5592,453,1691,163564,1863,1.55,37.077836411609496,Low,False
POST_03233,Instagram,Story,Gaming,238,278,72,7645,817,1.18,45.74824629773967,Low,False
POST_02515,Facebook,Video,Fashion,1097,274,906,50989,378,3.77,60.55894308943088,Moderate,False
POST_00527,Twitter,Poll,Food,1930,291,1791,77286,404,243.59,79.98993963782695,Very High,True
POST_03773,Twitter,Tweet,Sports,107,107,919,71949,99,7.11,28.282193158953717,Low,False
POST_01347,Twitter,Retweet,Health,1124,252,567,53508,373,7.21,51.946680080482885,Moderate,False
POST_00569,YouTube,Video,Food,7105,551,1434,76976,3852,16.56,65.89248434237996,High,True
POST_02249,Facebook,Post,Entertainment,5542,56,450,44656,400,1.98,45.68089430894309,Low,False
POST_00732,TikTok,Video,Technology,43887,1769,2799,219838,1485,10.69,61.96899736147758,Moderate,False
POST_01650,LinkedIn,Article,Food,1189,113,319,16418,242,0.88,69.34760956175299,High,True
POST_01379,Twitter,Thread,Entertainment,2116,7,383,70001,378,0.92,39.71076458752515,Low,False
POST_01811,LinkedIn,Document,Sports,1196,39,186,13894,199,0.32,48.42629482071713,Low,False
POST_01533,LinkedIn,Poll,Gaming,256,45,147,4259,46,0.47,21.922310756972113,Low,False
POST_00441,Instagram,Story,Gaming,3824,302,183,4929,520,1.0,54.56547155105223,Moderate,False
POST_00457,Instagram,Story,Fitness,9526,67,165,12084,855,3.92,65.23382696804364,High,True
POST_02969,YouTube,Video,Technology,6088,549,401,301201,2008,13.09,34.68684759916493,Low,False
POST_02239,Instagram,Carousel,Gaming,7940,302,2,4618,512,43.46,39.06079501169135,Low,False
POST_03949,Instagram,Story,Travel,1567,243,75,13675,341,0.58,29.688230709275132,Low,False
POST_01808,Instagram,Carousel,Entertainment,9181,151,112,22878,367,10.2,43.91270459859704,Low,False
POST_01651,Instagram,Story,Gaming,2431,110,188,43154,719,1.07,53.902961808261885,Moderate,False
POST_01600,TikTok,Video,Entertainment,37848,1840,1969,221452,2178,34.09,62.90237467018469,Moderate,False
POST_02228,Facebook,Video,Lifestyle,1567,252,738,18130,145,1.36,45.05589430894309,Low,False
POST_04497,Facebook,Post,Fashion,1542,101,186,60360,240,2.77,23.32571138211382,Low,False
POST_03621,LinkedIn,Post,Technology,322,68,454,2634,187,1.04,62.34561752988047,Moderate,False
POST_00700,Facebook,Post,Travel,6017,260,574,53571,497,6.94,63.03607723577236,Moderate,False
POST_01790,Facebook,Story,Fitness,7996,213,957,49847,65,6.77,59.40040650406504,Moderate,False
POST_01706,Instagram,Carousel,Sports,4144,367,110,10024,61,75.53,32.76500389711613,Low,False
POST_01368,YouTube,Video,Business,18120,712,926,949244,276,5.13,42.896659707724424,Low,False
POST_02718,YouTube,Short,Sports,18276,105,336,654638,3246,5.57,44.149269311064714,Low,False
POST_03639,Twitter,Retweet,Travel,2638,148,500,90547,391,0.76,51.71529175050301,Moderate,False
POST_04134,Facebook,Live,Fitness,1290,89,612,61654,296,0.99,39.87296747967479,Low,False
POST_00290,Facebook,Live,Entertainment,7660,122,980,54960,135,1.82,59.07012195121951,Moderate,False
POST_01308,TikTok,Duet,Fitness,30956,776,1007,174695,1253,10.77,35.260554089709764,Low,False
POST_02907,YouTube,Video,Business,11609,574,599,902321,1024,2.96,36.46659707724426,Low,False
POST_02280,Instagram,Story,Sports,4871,202,8,27009,20,20.79,15.060405300077942,Low,False
POST_04916,YouTube,Short,Entertainment,12972,460,56,151859,2211,2.73,33.89352818371607,Low,False
POST_00647,Facebook,Video,Gaming,5023,30,158,71478,726,1.13,47.921747967479675,Low,False
POST_00171,LinkedIn,Post,Business,427,95,57,17427,235,18.64,43.12749003984063,Low,False
POST_01764,Facebook,Video,Entertainment,1690,118,395,24012,194,0.75,29.809451219512194,Low,False
POST_04976,Twitter,Poll,Food,3698,73,505,94055,491,1.16,58.46327967806842,Moderate,False
POST_01434,LinkedIn,Document,Food,1859,137,360,28867,246,0.51,80.42330677290836,Very High,True
POST_04534,Twitter,Thread,Fashion,1514,247,1857,8160,388,0.99,76.37826961770622,High,True
POST_00721,YouTube,Community Post,Food,18498,249,727,249577,736,18.01,36.70146137787056,Low,False
POST_04741,LinkedIn,Article,Fashion,1717,38,286,23850,56,0.53,43.39641434262948,Low,False
POST_04866,Facebook,Live,Health,3543,309,784,78334,133,1.43,51.59552845528456,Moderate,False
POST_02421,Instagram,Story,Lifestyle,7934,405,227,46285,220,2.19,57.79618082618862,Moderate,False
POST_01980,TikTok,Stitch,Entertainment,6189,1352,4911,490357,778,3.14,53.63456464379948,Moderate,False
POST_04671,Twitter,Poll,Entertainment,3527,98,516,15744,440,1.49,55.92303822937625,Moderate,False
POST_04041,TikTok,Stitch,Entertainment,28510,352,4447,131407,1510,8.62,58.21240105540897,Moderate,False
POST_03635,Instagram,Carousel,Lifestyle,9563,337,250,12744,694,5.78,77.74746687451285,Very High,True
POST_02997,Instagram,Carousel,Sports,8018,425,180,44956,550,2.42,65.21044427123928,High,True
POST_04799,Instagram,Carousel,Technology,5961,375,93,4812,165,22.58,37.49025720966485,Low,False
POST_03255,Twitter,Thread,Sports,3929,201,1363,13268,97,1.22,52.86720321931588,Moderate,False
POST_01793,Facebook,Post,Technology,2702,65,376,70615,284,16.14,32.548272357723576,Low,False
POST_01876,Facebook,Live,Sports,783,237,692,50674,550,0.47,59.24034552845527,Moderate,False
POST_02955,YouTube,Community Post,Sports,16307,455,608,673153,1936,3.78,44.94780793319415,Low,False
POST_04566,TikTok,Duet,Education,12193,1470,320,492450,2751,4.34,48.23218997361477,Low,False
POST_01481,TikTok,Duet,Technology,3669,1252,4349,297229,2345,2.66,67.094327176781,High,True
POST_03508,Facebook,Live,Business,372,208,417,45496,191,0.26,31.239837398373982,Low,False
POST_00868,Instagram,Photo,Food,2119,291,106,37512,281,0.69,34.23031956352299,Low,False
POST_04292,Instagram,Carousel,Travel,6926,210,99,8782,485,7.33,45.358534684333584,Low,False
POST_04643,TikTok,Video,Food,48764,266,3826,149836,1497,265.19,60.14511873350923,Moderate,False
POST_00065,Twitter,Thread,Fashion,4540,294,1213,60945,435,4.51,79.6327967806841,Very High,True
POST_02418,Instagram,Carousel,Business,3067,323,133,40611,61,3.86,32.41231488698363,Low,False
POST_04708,Instagram,Reel,Travel,3504,120,150,37555,754,3.23,53.0962587685113,Moderate,False
POST_01916,LinkedIn,Post,Travel,1429,71,490,20827,93,0.43,63.09760956175299,Moderate,False
POST_01177,TikTok,Stitch,Lifestyle,32639,1752,4916,397070,180,17.73,58.22889182058047,Moderate,False
POST_02365,Facebook,Story,Lifestyle,2737,294,854,67245,449,2.09,65.4420731707317,High,True
POST_03237,Instagram,Reel,Entertainment,8882,338,293,21586,549,4.73,77.02065471551052,Very High,True
POST_00972,YouTube,Video,Fitness,3942,161,160,604832,3269,1.02,30.75678496868476,Low,False
POST_02751,Twitter,Poll,Technology,826,49,31,91638,267,0.21,23.717303822937623,Low,False
POST_04319,Twitter,Tweet,Fashion,4061,266,1410,12179,451,22.16,82.17806841046279,Very High,True
POST_00229,TikTok,Video,Gaming,49194,299,1311,441374,1792,11.97,46.20052770448548,Low,False
POST_00151,YouTube,Video,Fashion,14601,108,1760,485405,2397,13.4,61.02818371607515,Moderate,False
POST_04520,Instagram,Story,Travel,5154,301,158,16569,956,2.76,68.94972720187062,High,True
POST_02512,TikTok,Duet,Lifestyle,37945,1226,2317,112532,2664,8.78,66.82717678100263,High,True
POST_03902,Twitter,Tweet,Lifestyle,1856,274,1709,7476,397,0.82,76.76056338028168,Very High,True
POST_01710,LinkedIn,Document,Education,1013,17,423,19196,216,1.03,63.147410358565736,Moderate,False
POST_00560,Facebook,Story,Business,1515,58,234,40763,590,3.86,39.52489837398374,Low,False
POST_00285,Facebook,Video,Business,7986,16,989,29191,643,15.19,78.65853658536585,Very High,True
POST_04956,LinkedIn,Poll,Gaming,1515,89,466,9774,156,2.48,70.58266932270915,High,True
POST_01782,YouTube,Community Post,Travel,11733,428,496,529089,108,5.74,25.62630480167015,Low,False
POST_00512,Twitter,Thread,Travel,4150,163,1785,36797,291,5.86,72.170523138833,High,True
POST_02903,Instagram,Carousel,Lifestyle,8504,74,150,40649,881,2.11,63.509353078721745,Moderate,False
POST_02039,Instagram,Story,Lifestyle,7127,157,240,3761,672,1.84,66.81995323460639,High,True
POST_04038,TikTok,Stitch,Technology,9028,909,1948,348937,2220,5.28,47.40765171503957,Low,False
POST_02576,Facebook,Live,Fashion,1005,77,666,35651,249,5.99,39.12093495934959,Low,False
POST_00554,Facebook,Story,Travel,1158,165,583,49729,565,0.39,53.84146341463414,Moderate,False
POST_02769,Facebook,Video,Fitness,5155,32,451,43780,392,3.4,43.71951219512194,Low,False
POST_04638,LinkedIn,Article,Lifestyle,1466,115,427,18136,16,1.68,52.76394422310757,Moderate,False
POST_04698,Facebook,Video,Fitness,890,209,152,51975,556,0.61,39.36991869918699,Low,False
POST_04661,Facebook,Live,Travel,3733,14,126,64776,258,1.48,22.441565040650406,Low,False
POST_04548,Facebook,Live,Food,2117,155,110,73032,683,0.81,43.412093495934954,Low,False
POST_03005,Facebook,Live,Fashion,3331,25,992,40387,288,2.31,53.84400406504065,Moderate,False
POST_03242,Twitter,Retweet,Technology,3341,194,794,13170,242,29.37,50.43259557344064,Moderate,False
POST_04429,Instagram,Photo,Lifestyle,764,280,243,9731,418,0.44,52.00701480904131,Moderate,False
POST_03637,YouTube,Video,Entertainment,4041,459,1924,968713,3013,5.68,65.04697286012527,High,True
POST_00741,Facebook,Video,Sports,7832,218,294,58588,559,42.83,58.71697154471545,Moderate,False
POST_02496,Facebook,Video,Sports,7968,362,9,4637,371,6.59,45.11686991869919,Low,False
POST_03018,Twitter,Retweet,Business,737,83,1608,16014,408,1.09,63.37273641851107,Moderate,False
POST_00745,Instagram,Photo,Education,2110,194,265,36048,113,1.34,43.95752143413874,Low,False
POST_01554,TikTok,Stitch,Education,16624,1341,4559,462199,2523,10.47,75.4089709762533,High,True
POST_03213,Instagram,Reel,Education,6682,104,241,45940,721,3.65,66.36204208885424,High,True
POST_04308,Facebook,Live,Health,1374,284,142,54402,77,1.95,21.425304878048777,Low,False
POST_04558,LinkedIn,Post,Food,554,18,275,1433,293,0.23,59.47709163346613,Moderate,False
POST_02692,Facebook,Live,Entertainment,3035,342,865,33496,309,1.65,61.60823170731706,Moderate,False
POST_00071,TikTok,Duet,Business,10637,1013,3618,238705,2672,11.65,66.80738786279683,High,True
POST_02842,TikTok,Stitch,Lifestyle,42598,1920,4069,282091,2692,74.04,86.34564643799472,Very High,True
POST_01044,Facebook,Live,Health,7520,86,974,69587,793,2.06,86.43292682926828,Very High,True
POST_02990,TikTok,Video,Entertainment,22258,1277,3110,432047,1683,5.79,56.49076517150395,Moderate,False
POST_01392,Instagram,Photo,Fitness,3241,65,27,15462,484,1.03,26.471161340607953,Low,False
POST_02352,YouTube,Video,Health,16123,504,1895,973512,3686,10.79,79.07098121085593,Very High,True
POST_00977,Facebook,Video,Business,2803,34,190,28621,573,2.68,38.6280487804878,Low,False
POST_03390,LinkedIn,Document,Fashion,203,140,28,13857,139,0.1,34.42231075697211,Low,False
POST_04482,Facebook,Post,Fitness,6756,264,753,46674,470,3.49,69.92886178861788,High,True
POST_02746,TikTok,Duet,Entertainment,17038,1726,2454,325168,2873,6.77,68.49274406332452,High,True
POST_04660,LinkedIn,Post,Technology,236,123,445,15384,100,5.51,57.52490039840637,Moderate,False
POST_01303,Instagram,Reel,Food,2795,186,144,18329,727,0.7,52.28176149649259,Moderate,False
POST_02816,TikTok,Duet,Fitness,1097,829,2339,106511,648,2.62,28.759894459102895,Low,False
POST_03123,Instagram,Reel,Gaming,2309,207,215,29280,977,3.6,69.22837100545595,High,True
POST_03494,TikTok,Stitch,Technology,46732,212,3507,445959,191,28.91,41.34894459102902,Low,False
POST_01795,Instagram,Story,Food,5482,398,294,33955,897,2.99,85.77942322681216,Very High,True
POST_03361,TikTok,Duet,Health,20522,1060,4042,46104,2684,7.09,73.41688654353561,High,True
POST_01270,Twitter,Tweet,Lifestyle,1285,239,1159,10820,499,3.23,71.34557344064386,High,True
POST_01274,Instagram,Reel,Health,4810,354,188,14896,806,1.44,68.31254871395167,High,True
POST_01968,Twitter,Poll,Health,2588,186,811,46702,114,2.93,39.874245472837025,Low,False
POST_03200,Twitter,Retweet,Fitness,1040,78,1567,40767,159,1.33,45.41498993963782,Low,False
POST_02087,Instagram,Reel,Lifestyle,2579,193,240,46980,855,1.03,67.33826968043648,High,True
POST_03628,TikTok,Stitch,Travel,6477,1721,2545,491974,2080,3.42,56.32915567282322,Moderate,False
POST_03065,Facebook,Video,Food,1411,359,882,28363,436,7.58,66.3109756097561,High,True
POST_00284,Instagram,Story,Sports,208,448,126,38497,558,0.79,48.30865159781761,Low,False
POST_02016,Twitter,Tweet,Sports,1598,169,196,82583,421,1.49,46.45623742454728,Low,False
POST_00371,Instagram,Story,Business,4704,363,92,14825,62,1.9,31.525720966484798,Low,False
POST_00058,Instagram,Carousel,Fitness,612,182,140,3499,848,0.24,52.203819173811375,Moderate,False
POST_04090,Instagram,Photo,Sports,9534,348,41,41185,423,4.5,44.136788776305536,Low,False
POST_03000,TikTok,Duet,Travel,23926,96,173,449912,364,29.17,11.619393139841689,Low,False
POST_01814,Instagram,Reel,Education,8396,169,183,9954,658,4.35,62.06157443491816,Moderate,False
POST_01435,Instagram,Photo,Education,3237,408,203,5995,259,12.28,49.468043647700696,Low,False
POST_04307,Facebook,Post,Health,5547,197,855,10752,732,1.73,79.92123983739837,Very High,True
POST_01784,Facebook,Story,Business,4403,208,594,61104,335,3.01,51.186483739837385,Moderate,False
POST_04310,TikTok,Duet,Gaming,488,1886,3442,69333,2966,2.22,72.9353562005277,High,True
POST_04218,Facebook,Live,Entertainment,5846,82,17,20754,452,1.2,34.82469512195122,Low,False
POST_02193,LinkedIn,Document,Education,200,137,189,5739,246,0.12,55.951195219123505,Moderate,False
POST_02686,Instagram,Photo,Gaming,2320,496,12,16560,521,5.06,37.54676539360873,Low,False
POST_01426,YouTube,Video,Health,12839,581,1822,20192,3351,4.66,73.87265135699373,High,True
POST_03441,Twitter,Tweet,Technology,4739,52,998,65366,392,5.27,60.70925553319919,Moderate,False
POST_02116,Instagram,Photo,Lifestyle,5381,12,123,6685,342,1.21,34.115354637568196,Low,False
POST_04390,Instagram,Story,Technology,5875,196,68,44228,887,11.67,53.5833982852689,Moderate,False
POST_01312,TikTok,Stitch,Entertainment,6690,1699,1037,425945,1130,2.01,33.96108179419525,Low,False
POST_03730,Facebook,Story,Food,2918,14,485,33344,327,9.12,36.4964430894309,Low,False
POST_04579,YouTube,Video,Fitness,11107,342,796,345619,2059,5.82,42.74008350730689,Low,False
POST_01738,Instagram,Story,Education,774,308,201,40978,811,0.37,62.02065471551052,Moderate,False
POST_02132,Instagram,Photo,Technology,3228,431,290,33453,567,0.98,71.77513639906469,High,True
POST_04360,Instagram,Reel,Food,8685,424,206,30683,788,5.91,76.94855806703039,Very High,True
POST_00415,Facebook,Post,Fitness,1952,235,732,54544,213,0.65,47.29674796747967,Low,False
POST_00997,YouTube,Community Post,Gaming,9951,62,1000,181934,4324,5.13,56.06993736951982,Moderate,False
POST_02658,TikTok,Video,Business,31408,776,1313,57018,1724,11.82,42.70448548812665,Low,False
POST_04001,Facebook,Video,Fashion,6935,297,202,4974,685,2.05,61.646341463414636,Moderate,False
POST_00894,Twitter,Tweet,Health,770,268,218,2617,132,0.4,28.70221327967807,Low,False
POST_03957,YouTube,Short,Fitness,2987,603,1055,902841,4420,3.03,61.40396659707724,Moderate,False
POST_02545,Instagram,Story,Fitness,4468,336,244,49179,439,4.95,60.50272798129384,Moderate,False
POST_03208,LinkedIn,Post,Gaming,1547,76,481,21981,204,0.73,76.10557768924302,High,True
POST_04364,Facebook,Video,Lifestyle,5962,36,216,12166,725,3.06,52.1239837398374,Moderate,False
POST_03444,YouTube,Short,Technology,4786,566,349,529197,423,3.17,22.296450939457202,Low,False
POST_03286,Instagram,Photo,Fitness,5117,177,278,3288,415,1.18,59.26149649259548,Moderate,False
POST_03726,YouTube,Short,Education,11629,594,597,216611,1215,14.39,37.83924843423799,Low,False
POST_04897,Instagram,Photo,Business,5093,120,156,42824,838,15.06,58.70420888542478,Moderate,False
POST_02085,Facebook,Live,Entertainment,3856,108,587,59756,61,1.42,34.265752032520325,Low,False
POST_00623,Twitter,Thread,Food,4703,85,1371,81541,290,2.54,62.74396378269618,Moderate,False
POST_01419,Facebook,Story,Fitness,7427,23,112,7819,248,10.33,29.062499999999996,Low,False
POST_01486,Twitter,Tweet,Food,1056,147,482,61022,207,0.57,33.262072434607646,Low,False
POST_04372,Twitter,Retweet,Food,4140,35,1168,91386,374,1.48,60.442655935613686,Moderate,False
POST_04983,LinkedIn,Document,Fashion,1123,109,60,25554,110,0.28,36.92231075697211,Low,False
POST_03174,Instagram,Reel,Fitness,3334,325,20,38374,128,1.41,21.747856586126268,Low,False
POST_02355,LinkedIn,Document,Food,1606,105,338,28673,81,2.98,54.65637450199202,Moderate,False
POST_01445,TikTok,Duet,Health,20052,1170,2422,449015,2243,5.31,57.23614775725594,Moderate,False
POST_03783,Instagram,Reel,Fashion,2459,207,5,13940,35,1.54,11.913484021823848,Low,False
POST_04538,Facebook,Story,Sports,4819,342,495,5625,170,2.01,46.725101626016254,Low,False
POST_02456,Instagram,Story,Fashion,2076,325,208,35123,737,0.92,62.77474668745129,Moderate,False
POST_02964,YouTube,Live,Technology,9660,457,629,849928,1406,6.01,36.63883089770354,Low,False
POST_01880,Facebook,Video,Fitness,4043,34,181,11956,72,1.07,18.399390243902438,Low,False
POST_01365,LinkedIn,Poll,Fashion,282,3,286,21001,170,0.16,41.60856573705179,Low,False
POST_03378,Instagram,Reel,Sports,3185,265,240,1920,346,0.81,52.396726422447394,Moderate,False
POST_03629,TikTok,Video,Health,17540,222,2446,194441,958,10.3,34.815303430079155,Low,False
POST_01483,Facebook,Live,Business,5261,186,876,8998,570,1.91,73.10213414634146,High,True
POST_00292,Instagram,Story,Gaming,9771,18,51,30779,78,20.33,23.618472330475445,Low,False
POST_02224,Instagram,Story,Entertainment,7227,475,45,43246,395,47.01,43.66718628215121,Low,False
POST_00329,Twitter,Poll,Fashion,3053,72,1016,90606,204,0.99,44.225352112676056,Low,False
POST_03114,Instagram,Carousel,Food,4062,49,121,18559,574,7.05,42.160950896336715,Low,False
POST_04373,Instagram,Reel,Entertainment,2972,133,219,43330,951,2.51,67.20771628994544,High,True
POST_02886,YouTube,Community Post,Sports,141,810,1921,609544,1600,0.61,57.84968684759916,Moderate,False
POST_02640,LinkedIn,Document,Food,649,103,134,15998,250,1.04,53.102589641434264,Moderate,False
POST_03811,LinkedIn,Article,Lifestyle,1326,97,225,2526,16,1.34,35.50298804780876,Low,False
POST_00814,YouTube,Live,Education,8711,763,858,132605,4582,2.07,64.9634655532359,High,True
POST_00584,Twitter,Tweet,Food,2024,50,1450,88342,76,4.94,39.67052313883299,Low,False
POST_00535,TikTok,Stitch,Travel,35943,1666,2712,314046,1814,9.3,62.44722955145119,Moderate,False
POST_04267,Facebook,Video,Lifestyle,4130,359,347,1003,681,1.83,63.755081300812996,Moderate,False
POST_04651,Instagram,Reel,Travel,8352,491,90,22121,443,1.85,53.05923616523772,Moderate,False
POST_02008,TikTok,Duet,Fashion,16427,730,3373,269952,1613,13.5,51.2895778364116,Moderate,False
POST_03694,Instagram,Carousel,Food,401,417,152,11123,45,0.21,32.72992985190959,Low,False
POST_02597,Twitter,Retweet,Sports,1370,155,623,51321,256,1.4,40.666498993963785,Low,False
POST_04436,Twitter,Poll,Sports,4242,226,1045,42456,485,1.53,76.37072434607646,High,True
POST_01777,LinkedIn,Document,Travel,158,124,300,527,153,0.22,51.74800796812748,Moderate,False
POST_03830,Instagram,Reel,Fitness,9248,53,256,6673,94,2.95,48.24240062353858,Low,False
POST_01885,Instagram,Reel,Fashion,1942,367,23,1473,962,0.58,50.22213561964146,Moderate,False
POST_04500,Twitter,Thread,Fashion,1275,252,1113,7462,197,5.86,49.20020120724345,Low,False
POST_01380,Facebook,Video,Sports,2301,25,661,36339,560,0.7,53.27235772357724,Moderate,False
POST_04248,Instagram,Story,Sports,3675,173,250,1644,396,1.31,53.246297739672634,Moderate,False
POST_04148,Twitter,Tweet,Travel,427,38,472,91053,208,0.63,25.329476861167,Low,False
POST_00377,TikTok,Video,Fashion,31194,1253,3345,133721,237,13.0,43.53232189973614,Low,False
POST_04853,TikTok,Stitch,Lifestyle,14157,1519,4558,476963,2148,5.66,71.59300791556728,High,True
POST_04381,Instagram,Reel,Entertainment,500,267,206,35160,418,0.49,46.70693686671862,Low,False
POST_03574,YouTube,Video,Business,19344,83,1021,789449,4243,5.17,63.77348643006262,Moderate,False
POST_00076,LinkedIn,Post,Lifestyle,523,149,199,28446,249,0.55,61.18525896414343,Moderate,False
POST_03794,LinkedIn,Document,Travel,206,122,414,14267,268,0.19,73.32669322709164,High,True
POST_00832,Facebook,Post,Education,6226,132,840,5088,598,2.28,72.3805894308943,High,True
POST_00539,Facebook,Live,Fashion,3407,74,223,7662,180,0.87,24.977134146341463,Low,False
POST_00845,Instagram,Photo,Business,5322,57,150,41962,879,63.9,58.07677318784099,Moderate,False
POST_04731,Instagram,Carousel,Technology,6393,376,69,21724,707,1.87,54.00818394388153,Moderate,False
POST_04449,Twitter,Tweet,Fashion,942,89,402,12106,287,0.41,34.4592555331992,Low,False
POST_02288,Twitter,Poll,Fitness,4720,4,908,70050,6,3.88,29.851609657947687,Low,False
POST_02976,Instagram,Carousel,Health,7784,23,268,22145,325,1.87,54.045206547155104,Moderate,False
POST_00339,Facebook,Video,Sports,4895,18,610,26757,653,2.57,60.147357723577244,Moderate,False
POST_03683,TikTok,Stitch,Lifestyle,8170,810,1180,124837,2243,44.38,41.48416886543536,Low,False
POST_04317,LinkedIn,Article,Sports,18,141,83,7961,26,0.13,22.4203187250996,Low,False
POST_01424,Instagram,Story,Fitness,2274,261,23,23425,505,1.31,31.12236944660951,Low,False
POST_03887,YouTube,Video,Business,2778,468,654,812406,424,2.4,25.250521920668056,Low,False
POST_04311,Twitter,Poll,Gaming,4454,166,761,9627,454,1.59,66.75804828973844,High,True
POST_04517,Facebook,Live,Entertainment,1263,349,105,28893,790,0.4,53.36128048780488,Moderate,False
POST_03720,Twitter,Retweet,Education,721,294,1717,95147,165,0.88,58.11368209255533,Moderate,False
POST_02749,TikTok,Duet,Travel,7270,112,1577,255714,2561,3.31,42.61873350923483,Low,False
POST_01037,Twitter,Thread,Health,2558,284,866,84796,304,0.8,58.093561368209244,Moderate,False
POST_01506,Twitter,Poll,Fitness,4925,31,1037,4034,174,2.18,45.61368209255533,Low,False
POST_01893,TikTok,Duet,Sports,5480,994,4525,63770,1743,25.7,60.214379947229546,Moderate,False
POST_04024,TikTok,Duet,Education,24676,176,3274,485196,2995,25.66,66.33245382585751,High,True
POST_03303,Facebook,Story,Gaming,7272,216,370,20801,660,6.8,64.04217479674796,High,True
POST_00835,Facebook,Story,Sports,3895,174,16,21173,340,0.87,28.897357723577237,Low,False
POST_04394,Instagram,Carousel,Entertainment,4052,217,6,41578,865,2.38,43.65744349181605,Low,False
POST_03619,TikTok,Stitch,Lifestyle,10034,484,4036,81086,580,7.82,39.71306068601583,Low,False
POST_02394,Instagram,Story,Entertainment,3647,359,110,34197,410,0.84,43.528838659392044,Low,False
POST_04583,TikTok,Stitch,Sports,20836,209,4725,112623,1445,12.1,56.89973614775725,Moderate,False
POST_00837,YouTube,Community Post,Lifestyle,6705,835,1222,87120,2741,4.67,58.78392484342378,Moderate,False
POST_02651,Instagram,Photo,Fashion,6082,294,237,12054,48,1.51,47.56235385814497,Low,False
POST_00688,Twitter,Tweet,Food,1466,28,946,65289,293,2.56,42.56287726358149,Low,False
POST_04757,Instagram,Story,Fashion,238,340,190,21330,590,0.45,53.52494154325799,Moderate,False
POST_03958,Twitter,Poll,Sports,943,273,1518,1835,450,0.74,74.66297786720321,High,True
POST_04560,YouTube,Video,Lifestyle,7166,952,747,875819,2934,5.55,53.898747390396665,Moderate,False
POST_01550,Facebook,Video,Fashion,2351,179,268,58120,286,0.75,32.84806910569105,Low,False
POST_04907,YouTube,Live,Sports,8472,456,1375,254380,2324,2.27,54.45720250521921,Moderate,False
POST_03711,Instagram,Carousel,Lifestyle,1894,273,132,37612,457,0.52,42.4941543257989,Low,False
POST_01832,Facebook,Live,Fashion,5559,259,914,64274,72,1.66,55.170223577235774,Moderate,False
POST_00160,LinkedIn,Document,Fashion,1070,86,14,22186,149,0.31,35.26394422310757,Low,False
POST_03202,Facebook,Video,Fitness,5426,373,317,40682,102,2.21,40.34298780487805,Low,False
POST_00495,Facebook,Live,Fashion,7310,170,869,69660,448,2.44,70.29725609756098,High,True
POST_02551,Twitter,Retweet,Food,3695,151,1262,99200,341,1.3,65.2791750503018,High,True
POST_02611,TikTok,Video,Travel,45035,1438,2371,324367,2945,35.56,75.19788918205805,High,True
POST_04770,Twitter,Tweet,Sports,3058,195,847,27065,345,1.72,57.932595573440636,Moderate,False
POST_04346,Twitter,Thread,Sports,2758,51,1841,97342,37,3.82,45.510563380281695,Low,False
POST_03528,TikTok,Duet,Entertainment,14830,1070,3342,48654,2360,4.77,62.53957783641161,Moderate,False
POST_00136,Twitter,Thread,Sports,1304,74,690,70863,274,0.57,38.589034205231385,Low,False
POST_02701,Facebook,Post,Sports,1736,75,151,41075,324,1.83,25.091463414634145,Low,False
POST_01326,Twitter,Poll,Food,627,15,629,84220,412,0.46,42.064889336016094,Low,False
POST_02469,Facebook,Post,Gaming,7594,212,478,62904,691,2.44,69.77642276422765,High,True
POST_01366,Instagram,Story,Health,5479,367,247,30008,679,4.94,72.06936866718627,High,True
POST_03086,LinkedIn,Poll,Travel,1182,28,369,4611,180,0.35,58.25199203187251,Moderate,False
POST_00498,Instagram,Reel,Food,5330,165,129,38538,453,2.3,43.94777864380358,Low,False
POST_01697,Instagram,Reel,Health,7971,36,264,49350,80,2.68,46.40491036632891,Low,False
POST_03426,Facebook,Story,Business,1656,19,641,69667,362,1.1,41.61839430894309,Low,False
POST_04511,Instagram,Reel,Gaming,9513,170,146,38898,552,4.17,55.91971940763835,Moderate,False
POST_04609,YouTube,Community Post,Business,13129,146,1842,923793,4128,8.68,73.32463465553236,High,True
POST_00233,Facebook,Post,Business,473,354,759,28980,671,2.52,71.15599593495934,High,True
POST_04479,Facebook,Video,Lifestyle,4369,315,80,76837,238,3.64,32.261178861788615,Low,False
POST_02799,YouTube,Short,Fashion,10569,28,961,412344,2059,5.96,40.74634655532358,Low,False
POST_04238,TikTok,Video,Entertainment,46981,1648,1672,285395,2919,16.13,71.08509234828495,High,True
POST_00150,Twitter,Retweet,Entertainment,1466,25,1754,23597,372,1.59,61.96177062374245,Moderate,False
POST_00886,Instagram,Carousel,Health,3046,400,277,48040,713,0.93,73.50935307872174,High,True
POST_01887,Instagram,Carousel,Lifestyle,5739,263,163,6944,315,2.38,46.47895557287607,Low,False
POST_00975,Instagram,Reel,Entertainment,8519,324,22,23924,506,11.67,42.314886983632114,Low,False
POST_00767,TikTok,Duet,Education,18648,977,211,253595,2715,5.77,45.02968337730871,Low,False
POST_01200,Instagram,Carousel,Fashion,1409,285,5,32144,136,0.72,16.282151208106,Low,False
POST_02590,LinkedIn,Post,Sports,1266,111,417,23961,236,3.39,75.08964143426296,High,True
POST_02475,Facebook,Post,Fashion,3963,151,772,11651,574,4.18,66.07469512195121,High,True
POST_01675,TikTok,Video,Entertainment,6768,1018,23,480313,795,3.28,16.906332453825858,Low,False
POST_01029,Twitter,Thread,Fitness,4846,258,189,11384,182,1.25,42.907444668008054,Low,False
POST_02802,YouTube,Community Post,Technology,13333,923,1503,633230,3636,3.64,75.81419624217118,High,True
POST_00423,Instagram,Carousel,Sports,8788,18,196,36645,343,7.11,47.44738893219018,Low,False
POST_01292,Instagram,Story,Sports,6523,223,209,34961,854,81.85,70.74824629773966,High,True
POST_02321,YouTube,Live,Entertainment,6659,843,1610,8131,1332,2.61,55.39665970772442,Moderate,False
POST_01205,Facebook,Live,Gaming,1268,219,400,32752,508,1.47,46.89532520325203,Low,False
POST_04091,LinkedIn,Post,Education,1413,25,226,26253,284,0.49,61.185258964143415,Moderate,False
POST_02304,Twitter,Poll,Food,269,294,1229,9727,465,0.38,69.77867203219316,High,True
POST_02673,LinkedIn,Poll,Food,190,5,198,21026,44,2.54,20.144422310756973,Low,False
POST_04467,Instagram,Reel,Health,1067,410,182,10760,684,1.2,58.73343725643024,Moderate,False
POST_04298,Instagram,Carousel,Business,3976,413,273,33490,596,1.09,71.08924395946998,High,True
POST_02003,YouTube,Short,Education,611,473,50,428463,4486,0.24,39.72860125260959,Low,False
POST_00960,LinkedIn,Document,Travel,1510,29,331,10771,91,0.47,47.4003984063745,Low,False
POST_02530,YouTube,Community Post,Entertainment,6931,655,1655,81868,4412,2.48,74.75469728601252,High,True
POST_00953,Instagram,Reel,Education,8872,172,190,24503,260,2.6,49.432969602494154,Low,False
POST_02561,TikTok,Stitch,Travel,5236,603,1057,261080,253,1.63,14.419525065963057,Low,False
POST_02961,Instagram,Photo,Lifestyle,7193,54,281,22987,763,10.81,71.33671083398285,High,True
POST_01520,YouTube,Community Post,Fitness,7011,936,1669,848116,816,2.17,54.723382045929014,Moderate,False
POST_04350,Facebook,Post,Health,2570,238,499,57975,395,2.53,48.47306910569106,Low,False
POST_03192,YouTube,Community Post,Gaming,2550,750,207,785642,1732,0.9,29.759916492693105,Low,False
POST_00805,Twitter,Tweet,Travel,2433,10,1487,93758,374,1.69,60.153420523138834,Moderate,False
POST_00491,Facebook,Story,Sports,2016,252,573,79453,603,0.73,59.95172764227642,Moderate,False
POST_01420,YouTube,Community Post,Food,7657,693,1331,599422,3399,10.31,64.30062630480167,High,True
POST_00900,Instagram,Reel,Fashion,2857,299,159,8072,10,3.69,32.638347622759156,Low,False
POST_04704,Facebook,Story,Lifestyle,1452,7,986,29901,530,5.58,60.78760162601626,Moderate,False
POST_03647,Facebook,Video,Fashion,4590,24,506,76392,723,2.08,59.14888211382113,Moderate,False
POST_00246,YouTube,Live,Entertainment,11330,72,142,666275,2986,3.36,32.36951983298538,Low,False
POST_04941,Twitter,Thread,Sports,2061,116,1365,76283,182,2.83,48.64688128772635,Low,False
POST_03744,Instagram,Photo,Food,811,175,108,20610,529,0.23,37.38113795791115,Low,False
POST_02147,Facebook,Story,Business,7540,331,10,66529,749,4.48,59.92378048780487,Moderate,False
POST_01816,YouTube,Community Post,Business,18279,497,1712,247150,674,38.67,56.88413361169103,Moderate,False
POST_03046,LinkedIn,Article,Fitness,1486,90,200,26132,93,0.46,44.48705179282869,Low,False
POST_04266,Twitter,Poll,Sports,1736,134,932,73364,316,0.7,50.22887323943662,Moderate,False
POST_04032,Twitter,Poll,Health,2904,37,254,42620,444,0.76,46.08651911468812,Low,False
POST_01316,Facebook,Post,Health,3144,133,220,2429,527,7.53,42.05030487804878,Low,False
POST_00824,Twitter,Poll,Gaming,4605,128,195,48774,335,1.84,46.86368209255532,Low,False
POST_04700,YouTube,Live,Health,17690,638,1162,340765,1772,8.85,56.84237995824635,Moderate,False
POST_04023,LinkedIn,Post,Lifestyle,727,49,196,12736,86,1.05,33.42629482071713,Low,False
POST_02773,TikTok,Video,Education,26073,1784,4417,311534,2027,31.24,75.15501319261215,High,True
POST_01220,Twitter,Poll,Sports,211,42,1892,11051,265,1.24,53.64939637826961,Moderate,False
POST_00736,TikTok,Video,Fashion,1611,440,878,488557,2467,0.84,37.12071240105541,Low,False
POST_00003,LinkedIn,Article,Entertainment,1392,62,255,24449,249,0.4,62.61952191235059,Moderate,False
POST_00519,YouTube,Video,Education,11114,489,1222,427855,4410,2.63,68.29331941544885,High,True
POST_01498,Facebook,Video,Fitness,1723,365,571,39027,609,0.65,63.889735772357724,Moderate,False
POST_04787,TikTok,Stitch,Lifestyle,24900,1419,83,72323,1010,13.11,29.83509234828496,Low,False
POST_03376,TikTok,Stitch,Technology,32994,1520,1640,78230,531,61.62,36.34564643799472,Low,False
POST_04507,LinkedIn,Document,Fashion,1708,9,361,21629,34,0.52,42.3605577689243,Low,False
POST_00986,Facebook,Video,Health,6864,248,494,18979,627,3.77,67.01981707317073,High,True
POST_01159,TikTok,Duet,Health,27118,723,3565,423014,913,6.65,47.35488126649076,Low,False
POST_04716,Twitter,Retweet,Fitness,3626,118,396,25583,105,1.3,31.42354124748491,Low,False
POST_02947,Facebook,Video,Entertainment,1893,245,133,26575,416,0.91,35.34806910569106,Low,False
POST_02502,TikTok,Video,Travel,46227,868,389,182338,1597,51.56,40.10883905013192,Low,False
POST_04918,Twitter,Thread,Education,3117,8,595,55703,391,3.06,47.15291750503018,Low,False
POST_01246,Facebook,Live,Fashion,3934,30,360,23143,72,33.67,24.09044715447154,Low,False
POST_03797,Facebook,Story,Business,1808,108,299,58788,458,4.2,38.516260162601625,Low,False
POST_03781,Twitter,Tweet,Fitness,681,246,456,73249,160,0.3,33.377766599597585,Low,False
POST_02586,Facebook,Story,Gaming,519,270,17,64936,322,0.28,25.419207317073166,Low,False
POST_04632,Twitter,Tweet,Gaming,2817,67,1876,73853,197,6.1,57.8546277665996,Moderate,False
POST_03733,Twitter,Retweet,Technology,3356,14,500,37155,110,4.25,27.66348088531187,Low,False
POST_00044,YouTube,Live,Lifestyle,18726,482,318,42190,4270,8.52,56.96764091858037,Moderate,False
POST_04229,Facebook,Story,Fitness,1557,375,155,28557,592,0.68,48.28506097560975,Low,False
POST_00601,Instagram,Reel,Health,8944,105,106,895,455,1.88,44.676539360872944,Low,False
POST_02103,Instagram,Story,Entertainment,3946,93,159,17611,905,1.81,59.07638347622759,Moderate,False
POST_04641,YouTube,Video,Lifestyle,6959,426,89,709793,4673,1.81,45.78810020876827,Low,False
POST_01058,Twitter,Thread,Technology,4780,81,935,81145,159,6.51,45.389839034205224,Low,False
POST_03385,Instagram,Carousel,Food,7383,346,79,25794,832,3.45,59.949337490257214,Moderate,False
POST_03149,TikTok,Stitch,Gaming,602,478,2433,158488,673,0.9,26.965699208443265,Low,False
POST_00897,Twitter,Retweet,Food,272,39,1071,75356,409,0.96,49.690643863179076,Low,False
POST_00748,Facebook,Story,Food,4327,246,673,5808,444,1.08,60.77235772357723,Moderate,False
POST_02005,Twitter,Poll,Health,3771,279,1777,21143,57,1.75,60.412474849094565,Moderate,False
POST_00443,Twitter,Thread,Health,919,131,1255,22113,48,1.05,34.85915492957747,Low,False
POST_04701,Instagram,Carousel,Entertainment,9925,62,238,20537,975,8.51,78.49181605611847,Very High,True
POST_01657,Facebook,Story,Fashion,5507,194,652,61466,443,1.44,60.15752032520325,Moderate,False
POST_04914,Instagram,Story,Fitness,6875,430,103,24857,518,4.66,53.42556508183943,Moderate,False
POST_01917,TikTok,Stitch,Sports,24612,887,4815,15691,2510,76.11,76.00593667546174,High,True
POST_02606,Facebook,Live,Fashion,5848,118,449,13657,589,12.36,56.974085365853654,Moderate,False
POST_04352,Facebook,Post,Fitness,6796,256,715,7285,294,3.29,60.073678861788615,Moderate,False
POST_04321,Facebook,Post,Travel,2531,35,736,36958,704,6.14,63.419715447154466,Moderate,False
POST_04837,Twitter,Poll,Technology,4552,254,861,9505,23,1.39,42.52766599597585,Low,False
POST_03393,TikTok,Duet,Travel,3622,1412,2077,368169,775,1.68,33.3476253298153,Low,False
POST_02849,Facebook,Live,Lifestyle,1523,114,529,43180,592,0.72,51.938516260162594,Moderate,False
POST_02542,TikTok,Stitch,Entertainment,49606,1615,4493,172035,2177,27.1,83.02110817941953,Very High,True
POST_03452,LinkedIn,Poll,Technology,1000,110,166,2741,11,0.48,29.59163346613546,Low,False
POST_00946,Instagram,Photo,Lifestyle,1996,488,144,39085,270,1.0,43.65159781761496,Low,False
POST_04540,Instagram,Photo,Gaming,1401,143,30,17392,260,1.09,18.131332813717847,Low,False
POST_02489,Facebook,Story,Technology,4892,167,376,17385,609,7.64,55.52083333333333,Moderate,False
POST_02546,Facebook,Story,Health,5331,299,477,68759,88,1.73,41.87245934959349,Low,False
POST_03224,Instagram,Carousel,Fashion,6104,37,299,30644,937,2.28,77.72798129384255,Very High,True
POST_02061,Instagram,Reel,Health,3551,167,265,49637,77,1.07,44.09781761496493,Low,False
POST_04711,Twitter,Tweet,Lifestyle,3222,128,449,46832,313,116.25,45.802313883299796,Low,False
POST_02775,Facebook,Story,Health,1693,306,932,78704,268,1.5,58.91514227642276,Moderate,False
POST_03674,Instagram,Story,Fitness,805,150,240,20458,613,0.32,54.99025720966484,Moderate,False
POST_03708,Twitter,Tweet,Education,1823,105,1951,62061,348,0.98,69.43913480885313,High,True
POST_02624,YouTube,Short,Business,9796,491,160,272718,2435,5.63,34.72338204592902,Low,False
POST_00563,Instagram,Story,Food,3977,11,137,5802,718,2.59,47.09469992205768,Low,False
POST_03495,LinkedIn,Article,Fashion,1889,103,108,2514,21,2.0,33.31673306772909,Low,False
POST_02494,Twitter,Thread,Education,1572,117,1180,81201,120,0.62,39.962273641851105,Low,False
POST_04356,Facebook,Post,Entertainment,5023,263,449,49181,27,1.54,35.63008130081301,Low,False
POST_00167,Twitter,Thread,Food,2674,142,338,35928,113,0.79,29.464285714285708,Low,False
POST_03082,TikTok,Stitch,Food,29768,656,3615,137339,471,31.86,42.73746701846966,Low,False
POST_00543,Instagram,Reel,Fitness,4277,346,244,21719,683,1.74,69.47778643803585,High,True
POST_03487,Twitter,Poll,Travel,4793,293,662,50229,116,1.8,48.468309859154935,Low,False
POST_01806,TikTok,Stitch,Fashion,20401,1173,2181,34251,1580,5.08,47.41094986807387,Low,False
POST_03544,Twitter,Thread,Education,382,211,1019,2634,17,0.44,30.440140845070417,Low,False
POST_03964,Facebook,Live,Education,3752,14,129,72266,666,0.84,41.33638211382114,Low,False
POST_04012,Twitter,Retweet,Sports,3127,254,1978,54100,219,2.55,72.28118712273643,High,True
POST_00429,Twitter,Retweet,Health,2049,19,1626,69232,405,0.93,64.341046277666,High,True
POST_00165,Instagram,Story,Travel,9646,161,176,1637,398,2.05,53.07482462977398,Moderate,False
POST_00350,Facebook,Live,Health,4378,62,270,30904,38,1.3,21.83943089430894,Low,False
POST_00902,Instagram,Carousel,Gaming,2617,373,276,37855,836,0.68,76.4809041309431,High,True
POST_04675,Twitter,Thread,Gaming,1275,102,133,92154,361,0.68,36.30784708249497,Low,False
POST_04362,Facebook,Video,Entertainment,3970,318,65,55297,342,1.3,36.23729674796748,Low,False
POST_04760,YouTube,Video,Lifestyle,8714,710,868,962453,2460,37.04,50.19832985386221,Moderate,False
POST_01439,Instagram,Photo,Gaming,3357,281,42,27756,284,0.75,28.458690568978955,Low,False
POST_00684,LinkedIn,Post,Food,1658,129,315,5366,259,0.92,76.5089641434263,High,True
POST_02462,TikTok,Video,Travel,30809,367,4559,484344,1103,13.13,55.57058047493404,Moderate,False
POST_02242,Instagram,Carousel,Fashion,8806,464,282,47412,142,2.18,64.90257209664847,High,True
POST_01715,Instagram,Photo,Sports,2477,94,233,5430,267,0.64,42.47661730319564,Low,False
POST_02112,Instagram,Story,Education,6714,75,91,26635,149,3.51,28.713951675759937,Low,False
POST_01744,Instagram,Story,Sports,3692,199,51,10122,305,1.02,27.905300077942325,Low,False
POST_03633,Facebook,Post,Business,3685,161,908,10442,439,1.72,64.17682926829268,High,True
POST_02550,Instagram,Story,Technology,7171,8,92,7756,329,1.66,32.74356975837879,Low,False
POST_01376,TikTok,Duet,Education,9432,625,4672,345081,2952,7.13,73.94459102902375,High,True
POST_04763,TikTok,Duet,Education,9351,766,3515,355558,237,2.74,34.38984168865436,Low,False
POST_01787,Facebook,Live,Food,3235,198,982,61605,620,1.27,75.09908536585365,High,True
POST_04938,Facebook,Video,Fashion,2576,176,667,60791,516,0.71,57.89380081300812,Moderate,False
POST_00839,Facebook,Video,Fitness,3987,337,164,40576,537,1.39,49.644308943089435,Low,False
POST_00649,TikTok,Video,Sports,19462,1261,3912,267120,1111,9.38,55.197889182058034,Moderate,False
POST_01984,Facebook,Post,Fitness,4837,37,518,37440,468,8.35,49.33689024390243,Low,False
POST_04574,TikTok,Video,Fashion,14551,1728,1802,256979,2853,4.02,62.196569920844325,Moderate,False
POST_04102,Twitter,Poll,Food,1386,26,1579,69004,385,0.62,59.937122736418516,Moderate,False
POST_02850,Twitter,Retweet,Food,4858,34,392,49603,414,3.06,51.64486921529174,Moderate,False
POST_00416,Twitter,Retweet,Food,2493,45,1119,33210,343,4.56,53.226861167002006,Moderate,False
POST_01222,Instagram,Photo,Education,1991,306,31,37489,366,3.29,28.164458300857365,Low,False
POST_01948,Instagram,Carousel,Health,2933,257,240,37853,891,2.28,71.1028838659392,High,True
POST_00173,Facebook,Story,Sports,6846,89,25,64875,660,2.07,46.450711382113816,Low,False
POST_00526,Facebook,Post,Fashion,5797,233,12,69851,335,15.84,34.176829268292686,Low,False
POST_00589,Instagram,Carousel,Travel,2099,237,252,26021,842,2.62,68.85814497272018,High,True
POST_04721,Twitter,Poll,Travel,204,289,1090,71514,466,0.53,66.71780684104627,High,True
POST_02210,YouTube,Community Post,Fashion,12321,808,398,581159,3354,6.12,52.35386221294364,Moderate,False
POST_00015,Instagram,Reel,Food,1315,162,99,13438,804,1.06,46.39906469212782,Low,False
POST_00152,Instagram,Reel,Lifestyle,897,207,289,47648,838,0.64,70.02533125487139,High,True
POST_04521,TikTok,Duet,Fashion,49123,416,2354,102772,541,18.09,38.80606860158311,Low,False
POST_04813,Instagram,Photo,Business,2683,332,277,49860,276,0.68,55.71706936866718,Moderate,False
POST_01409,Facebook,Post,Education,7416,62,995,20914,626,2.53,78.95071138211381,Very High,True
POST_04501,Facebook,Post,Fashion,1688,91,611,78486,307,1.03,40.98577235772357,Low,False
POST_02522,Instagram,Photo,Health,7478,310,298,36177,249,3.15,63.97895557287606,High,True
POST_04051,YouTube,Video,Fashion,7713,121,1375,607065,2307,5.24,48.72129436325678,Low,False
POST_00361,Twitter,Poll,Education,2083,297,872,36326,280,1.0,56.07645875251509,Moderate,False
POST_01848,Instagram,Story,Travel,3438,488,145,30530,27,17.1,38.00467653936088,Low,False
POST_02002,Instagram,Carousel,Business,4340,255,49,13932,508,1.26,37.40841777084957,Low,False
POST_03725,Twitter,Tweet,Technology,2339,125,1952,27991,496,1.06,82.64084507042253,Very High,True
POST_03620,Instagram,Reel,Fashion,1040,77,247,43988,482,14.05,48.84060795011691,Low,False
POST_00473,Instagram,Photo,Gaming,3107,224,72,15804,863,1.49,50.17926734216679,Moderate,False
POST_01433,Facebook,Post,Business,6192,154,264,16835,596,1.72,53.26473577235772,Moderate,False
POST_04076,Facebook,Story,Fitness,998,156,157,64578,149,0.51,19.629065040650403,Low,False
POST_00606,Facebook,Live,Technology,7534,28,984,32952,84,1.84,53.31046747967479,Moderate,False
POST_02084,YouTube,Video,Entertainment,11449,946,407,350921,4507,60.9,61.88413361169103,Moderate,False
POST_00961,Instagram,Story,Business,3734,248,233,4151,201,0.92,47.1024941543258,Low,False
POST_01349,YouTube,Short,Fashion,8310,520,1525,580823,4476,3.84,72.0250521920668,High,True
POST_00144,Twitter,Tweet,Travel,1983,233,1802,53587,107,1.08,57.414486921529175,Moderate,False
POST_02360,Instagram,Reel,Lifestyle,1825,299,113,11851,749,0.6,51.346453624318,Moderate,False
POST_02424,Facebook,Video,Fashion,4593,72,205,5203,259,1.19,30.01524390243902,Low,False
POST_00609,Facebook,Post,Business,1468,136,271,30828,787,38.05,51.981707317073166,Moderate,False
POST_01559,TikTok,Stitch,Fitness,19437,1045,1378,96150,77,4.55,22.991424802110817,Low,False
POST_01673,TikTok,Duet,Travel,43452,1793,4633,135078,1782,12.58,79.1952506596306,Very High,True
POST_01752,Instagram,Story,Entertainment,7647,117,31,6607,170,1.87,24.4680436477007,Low,False
POST_04934,Twitter,Tweet,Entertainment,1039,273,1459,2049,74,2.23,47.66348088531187,Low,False
POST_04800,Facebook,Live,Gaming,818,10,40,56731,16,0.78,3.4629065040650406,Low,False
POST_04057,TikTok,Stitch,Business,30896,347,1889,29401,962,14.26,34.90765171503958,Low,False
POST_00238,Instagram,Story,Health,450,369,66,5945,590,0.48,40.19680436477007,Low,False
POST_00796,TikTok,Stitch,Technology,38498,1499,1983,401523,1411,33.03,51.25989445910291,Moderate,False
POST_04338,YouTube,Short,Travel,14502,754,1397,84857,223,3.35,48.96137787056367,Low,False
POST_01826,Facebook,Story,Business,1726,246,891,59565,258,1.02,54.48932926829267,Moderate,False
POST_02059,LinkedIn,Post,Travel,1680,148,428,11114,59,0.48,64.06374501992033,High,True
POST_03366,Facebook,Story,Education,598,349,306,35513,354,0.72,40.724085365853654,Low,False
POST_00876,Instagram,Reel,Health,1582,355,268,16515,902,6.44,75.71512081060014,High,True
POST_02992,TikTok,Stitch,Gaming,35600,1882,4740,334649,934,8.84,67.72757255936675,High,True
POST_02014,Instagram,Reel,Lifestyle,4030,97,281,11097,405,117.64,55.32930631332814,Moderate,False
POST_01919,Twitter,Thread,Food,411,275,849,91069,450,0.5,60.92303822937626,Moderate,False
POST_00394,TikTok,Video,Fashion,27553,915,2443,411122,2750,6.73,64.17875989445909,High,True
POST_03405,LinkedIn,Poll,Lifestyle,833,116,425,16174,224,0.28,72.55478087649404,High,True
POST_04767,TikTok,Stitch,Health,48335,1743,2281,457082,807,19.19,51.2434036939314,Moderate,False
POST_03226,TikTok,Stitch,Fashion,28487,43,474,394563,261,12.47,13.598284960422163,Low,False
POST_01945,TikTok,Video,Health,10320,1664,4569,468593,1953,5.24,69.82189973614776,High,True
POST_03411,Twitter,Thread,Gaming,516,86,465,78554,478,0.31,47.69617706237425,Low,False
POST_04832,LinkedIn,Article,Entertainment,1007,127,294,6085,158,2.43,58.52091633466136,Moderate,False
POST_02896,TikTok,Duet,Technology,23670,881,3481,493835,1168,413.27,50.8641160949868,Moderate,False
POST_00840,Facebook,Live,Entertainment,7882,354,549,53233,503,3.12,69.692581300813,High,True
POST_00068,TikTok,Duet,Gaming,8071,559,995,292795,1294,3.93,26.658970976253293,Low,False
POST_03616,Instagram,Reel,Education,1513,295,40,38139,52,1.87,17.92478565861263,Low,False
POST_03043,Instagram,Reel,Lifestyle,3130,480,168,18244,916,1.89,70.95869056897894,High,True
POST_00161,Twitter,Tweet,Fashion,4031,47,1420,34910,425,7.47,69.12474849094566,High,True
POST_03808,Twitter,Tweet,Sports,4133,165,1827,31261,67,1.98,57.24597585513078,Moderate,False
POST_03719,Twitter,Thread,Technology,2023,73,1385,94232,350,17.08,59.039235412474845,Moderate,False
POST_00705,Instagram,Reel,Lifestyle,1686,41,108,18727,194,1.39,22.622759158222912,Low,False
POST_00174,Instagram,Carousel,Fitness,1836,392,85,10149,380,1.07,37.6480904130943,Low,False
POST_03113,LinkedIn,Poll,Lifestyle,798,3,143,3829,289,0.55,49.34760956175299,Low,False
POST_01691,Instagram,Story,Technology,9169,418,10,37392,665,2.0,50.79696024941542,Moderate,False
POST_01688,Facebook,Post,Business,7885,69,70,24239,602,318.03,46.70985772357723,Low,False
POST_04647,LinkedIn,Post,Gaming,1832,133,229,2563,216,0.83,67.11653386454184,High,True
POST_04416,Facebook,Video,Fitness,6830,103,595,10523,464,1.63,57.89126016260162,Moderate,False
POST_00035,YouTube,Short,Food,6733,722,1014,619882,1271,3.95,43.324634655532364,Low,False
POST_01421,Twitter,Retweet,Health,4217,113,697,49743,20,24.12,31.40090543259557,Low,False
POST_04083,Facebook,Live,Food,3614,289,388,12310,98,1.34,35.46239837398373,Low,False
POST_03873,Instagram,Reel,Technology,3130,417,207,20889,839,1.88,70.47739672642244,High,True
POST_01012,YouTube,Live,Gaming,11156,90,1249,400782,3411,11.06,56.419624217118994,Moderate,False
POST_03664,Instagram,Reel,Technology,9249,274,94,48568,387,7.25,46.53156664068588,Low,False
POST_01877,Facebook,Post,Entertainment,776,244,495,69048,715,36.23,59.51727642276423,Moderate,False
POST_01598,Instagram,Reel,Fitness,2673,384,20,49983,327,1.15,29.101714731098987,Low,False
POST_01850,Facebook,Post,Sports,2325,195,423,51300,313,1.65,39.40294715447155,Low,False
POST_04952,Instagram,Story,Fitness,6249,172,206,2294,200,2.27,45.46375681995323,Low,False
POST_02081,Instagram,Photo,Lifestyle,5030,269,214,2880,19,2.61,41.24902572096648,Low,False
POST_04588,Instagram,Carousel,Lifestyle,5457,70,154,48094,444,8.36,43.78409976617303,Low,False
POST_02684,Twitter,Poll,Fitness,145,62,124,51603,194,1.03,18.327464788732396,Low,False
POST_03754,LinkedIn,Article,Fashion,1270,14,350,790,13,2.78,34.382470119521905,Low,False
POST_00707,Twitter,Retweet,Food,4282,91,268,22711,216,1.13,37.09255533199195,Low,False
POST_01824,TikTok,Video,Education,36970,740,2246,333848,465,9.38,35.514511873350926,Low,False
POST_03584,TikTok,Video,Health,29643,660,53,491080,916,7.62,23.129947229551448,Low,False
POST_02095,Twitter,Thread,Health,3334,165,328,98847,43,2.02,27.03470824949698,Low,False
POST_01584,Facebook,Live,Fashion,6763,69,180,8445,262,2.24,32.87093495934959,Low,False
POST_04119,Instagram,Carousel,Health,1178,470,253,34287,938,0.53,77.60132501948559,Very High,True
POST_04960,LinkedIn,Post,Fashion,377,79,434,20982,262,0.19,70.96115537848605,High,True
POST_01297,Instagram,Reel,Health,9225,227,21,31978,849,2.08,52.42790335151988,Moderate,False
POST_02354,TikTok,Video,Fashion,15705,567,1300,442599,1994,17.66,39.90765171503958,Low,False
POST_01194,Facebook,Story,Technology,3803,186,71,2864,390,1.84,33.30792682926829,Low,False
POST_02857,Instagram,Carousel,Fashion,2481,81,235,2237,494,65.11,50.46960249415432,Moderate,False
POST_04182,LinkedIn,Post,Food,688,14,493,23732,159,1.17,59.716135458167315,Moderate,False
POST_03971,YouTube,Short,Fashion,1818,380,1045,670103,4546,1.67,57.67223382045928,Moderate,False
POST_03186,Facebook,Post,Education,782,136,161,27848,442,0.24,31.59298780487805,Low,False
POST_01976,YouTube,Video,Gaming,3016,337,1208,529016,4556,2.42,60.92901878914405,Moderate,False
POST_02265,Facebook,Video,Business,3400,12,98,67773,378,1.71,25.88668699186992,Low,False
POST_03437,Instagram,Reel,Entertainment,7128,158,12,17456,653,1.49,39.81878409976617,Low,False
POST_03260,TikTok,Stitch,Health,9864,310,2721,411058,677,4.26,30.461741424802113,Low,False
POST_00642,Twitter,Poll,Lifestyle,4619,226,1578,48800,447,5.49,84.11468812877263,Very High,True
POST_04100,Instagram,Carousel,Fashion,7153,450,126,40290,337,2.11,50.58067030397505,Moderate,False
POST_03798,Instagram,Story,Gaming,9799,160,215,19669,806,5.99,72.75136399064692,High,True
POST_04232,Facebook,Live,Fashion,6447,157,655,35960,742,3.48,73.57723577235772,High,True
POST_03498,TikTok,Stitch,Technology,19738,1402,2768,21396,2257,5.68,61.18403693931398,Moderate,False
POST_03313,LinkedIn,Poll,Food,170,103,335,5007,278,0.56,65.85657370517927,High,True
POST_03777,TikTok,Video,Fashion,43142,975,56,227029,2926,14.52,54.1490765171504,Moderate,False
POST_02834,Twitter,Thread,Gaming,4909,210,1161,90468,437,10.41,76.13933601609656,High,True
POST_02169,LinkedIn,Post,Gaming,183,74,232,3306,165,0.1,43.57569721115537,Low,False
POST_00216,Instagram,Photo,Sports,3585,250,82,42121,918,4.17,55.17147310989867,Moderate,False
POST_02289,Facebook,Post,Travel,6107,373,309,49284,155,2.02,43.480691056910565,Low,False
POST_01817,Twitter,Thread,Education,4291,263,768,30602,204,2.51,52.91247484909456,Moderate,False
POST_02954,Facebook,Video,Gaming,6386,281,760,51355,124,3.65,54.74085365853658,Moderate,False
POST_04887,Twitter,Retweet,Entertainment,180,5,1430,2733,324,0.46,48.20422535211267,Low,False
POST_03023,LinkedIn,Post,Food,283,12,311,6862,5,1.93,24.018924302788843,Low,False
POST_01728,YouTube,Community Post,Fashion,5950,802,1230,763129,609,2.72,43.53340292275574,Low,False
POST_02722,TikTok,Stitch,Food,253,591,807,75422,2231,0.41,34.49208443271768,Low,False
POST_01142,Twitter,Poll,Lifestyle,2106,207,1927,70535,47,1.25,54.25301810865191,Moderate,False
POST_04599,Twitter,Thread,Education,1865,7,471,36712,203,0.86,28.00301810865191,Low,False
POST_04984,TikTok,Video,Food,6118,1766,1818,403929,833,3.85,35.40567282321899,Low,False
POST_00849,Facebook,Story,Gaming,6884,160,849,50938,426,2.62,66.86483739837398,High,True
POST_01656,YouTube,Short,Fitness,10959,625,530,536872,2126,2.69,43.543841336116905,Low,False
POST_01512,LinkedIn,Poll,Lifestyle,400,136,329,18122,239,0.71,65.32370517928287,High,True
POST_01537,Instagram,Story,Food,4633,110,194,25552,131,1.06,37.72213561964146,Low,False
POST_04949,TikTok,Video,Travel,555,1509,4325,206228,725,1.29,48.14643799472296,Low,False
POST_02963,Twitter,Poll,Travel,1038,231,669,28546,292,0.44,46.622233400402415,Low,False
POST_04893,Facebook,Live,Travel,4436,220,918,27311,350,1.21,63.739837398373986,Moderate,False
POST_00931,Instagram,Photo,Fitness,4141,448,216,29250,484,3.33,61.66406858924396,Moderate,False
POST_04723,Instagram,Photo,Education,5297,90,29,47725,260,2.16,22.554559625876852,Low,False
POST_01287,Instagram,Reel,Fashion,4195,89,184,11434,13,7.88,30.97817614964926,Low,False
POST_04172,YouTube,Short,Education,12569,653,169,386367,224,2.9,24.180584551148225,Low,False
POST_01494,Instagram,Reel,Fitness,6877,129,66,1292,793,3.25,49.62977396726422,Low,False
POST_00546,Twitter,Tweet,Fitness,4386,96,146,49821,210,1.04,34.90191146881288,Low,False
POST_03944,Twitter,Poll,Fitness,1414,52,219,21856,416,0.49,40.0,Low,False
POST_00822,Instagram,Story,Fitness,7588,275,166,24134,816,8.64,67.80007794232267,High,True
POST_02073,Instagram,Reel,Sports,5657,22,57,19850,44,8.72,17.04793452844895,Low,False
POST_00208,LinkedIn,Document,Education,1102,102,377,29889,149,1.51,61.89741035856573,Moderate,False
POST_02979,LinkedIn,Article,Health,112,132,441,15568,114,1.12,58.52091633466136,Moderate,False
POST_02670,Twitter,Tweet,Food,3351,5,1916,45954,474,3.55,77.35160965794769,Very High,True
POST_04189,LinkedIn,Post,Gaming,1028,66,406,13670,67,0.37,50.722111553784856,Moderate,False
POST_02845,Facebook,Story,Entertainment,491,268,206,33440,229,0.27,28.053861788617883,Low,False
POST_01565,TikTok,Duet,Business,16808,995,4802,459412,1789,5.36,66.39841688654353,High,True
POST_02163,Twitter,Retweet,Gaming,4830,92,385,22323,154,2.78,36.25503018108652,Low,False
POST_03061,Twitter,Thread,Fitness,85,11,206,20332,218,0.06,19.087022132796776,Low,False
POST_01062,YouTube,Community Post,Fashion,19528,322,534,399216,3367,102.71,53.06367432150313,Moderate,False
POST_03104,Twitter,Tweet,Travel,985,278,1184,89598,204,0.5,51.355633802816904,Moderate,False
POST_00968,Twitter,Thread,Education,175,103,1041,40419,469,0.3,56.7781690140845,Moderate,False
POST_04821,Twitter,Poll,Fitness,2019,126,145,4386,325,1.57,37.60814889336016,Low,False
POST_04626,LinkedIn,Document,Lifestyle,818,66,436,21553,162,0.28,61.68824701195219,Moderate,False
POST_03948,Facebook,Video,Health,5900,5,98,26458,747,1.7,46.98678861788618,Low,False
POST_04858,YouTube,Community Post,Health,15275,349,40,883318,3970,10.33,45.19832985386221,Low,False
POST_04177,Facebook,Video,Education,2803,286,490,9424,192,3.26,41.15853658536585,Low,False
POST_03369,Instagram,Carousel,Lifestyle,4407,334,245,30646,912,2.56,77.2505845674201,Very High,True
POST_00230,Facebook,Post,Business,5404,355,381,63916,365,50.69,52.84552845528455,Moderate,False
POST_04042,Twitter,Poll,Business,360,183,1705,81855,268,1.54,58.71981891348088,Moderate,False
POST_04098,Instagram,Carousel,Fashion,5361,129,297,21408,401,5.11,60.142244738893226,Moderate,False
POST_01551,YouTube,Community Post,Education,2803,202,1382,146306,1464,1.67,40.83507306889352,Low,False
POST_04630,Facebook,Video,Sports,3206,371,505,74987,254,1.02,48.50609756097561,Low,False
POST_02566,Twitter,Tweet,Travel,1703,193,1365,33481,246,0.78,56.04376257545272,Moderate,False
POST_01686,TikTok,Video,Entertainment,11138,1367,4080,427452,1441,4.09,58.001319261213716,Moderate,False
POST_02113,Instagram,Photo,Fitness,7533,344,79,2249,537,113.98,49.9941543257989,Moderate,False
POST_03289,YouTube,Video,Food,7538,43,1030,43448,1981,2.08,39.206680584551144,Low,False
POST_00650,Facebook,Live,Fashion,6906,189,47,66083,524,3.91,44.71036585365854,Low,False
POST_01940,Instagram,Reel,Fashion,4152,350,14,27715,295,1.13,28.729540140296177,Low,False
POST_01567,LinkedIn,Article,Travel,740,117,267,26752,240,0.29,63.117529880478074,Moderate,False
POST_03947,LinkedIn,Document,Education,840,82,143,11761,45,5.79,29.158366533864537,Low,False
POST_04103,Facebook,Video,Technology,3718,7,652,2827,11,10.22,30.04319105691057,Low,False
POST_04666,LinkedIn,Poll,Lifestyle,1002,47,350,28889,36,0.37,39.6613545816733,Low,False
POST_02202,Instagram,Carousel,Education,6461,399,114,31385,677,3.55,59.20109119251753,Moderate,False
POST_00064,Twitter,Retweet,Food,674,246,1959,44952,47,2.34,52.07997987927565,Moderate,False
POST_02902,TikTok,Duet,Fashion,29515,1848,2471,88872,654,53.31,46.48746701846965,Low,False
POST_04929,LinkedIn,Document,Lifestyle,1706,102,396,29371,5,1.99,49.995019920318725,Moderate,False
POST_01128,Twitter,Tweet,Fashion,649,241,779,25935,10,0.53,27.80432595573441,Low,False
POST_03472,TikTok,Video,Technology,22937,991,3243,406634,1316,28.38,50.92348284960422,Moderate,False
POST_03974,LinkedIn,Poll,Travel,1535,147,442,1515,292,0.87,90.79681274900398,Very High,True
POST_02592,TikTok,Stitch,Food,39818,50,4675,95577,1150,41.48,57.572559366754604,Moderate,False
POST_04784,Twitter,Thread,Health,1426,75,1297,54262,333,1.03,54.552313883299796,Moderate,False
POST_04919,TikTok,Duet,Gaming,34492,1642,2977,196703,1575,9.98,60.178100263852244,Moderate,False
POST_01747,Instagram,Story,Health,9376,494,130,9456,687,2.55,67.96765393608727,High,True
POST_00464,Facebook,Video,Food,119,262,878,34819,86,4.46,44.761178861788615,Low,False
POST_00598,Instagram,Carousel,Sports,1351,242,204,9450,756,1.56,58.98285268901014,Moderate,False
POST_04965,Facebook,Post,Lifestyle,1417,337,15,52074,307,47.9,28.544207317073166,Low,False
POST_03770,Instagram,Photo,Technology,8644,335,28,27520,962,3.44,59.8012470771629,Moderate,False
POST_03451,Facebook,Video,Sports,4400,199,380,53384,551,6.26,53.46544715447155,Moderate,False
POST_02096,TikTok,Video,Business,45795,1936,2701,368254,2305,35.38,73.03430079155673,High,True
POST_00784,Twitter,Thread,Entertainment,3226,11,585,11068,391,0.91,47.3817907444668,Low,False
POST_02422,Instagram,Story,Food,3147,256,4,36341,613,2.05,34.5771628994544,Low,False
POST_02237,TikTok,Stitch,Technology,44071,1218,3145,332716,1878,29.55,65.4419525065963,High,True
POST_02654,Instagram,Photo,Fashion,2171,59,237,8239,33,5.13,33.63990646921278,Low,False
POST_04806,Facebook,Live,Fashion,7744,116,575,55109,552,2.01,63.841463414634134,Moderate,False
POST_02610,Instagram,Photo,Entertainment,7741,256,217,29297,619,2.15,66.47895557287606,High,True
POST_04625,YouTube,Community Post,Entertainment,7060,575,1189,548449,651,2.51,40.38622129436325,Low,False
POST_02847,TikTok,Duet,Business,47180,921,3480,285364,1447,59.9,61.147757255936675,Moderate,False
POST_01829,TikTok,Stitch,Education,20240,1633,501,184809,649,12.73,27.209762532981525,Low,False
POST_03555,Instagram,Reel,Gaming,2379,143,88,49141,988,0.54,53.11184723304754,Moderate,False
POST_03430,Facebook,Live,Fashion,4408,289,944,60223,507,1.95,74.88821138211381,High,True
POST_04715,Facebook,Live,Fitness,3556,198,430,34618,134,14.87,34.47154471544715,Low,False
POST_04239,LinkedIn,Poll,Technology,1062,138,28,16326,17,0.35,24.905378486055774,Low,False
POST_02104,LinkedIn,Article,Business,1846,36,88,18025,186,4.75,45.353585657370516,Low,False
POST_03488,Instagram,Reel,Fashion,3237,146,198,34057,549,3.15,51.634840218238494,Moderate,False
POST_00106,Instagram,Story,Education,371,71,136,12842,985,1.32,53.180046765393605,Moderate,False
POST_04455,TikTok,Stitch,Travel,25230,102,4997,298441,2728,21.13,74.5646437994723,High,True
POST_04167,Instagram,Story,Sports,5218,403,62,5790,152,7.31,32.42400623538582,Low,False
POST_02217,TikTok,Stitch,Sports,5660,575,2287,434613,821,9.82,29.376649076517147,Low,False
POST_03736,Facebook,Live,Education,5867,49,733,7846,470,1.54,59.64430894308943,Moderate,False
POST_01260,Facebook,Live,Lifestyle,2344,282,92,31974,633,0.58,45.73678861788617,Low,False
POST_03109,Facebook,Live,Health,237,262,934,37926,790,2.83,77.71595528455283,Very High,True
POST_02891,Twitter,Thread,Lifestyle,4954,47,672,16847,436,2.34,58.66197183098591,Moderate,False
POST_03417,Twitter,Tweet,Fitness,1240,110,1888,61635,268,19.87,60.81991951710262,Moderate,False
POST_02383,YouTube,Short,Health,12274,33,1022,805350,2867,3.64,48.4081419624217,Low,False
POST_02890,TikTok,Stitch,Health,13311,699,860,59235,1511,3.5,30.956464379947228,Low,False
POST_04556,Facebook,Story,Sports,561,341,25,25408,140,0.34,20.99593495934959,Low,False
POST_03047,Twitter,Thread,Entertainment,3385,238,1935,22663,324,1.66,78.56639839034204,Very High,True
POST_01618,LinkedIn,Post,Fitness,917,30,480,17738,197,0.33,66.3097609561753,High,True
POST_03236,Instagram,Reel,Lifestyle,4311,493,235,22378,442,1.35,63.445050662509736,Moderate,False
POST_00979,Facebook,Post,Sports,4808,185,6,40929,173,1.25,23.523882113821138,Low,False
POST_00126,Twitter,Thread,Business,1007,292,539,89365,258,0.46,45.08551307847082,Low,False
POST_02327,TikTok,Video,Health,2755,418,1334,183742,1226,1.88,26.23350923482849,Low,False
POST_02517,Instagram,Carousel,Food,8726,173,292,25321,275,1.91,61.65237724084178,Moderate,False
POST_04966,Instagram,Photo,Education,3044,405,199,1275,856,1.2,69.84021823850351,High,True
POST_03157,YouTube,Community Post,Food,10297,91,1007,249093,1442,7.82,38.068893528183715,Low,False
POST_01941,Instagram,Story,Sports,6582,420,273,26082,722,14.44,79.34528448947778,Very High,True
POST_03561,Twitter,Poll,Gaming,1603,277,1994,42842,167,3.29,65.06790744466801,High,True
POST_01513,YouTube,Short,Fashion,10371,810,831,522291,3618,4.55,59.603340292275576,Moderate,False
POST_01289,Instagram,Story,Travel,7350,104,173,36114,128,2.65,38.89321901792673,Low,False
POST_02375,LinkedIn,Poll,Technology,815,107,22,1943,14,0.21,18.97410358565737,Low,False
POST_00751,Instagram,Photo,Gaming,1453,459,82,29876,558,0.54,45.19095869056897,Low,False
POST_02320,Twitter,Thread,Fashion,1701,254,676,8004,53,0.61,33.36016096579477,Low,False
POST_04409,Twitter,Poll,Fashion,1921,68,1219,90526,47,1.05,34.02162977867203,Low,False
POST_01772,TikTok,Stitch,Health,34356,59,4218,132343,985,11.28,50.74208443271767,Moderate,False
POST_04846,Twitter,Retweet,Education,1617,44,1951,93911,100,1.02,48.337525150905435,Low,False
POST_04019,Twitter,Poll,Business,1620,271,1615,45449,444,2.22,77.83953722334003,Very High,True
POST_01543,Facebook,Live,Sports,2936,61,825,66643,344,0.81,51.16615853658537,Moderate,False
POST_02130,Twitter,Thread,Travel,1093,229,1979,57776,14,2.3,50.591046277665995,Moderate,False
POST_03089,Facebook,Post,Health,5101,83,48,56250,543,3.04,38.813516260162594,Low,False
POST_04222,Facebook,Post,Technology,3029,26,361,69100,369,2.52,35.256605691056905,Low,False
POST_03761,Instagram,Reel,Entertainment,3841,478,138,17717,372,1.31,49.11925175370225,Low,False
POST_03963,Instagram,Photo,Lifestyle,171,39,70,48940,496,0.06,26.22954014029618,Low,False
POST_04536,Facebook,Video,Education,930,371,878,36101,443,0.52,66.27540650406503,High,True
POST_00433,Facebook,Story,Entertainment,359,52,777,58087,629,1.51,58.35111788617886,Moderate,False
POST_01389,YouTube,Community Post,Fitness,12320,523,1125,832600,4374,5.45,67.58872651356992,High,True
POST_04195,Facebook,Live,Sports,1548,305,875,6338,213,1.46,54.014227642276424,Moderate,False
POST_02933,Instagram,Reel,Health,7368,290,266,14031,225,1.82,58.517147310989856,Moderate,False
POST_02414,Instagram,Carousel,Fitness,817,395,144,47931,767,0.45,56.6796570537802,Moderate,False
POST_04510,YouTube,Community Post,Fashion,8265,205,740,836590,3721,4.2,48.77870563674321,Low,False
POST_02581,Instagram,Reel,Food,1182,31,247,23082,986,0.31,65.33125487139516,High,True
POST_01601,Instagram,Story,Food,4547,111,112,24328,223,1.58,31.079501169134836,Low,False
POST_00488,Twitter,Tweet,Education,1997,222,1933,88579,365,1.81,76.74547283702213,Very High,True
POST_04471,YouTube,Video,Health,16986,428,1556,403137,2580,6.5,64.55636743215031,High,True
POST_01087,Facebook,Live,Gaming,6205,314,156,47139,735,2.04,61.04166666666666,Moderate,False
POST_00922,Facebook,Story,Fitness,898,363,237,63297,250,0.64,34.65955284552845,Low,False
POST_01079,Instagram,Carousel,Entertainment,4342,325,47,23557,406,3.41,35.705378020265,Low,False
POST_03575,TikTok,Duet,Education,35052,1367,4686,225389,2518,15.85,81.76451187335093,Very High,True
POST_04569,Instagram,Reel,Sports,1289,378,15,3301,169,1.33,20.94115354637568,Low,False
POST_02929,TikTok,Stitch,Sports,48015,847,622,366634,2415,11.99,51.777704485488115,Moderate,False
POST_00104,Facebook,Live,Technology,7284,25,214,2893,474,2.35,43.099593495934954,Low,False
POST_00332,TikTok,Duet,Lifestyle,39259,1247,2426,226432,687,14.7,44.32717678100264,Low,False
POST_02338,Twitter,Poll,Business,4520,216,1408,4841,351,1.31,73.8430583501006,High,True
POST_04243,TikTok,Stitch,Technology,19171,1246,1524,37947,2635,66.38,55.15171503957783,Moderate,False
POST_04575,TikTok,Video,Gaming,15688,81,4567,458518,1828,4.16,58.18601583113456,Moderate,False
POST_03606,Instagram,Story,Health,896,83,15,15376,665,1.14,28.616523772408414,Low,False
POST_04116,Twitter,Retweet,Business,4881,2,152,18259,163,1.36,28.279678068410462,Low,False
POST_02934,Facebook,Post,Fitness,1368,158,220,2449,168,0.52,23.554369918699187,Low,False
POST_01677,Instagram,Reel,Entertainment,3321,36,213,43942,282,7.92,40.185113016367886,Low,False
POST_02712,Facebook,Live,Travel,48,289,280,4878,666,0.67,51.03658536585365,Moderate,False
POST_03835,Facebook,Live,Fitness,1041,54,307,7042,313,4.35,28.295223577235774,Low,False
POST_04889,Instagram,Carousel,Sports,651,316,21,21568,229,0.38,20.459859703819173,Low,False
POST_04422,YouTube,Live,Entertainment,9703,769,280,286212,2039,2.59,38.716075156576196,Low,False
POST_00336,Instagram,Photo,Travel,1199,373,231,42943,354,0.57,51.44777864380359,Moderate,False
POST_01939,Facebook,Live,Health,3751,376,204,72884,428,2.16,47.197662601626014,Low,False
POST_02026,Twitter,Poll,Lifestyle,4783,5,1527,43294,275,2.08,60.3420523138833,Moderate,False
POST_03184,Instagram,Photo,Entertainment,7152,364,191,30011,112,8.55,48.42361652377241,Low,False
POST_03848,Facebook,Story,Sports,6244,83,453,8334,627,5.61,58.41463414634146,Moderate,False
POST_02166,YouTube,Short,Entertainment,12099,179,1277,16628,2990,4.29,55.79331941544885,Moderate,False
POST_04740,Facebook,Post,Food,860,156,47,71306,724,0.25,41.05691056910569,Low,False
POST_03869,LinkedIn,Document,Business,1088,56,375,4159,136,0.81,55.67231075697211,Moderate,False
POST_04755,TikTok,Video,Fitness,41082,1735,4138,122993,1771,79.62,74.02044854881265,High,True
POST_03135,Instagram,Photo,Gaming,6165,322,99,42540,872,3.5,61.2568199532346,Moderate,False
POST_01741,TikTok,Stitch,Gaming,29705,1980,4514,162795,432,13.31,58.81926121372032,Moderate,False
POST_02874,Twitter,Thread,Sports,2142,46,1609,9689,420,1.0,66.55935613682091,High,True
POST_04282,LinkedIn,Document,Food,419,65,81,6307,117,0.14,29.506972111553786,Low,False
POST_00225,Twitter,Tweet,Fashion,2543,81,20,49487,491,0.55,46.662474849094565,Low,False
POST_04344,TikTok,Stitch,Technology,49339,1012,2225,233121,204,12.17,39.06992084432717,Low,False
POST_01103,TikTok,Duet,Education,11471,1220,3054,128108,1904,3.23,55.306728232189975,Moderate,False
POST_01199,LinkedIn,Document,Food,83,7,485,12803,18,0.66,36.419322709163346,Low,False
POST_04353,Twitter,Poll,Technology,1988,245,225,96614,240,1.57,39.15744466800805,Low,False
POST_01456,YouTube,Community Post,Gaming,6637,438,1261,505316,3890,14.44,61.22129436325678,Moderate,False
POST_03215,Instagram,Carousel,Food,1192,97,10,46093,442,0.29,20.767731878409972,Low,False
POST_04498,Instagram,Carousel,Fashion,9197,97,118,5067,525,2.41,48.809431021044425,Low,False
POST_00648,LinkedIn,Document,Fitness,941,91,391,12694,42,3.18,47.838645418326685,Low,False
POST_04176,YouTube,Community Post,Entertainment,8472,715,1520,283028,902,3.18,50.72025052192066,Moderate,False
POST_03680,Twitter,Retweet,Food,4914,60,187,77434,451,2.8,52.48993963782696,Moderate,False
POST_01500,TikTok,Stitch,Health,9583,1171,1049,99449,211,2.44,19.983509234828496,Low,False
POST_01263,Twitter,Thread,Entertainment,4817,230,70,73651,382,1.22,53.67706237424548,Moderate,False
POST_02476,TikTok,Video,Education,42781,1865,4071,412036,2341,31.12,81.79749340369393,Very High,True
POST_00288,Facebook,Video,Fashion,7792,29,733,28933,379,4.8,58.34603658536586,Moderate,False
POST_00221,LinkedIn,Post,Fashion,1728,107,243,21545,172,8.83,60.34860557768924,Moderate,False
POST_00067,Instagram,Photo,Technology,9157,201,287,15947,756,13.34,79.36477007014808,Very High,True
POST_03943,Instagram,Carousel,Health,1714,234,86,31616,886,0.51,50.79501169134839,Moderate,False
POST_03261,Instagram,Carousel,Education,7709,88,260,23387,96,8.11,47.89360872954014,Low,False
POST_01796,Instagram,Story,Technology,118,60,120,12690,576,0.19,36.38152766952455,Low,False
POST_00770,TikTok,Duet,Business,7804,1485,78,199860,2650,4.18,43.93799472295514,Low,False
POST_03222,Instagram,Carousel,Fashion,3390,144,158,23624,605,2.13,49.362821512081055,Low,False
POST_02206,YouTube,Community Post,Food,5140,149,749,91932,431,1.62,23.7160751565762,Low,False
POST_00963,Instagram,Photo,Fashion,5029,171,285,9804,553,1.94,65.12081060015589,High,True
POST_00181,Twitter,Thread,Gaming,2092,273,1533,9176,254,8.18,64.69818913480884,High,True
POST_03530,Twitter,Thread,Health,4207,165,1684,47993,437,14.17,81.03621730382294,Very High,True
POST_00718,YouTube,Short,Fitness,17208,768,1390,692310,4807,4.23,82.95929018789143,Very High,True
POST_01905,LinkedIn,Poll,Entertainment,350,135,274,20259,195,0.19,57.17131474103585,Moderate,False
POST_02901,Instagram,Carousel,Gaming,9574,440,183,30783,625,2.25,70.85736554949338,High,True
POST_00081,TikTok,Stitch,Sports,32699,1704,3136,342850,862,7.92,52.36807387862796,Moderate,False
POST_00769,Twitter,Tweet,Food,4237,138,596,90241,362,1.84,55.065392354124754,Moderate,False
POST_04152,Instagram,Photo,Travel,4956,223,178,47707,245,6.42,43.07092751363991,Low,False
POST_04112,Facebook,Video,Entertainment,7299,340,323,63776,32,4.14,39.41310975609756,Low,False
POST_03588,TikTok,Stitch,Entertainment,43771,1583,1429,310532,1882,20.11,55.81464379947229,Moderate,False
POST_03648,Twitter,Tweet,Health,911,225,505,61126,85,0.49,29.341046277665995,Low,False
POST_04573,Instagram,Photo,Gaming,7460,112,52,23909,359,12.72,32.909197194076384,Low,False
POST_04747,Instagram,Carousel,Travel,3055,221,48,11603,883,1.47,47.96960249415433,Low,False
POST_02539,TikTok,Video,Fashion,12537,716,3062,186839,1563,4.59,47.13720316622691,Low,False
POST_04645,LinkedIn,Post,Entertainment,27,107,18,12912,86,0.05,22.265936254980083,Low,False
POST_01479,TikTok,Video,Travel,29524,609,3042,253290,2933,11.28,67.87269129287598,High,True
POST_02927,TikTok,Stitch,Travel,8781,14,95,75908,2104,83.94,26.978891820580476,Low,False
POST_02565,Twitter,Retweet,Business,4389,126,1411,11556,335,3.58,67.87726358148893,High,True
POST_03015,Facebook,Live,Fitness,7612,311,892,45488,312,3.57,70.71646341463413,High,True
POST_03981,TikTok,Stitch,Entertainment,24977,521,604,208125,1167,6.41,27.513192612137203,Low,False
POST_03445,YouTube,Short,Technology,14917,178,804,346625,1203,6.02,36.82672233820459,Low,False
POST_01097,Instagram,Story,Travel,7870,135,5,1999,272,2.84,25.53000779423227,Low,False
POST_02141,TikTok,Duet,Technology,45780,1869,1990,230880,2770,10.79,73.39050131926122,High,True
POST_04171,Instagram,Carousel,Fashion,2757,210,115,16377,799,0.84,52.10639127045986,Moderate,False
POST_04173,Twitter,Thread,Entertainment,3062,159,1898,45480,110,1.15,58.55885311871227,Moderate,False
POST_03083,Instagram,Photo,Lifestyle,3316,366,123,24013,999,0.88,66.13406079501169,High,True
POST_04153,LinkedIn,Article,Lifestyle,1126,43,388,27866,259,0.44,69.38745019920319,High,True
POST_04046,Twitter,Tweet,Travel,2253,86,1855,60031,160,1.49,55.02012072434608,Moderate,False
POST_04055,TikTok,Duet,Sports,44006,1151,4014,31568,2888,17.2,83.3245382585752,Very High,True
POST_03642,YouTube,Short,Technology,1772,985,1661,786057,1798,4.23,58.33507306889353,Moderate,False
POST_03936,Facebook,Story,Technology,1862,182,547,11672,58,0.56,31.521849593495933,Low,False
POST_04162,Instagram,Photo,Fashion,6413,86,50,20508,29,1.94,19.43296960249415,Low,False
POST_01317,Facebook,Live,Food,6771,347,512,19088,420,1.7,62.00457317073172,Moderate,False
POST_04054,Facebook,Post,Technology,1105,223,308,79935,671,0.39,51.349085365853654,Moderate,False
POST_01248,Instagram,Story,Lifestyle,2808,196,190,20991,248,3.96,40.60015588464535,Low,False
POST_02066,TikTok,Stitch,Education,6724,464,215,85667,648,3.68,12.199868073878628,Low,False
POST_02537,LinkedIn,Poll,Business,1580,99,238,10630,126,1.91,53.32171314741036,Moderate,False
POST_02623,Twitter,Retweet,Sports,3438,59,159,96798,491,0.82,50.49798792756539,Moderate,False
POST_03980,Twitter,Thread,Food,2422,22,300,50449,332,7.13,36.6851106639839,Low,False
POST_04921,YouTube,Community Post,Entertainment,18945,79,251,923640,1732,4.12,32.56263048016701,Low,False
POST_01484,Instagram,Photo,Gaming,875,245,246,24499,374,0.3,49.6667965705378,Low,False
POST_04123,LinkedIn,Poll,Fashion,1695,95,63,4212,191,1.29,49.07370517928287,Low,False
POST_02659,Instagram,Carousel,Business,6203,472,125,26285,555,2.45,57.88776305533905,Moderate,False
POST_00359,YouTube,Live,Education,8570,977,1849,346250,4553,6.21,85.44363256784968,Very High,True
POST_03054,Twitter,Tweet,Lifestyle,4921,162,1607,65099,81,4.42,56.97434607645875,Moderate,False
POST_04389,Instagram,Carousel,Entertainment,579,38,182,2486,356,0.19,34.6024941543258,Low,False
POST_01801,YouTube,Short,Education,18334,280,1594,597575,1732,9.61,58.580375782881,Moderate,False
POST_03522,Facebook,Live,Lifestyle,7055,264,522,51223,748,6.57,74.1869918699187,High,True
POST_01085,YouTube,Community Post,Entertainment,15479,322,385,983104,1744,6.63,36.05949895615866,Low,False
POST_02344,Twitter,Poll,Education,976,178,1089,31284,420,13.53,60.23138832997987,Moderate,False
POST_02403,Twitter,Retweet,Fitness,2846,195,1009,47746,250,12.67,53.23692152917505,Moderate,False
POST_02758,TikTok,Stitch,Technology,39821,218,2272,399929,770,23.32,36.44459102902374,Low,False
POST_03844,Twitter,Tweet,Lifestyle,4562,255,1093,22875,62,2.57,49.78370221327968,Low,False
POST_03211,Instagram,Carousel,Business,444,156,22,5560,976,0.64,41.91153546375681,Low,False
POST_01751,Facebook,Story,Fashion,3856,168,928,41657,580,2.13,71.8826219512195,High,True
POST_04849,TikTok,Video,Food,20332,1425,2418,235136,1602,7.5,51.56332453825857,Moderate,False
POST_02711,TikTok,Stitch,Travel,22985,1031,2681,151205,2119,14.73,57.229551451187334,Moderate,False
POST_04014,Instagram,Carousel,Fitness,4933,115,142,1244,544,1.67,46.81995323460638,Low,False
POST_04230,Instagram,Story,Sports,7284,54,4,31445,587,5.06,33.35736554949337,Low,False
POST_02498,TikTok,Video,Fashion,22447,1304,3649,285603,1592,14.51,59.57124010554089,Moderate,False
POST_02279,Facebook,Video,Technology,3284,312,21,8247,347,1.33,33.53150406504065,Low,False
POST_03952,TikTok,Duet,Fitness,21597,1379,2371,11258,2761,5.39,65.46503957783641,High,True
POST_02227,Twitter,Poll,Education,2047,2,134,71639,31,8.56,10.784708249496981,Low,False
POST_00211,Facebook,Post,Gaming,139,140,55,18683,94,0.79,11.664126016260163,Low,False
POST_04604,Twitter,Poll,Travel,3495,7,455,26483,101,5.12,26.02112676056338,Low,False
POST_01978,Twitter,Retweet,Lifestyle,614,142,850,20439,99,1.51,30.394869215291752,Low,False
POST_04333,Twitter,Poll,Fashion,4166,154,1864,45659,398,5.56,80.64386317907444,Very High,True
POST_02083,Facebook,Post,Fashion,2180,163,204,44991,702,1.09,48.48577235772357,Low,False
POST_00621,Instagram,Story,Business,9926,150,142,31093,860,6.3,66.11652377240841,High,True
POST_01637,Twitter,Thread,Fashion,47,49,612,4236,462,0.19,45.35965794768612,Low,False
POST_02499,YouTube,Short,Entertainment,13081,203,1639,815161,1798,3.95,54.93215031315239,Moderate,False
POST_01670,TikTok,Duet,Fitness,22549,1799,4303,144648,868,5.83,58.779683377308714,Moderate,False
POST_00270,Twitter,Poll,Gaming,4701,144,971,77579,402,2.16,65.79979879275653,High,True
POST_04745,Instagram,Reel,Business,6500,60,100,6664,906,2.96,55.23577552611067,Moderate,False
POST_02942,Facebook,Post,Sports,4456,346,60,55278,112,1.8,28.193597560975608,Low,False
POST_02794,Twitter,Poll,Gaming,4701,19,144,88154,332,1.46,40.19114688128772,Low,False
POST_01775,TikTok,Video,Fitness,18789,1741,2015,56119,439,11.72,36.28298153034301,Low,False
POST_04241,LinkedIn,Article,Sports,1359,145,11,14036,145,0.31,42.6593625498008,Low,False
POST_00311,Twitter,Poll,Education,4091,208,1651,27926,116,2.81,60.364688128772634,Moderate,False
POST_04975,Twitter,Retweet,Food,1607,267,1370,21646,155,0.94,52.98289738430583,Moderate,False
POST_00042,Facebook,Live,Entertainment,4213,99,660,41212,222,1.0,44.40548780487804,Low,False
POST_04818,TikTok,Video,Food,37306,602,4084,244552,941,22.41,53.49274406332454,Moderate,False
POST_02962,Twitter,Tweet,Technology,2219,148,1579,54948,29,8.09,44.33601609657948,Low,False
POST_04125,TikTok,Video,Fitness,29207,222,1449,261817,1011,8.21,31.32585751978891,Low,False
POST_01375,Instagram,Story,Education,6409,33,103,29294,63,2.52,24.80319563522993,Low,False
POST_01959,Facebook,Post,Education,7262,195,957,1885,539,2.55,78.64075203252031,Very High,True
POST_01979,TikTok,Stitch,Business,46885,119,2680,250389,2810,113.66,65.8344327176781,High,True
POST_00950,Facebook,Live,Technology,6965,265,333,17546,385,1.77,51.54979674796748,Moderate,False
POST_01692,Facebook,Post,Business,2425,151,580,50331,706,8.93,61.793699186991866,Moderate,False
POST_03386,TikTok,Duet,Education,19751,411,83,204307,2983,5.4,44.05343007915567,Low,False
POST_03239,Facebook,Video,Gaming,3531,366,983,46492,473,1.17,75.65802845528454,High,True
POST_02150,TikTok,Video,Education,37976,1793,1986,95214,1784,10.74,58.406992084432716,Moderate,False
POST_00812,TikTok,Stitch,Travel,37602,1620,1617,286053,2577,8.67,62.99472295514512,Moderate,False
POST_00739,Twitter,Poll,Fashion,3891,83,850,28385,197,1.16,44.02162977867203,Low,False
POST_04410,Facebook,Video,Health,7832,280,347,41443,132,2.43,43.389227642276424,Low,False
POST_03449,Facebook,Live,Gaming,885,274,664,37189,118,0.47,40.4979674796748,Low,False
POST_00572,TikTok,Duet,Technology,1131,1247,2092,394569,2865,0.96,57.18007915567283,Moderate,False
POST_04330,TikTok,Video,Food,49202,268,4161,70881,896,15.09,55.15831134564644,Moderate,False
POST_03143,Facebook,Video,Fitness,4808,164,469,18006,571,1.85,56.83943089430894,Moderate,False
POST_02100,Twitter,Thread,Sports,3683,256,129,34937,107,6.42,33.93360160965794,Low,False
POST_04105,Twitter,Poll,Education,2422,34,666,41640,143,1.9,29.864185110663982,Low,False
POST_03026,Twitter,Thread,Travel,335,160,702,51528,260,0.8,39.0920523138833,Low,False
POST_04940,TikTok,Stitch,Health,3214,127,2956,91030,1395,2.2,37.5,Low,False
POST_01378,Facebook,Post,Gaming,7392,294,891,62500,214,8.9,65.3150406504065,High,True
POST_04488,Twitter,Thread,Gaming,1350,179,122,61461,231,1.14,31.40090543259557,Low,False
POST_04079,TikTok,Duet,Business,41160,1500,3937,100011,918,25.41,60.55738786279683,Moderate,False
POST_02885,Instagram,Photo,Education,6755,171,166,34098,198,4.69,41.878409976617306,Low,False
POST_03230,Instagram,Carousel,Entertainment,7891,371,71,1071,188,6.11,38.17030397505846,Low,False
POST_02448,Instagram,Reel,Technology,8810,219,157,48179,71,1.88,40.791114575214344,Low,False
POST_03195,Twitter,Poll,Fitness,3778,30,183,85008,474,22.51,49.559859154929576,Low,False
POST_00281,TikTok,Duet,Education,6715,628,153,108187,913,3.78,16.348944591029024,Low,False
POST_01118,TikTok,Stitch,Fitness,12455,196,1256,55775,2525,5.01,42.28891820580475,Low,False
POST_04593,Facebook,Story,Food,6371,172,127,45756,553,1.9,47.22306910569105,Low,False
POST_01961,Instagram,Photo,Technology,2671,111,126,5374,465,31.95,38.54247856586126,Low,False
POST_03931,YouTube,Live,Business,16499,946,237,374617,2204,3.87,46.67536534446764,Low,False
POST_01529,TikTok,Video,Fashion,2087,1549,4849,88905,2415,4.14,73.59498680738785,High,True
POST_00049,Facebook,Story,Food,3097,11,28,22318,683,2.05,37.05030487804878,Low,False
POST_04733,LinkedIn,Document,Gaming,1376,124,224,14301,178,0.5,58.29183266932271,Moderate,False
POST_02102,Facebook,Video,Lifestyle,153,269,794,32654,388,1.95,55.32774390243902,Moderate,False
POST_02987,Instagram,Carousel,Sports,1236,438,41,37355,917,1.72,51.68939984411535,Moderate,False
POST_02063,TikTok,Video,Travel,41501,10,922,174559,1270,15.94,32.30870712401055,Low,False
POST_04322,YouTube,Live,Lifestyle,17650,877,1213,199498,3051,10.33,69.31628392484342,High,True
POST_03608,Twitter,Thread,Entertainment,3829,261,1624,56131,352,1.81,78.02816901408451,Very High,True
POST_02881,Twitter,Poll,Travel,1074,260,1132,36284,5,1.52,36.32042253521127,Low,False
POST_00088,Facebook,Video,Travel,3130,273,690,46240,67,32.49,43.076727642276424,Low,False
POST_03008,Instagram,Carousel,Technology,9300,499,111,5940,584,2.79,62.2505845674201,Moderate,False
POST_04597,LinkedIn,Article,Fitness,1770,51,349,5416,40,0.56,46.394422310756966,Low,False
POST_03127,LinkedIn,Post,Sports,1868,142,464,23956,197,1.1,83.26195219123505,Very High,True
POST_00258,LinkedIn,Post,Fitness,1073,17,189,25942,97,0.35,34.277888446215144,Low,False
POST_02195,Instagram,Story,Travel,9146,483,53,46559,583,6.92,54.83632112236945,Moderate,False
POST_03196,Facebook,Story,Entertainment,5341,346,753,77391,744,3.85,82.75914634146339,Very High,True
POST_00999,YouTube,Live,Gaming,4907,957,1446,815001,1489,15.26,54.953027139874735,Moderate,False
POST_00641,Instagram,Reel,Business,841,492,153,19947,233,0.82,41.584177708495716,Low,False
POST_01059,Facebook,Story,Food,4012,339,367,79972,662,0.97,62.74898373983739,Moderate,False
POST_00555,TikTok,Duet,Education,9908,950,3750,288869,2952,35.99,70.65963060686016,High,True
POST_02033,Facebook,Video,Technology,3541,378,787,73842,431,1.09,67.52032520325203,High,True
POST_03836,Twitter,Retweet,Lifestyle,2624,43,995,48543,331,0.82,50.15090543259557,Moderate,False
POST_01099,TikTok,Stitch,Technology,21360,1670,1727,137841,1368,13.37,45.300131926121374,Low,False
POST_02437,Twitter,Retweet,Business,3294,268,466,68948,226,0.89,47.3817907444668,Low,False
POST_04910,Facebook,Video,Gaming,2113,217,31,74161,25,2.72,13.673780487804876,Low,False
POST_01734,Twitter,Poll,Travel,179,197,403,72474,266,2.45,35.99597585513078,Low,False
POST_00726,TikTok,Stitch,Travel,17334,1992,1127,447667,2393,8.76,54.47889182058048,Moderate,False
POST_04165,Facebook,Story,Entertainment,3992,21,110,44289,213,0.88,20.66819105691057,Low,False
POST_02564,Instagram,Reel,Technology,6517,175,65,8423,592,3.07,43.66718628215121,Low,False
POST_04873,Instagram,Story,Fashion,1361,240,34,39506,214,0.59,20.329306313328132,Low,False
POST_02077,Instagram,Photo,Entertainment,7884,467,232,23328,556,35.44,72.04793452844893,High,True
POST_03932,Instagram,Story,Food,6850,493,73,48981,939,5.44,66.62509742790334,High,True
POST_04655,Twitter,Tweet,Business,3821,257,1936,74490,496,47.24,93.16649899396377,Very High,True
POST_04703,LinkedIn,Poll,Travel,780,99,248,23584,277,0.43,64.76593625498008,High,True
POST_00823,Twitter,Retweet,Food,4110,212,1341,88643,341,1.24,70.45020120724345,High,True
POST_00590,Instagram,Reel,Technology,3846,297,73,32014,184,2.36,30.25136399064692,Low,False
POST_02740,Instagram,Reel,Entertainment,5895,155,293,30238,955,1.9,80.92751363990646,Very High,True
POST_04879,Twitter,Retweet,Fitness,595,193,1184,88463,95,0.93,38.986418511066404,Low,False
POST_04301,Instagram,Reel,Fitness,5180,156,190,7603,685,21.83,58.630163678877636,Moderate,False
POST_00275,Facebook,Story,Fitness,1512,114,540,30786,175,1.42,33.536585365853654,Low,False
POST_03538,Twitter,Retweet,Education,2627,139,1939,32334,51,1.15,52.74647887323943,Moderate,False
POST_01839,YouTube,Live,Sports,7486,641,125,690837,1781,4.09,30.313152400835076,Low,False
POST_01774,YouTube,Community Post,Education,3570,781,1509,122729,3331,1.56,64.51461377870564,High,True
POST_01926,Instagram,Reel,Food,9093,445,209,43474,410,4.45,65.15588464536243,High,True
POST_00414,Facebook,Story,Fashion,7191,324,522,18243,514,1.65,66.82672764227642,High,True
POST_00938,YouTube,Community Post,Fashion,15165,632,91,565267,3861,77.38,49.10751565762004,Low,False
POST_01070,Twitter,Tweet,Food,4400,71,383,92414,235,1.86,39.464285714285715,Low,False
POST_03067,Instagram,Reel,Technology,2181,381,118,22323,213,0.55,36.34060795011691,Low,False
POST_04027,Twitter,Retweet,Fitness,1239,62,1997,99663,311,0.92,63.46579476861167,Moderate,False
POST_01693,Twitter,Retweet,Travel,1270,119,416,61342,360,0.37,42.04225352112676,Low,False
POST_04334,Facebook,Story,Travel,7411,341,355,77453,590,3.63,65.6275406504065,High,True
POST_02562,LinkedIn,Post,Fashion,1412,16,33,16906,106,0.68,27.41035856573705,Low,False
POST_00698,Facebook,Live,Business,1796,264,584,49128,20,0.9,34.18445121951219,Low,False
POST_04433,Facebook,Video,Technology,4290,207,431,69060,495,4.08,52.54573170731707,Moderate,False
POST_01622,Instagram,Photo,Entertainment,3735,341,84,7346,426,7.69,40.81839438815277,Low,False
POST_04502,Facebook,Live,Food,3459,47,769,73956,570,2.12,60.87398373983739,Moderate,False
POST_03331,Facebook,Live,Gaming,140,70,699,62435,133,167.4,33.790650406504064,Low,False
POST_04658,Facebook,Live,Gaming,1276,237,128,29429,690,0.48,46.138211382113816,Low,False
POST_00504,TikTok,Stitch,Food,21782,1080,4909,378587,2971,19.18,83.69393139841688,Very High,True
POST_03871,Twitter,Poll,Fitness,1903,297,1207,7044,302,2.71,62.940140845070424,Moderate,False
POST_01762,TikTok,Stitch,Food,32632,135,2412,33688,2921,10.3,61.437994722955146,Moderate,False
POST_02300,Twitter,Retweet,Business,4562,126,379,89296,255,1.18,43.70724346076459,Low,False
POST_03210,Facebook,Post,Entertainment,844,32,60,17315,238,0.4,14.608739837398375,Low,False
POST_02533,Twitter,Retweet,Travel,4072,242,1477,2249,447,2.39,81.59959758551307,Very High,True
POST_04013,LinkedIn,Article,Travel,296,113,470,12237,65,0.26,54.566733067729075,Moderate,False
POST_01666,TikTok,Video,Lifestyle,34370,430,4378,22833,2263,55.07,68.74670184696569,High,True
POST_03656,Instagram,Story,Travel,1449,45,38,24688,943,8.06,40.46375681995323,Low,False
POST_01167,TikTok,Stitch,Food,23093,108,4945,194802,1766,7.18,62.259234828496034,Moderate,False
POST_00573,Twitter,Poll,Business,1504,199,1122,23222,439,1.02,65.07293762575452,High,True
POST_00916,Twitter,Poll,Education,620,50,1676,1987,195,1.03,46.529175050301816,Low,False
POST_00090,Facebook,Story,Sports,5721,36,100,75516,96,3.89,19.568089430894307,Low,False
POST_02208,TikTok,Duet,Fitness,49337,1615,4162,217678,1949,17.96,78.44656992084433,Very High,True
POST_02286,Twitter,Thread,Travel,2394,155,999,17464,91,3.9,39.154929577464785,Low,False
POST_04458,Instagram,Reel,Entertainment,4996,124,3,49257,558,1.23,31.065861262665624,Low,False
POST_01367,LinkedIn,Document,Lifestyle,672,120,219,24297,280,0.25,64.10358565737052,High,True
POST_03024,Twitter,Tweet,Education,3202,278,1669,73796,455,7.97,84.97233400402413,Very High,True
POST_02196,Twitter,Poll,Fitness,3210,265,1267,24902,385,7.82,72.2635814889336,High,True
POST_04690,YouTube,Live,Entertainment,2988,243,1525,61120,3268,2.51,55.68893528183716,Moderate,False
POST_02148,Twitter,Retweet,Business,3926,217,1377,20307,187,1.58,59.879275653923536,Moderate,False
POST_00626,Twitter,Tweet,Sports,4131,79,1374,25647,274,2.3,59.703219315895375,Moderate,False
POST_02309,Instagram,Photo,Entertainment,2623,202,127,42689,149,2.26,30.670303975058456,Low,False
POST_01809,Instagram,Reel,Technology,9988,408,26,6462,518,4.39,47.84099766173031,Low,False
POST_02413,Facebook,Post,Technology,1054,333,581,50893,644,5.83,63.43241869918699,Moderate,False
POST_02554,YouTube,Video,Travel,18304,81,305,438466,3368,4.17,44.065762004175355,Low,False
POST_03272,Instagram,Reel,Food,2715,480,197,24672,646,0.75,64.15822291504286,High,True
POST_02555,Instagram,Story,Entertainment,1651,140,235,6330,275,0.67,42.8975058456742,Low,False
POST_04765,Facebook,Post,Food,325,47,499,53003,353,0.21,35.261686991869915,Low,False
POST_01259,Instagram,Photo,Health,5846,485,216,46573,647,1.39,71.1866718628215,High,True
POST_03090,Twitter,Tweet,Sports,4214,172,152,3170,116,8.65,32.517605633802816,Low,False
POST_00966,Twitter,Retweet,Gaming,4109,117,967,5942,320,2.95,56.908953722334,Moderate,False
POST_00957,Facebook,Story,Education,3088,391,38,35170,216,0.91,30.787601626016258,Low,False
POST_02330,Instagram,Photo,Fitness,5114,481,66,22696,349,1.68,41.45362431800467,Low,False
POST_00027,Instagram,Carousel,Business,804,304,36,17610,740,0.47,40.2883865939205,Low,False
POST_04306,Instagram,Carousel,Lifestyle,8022,346,49,15199,796,106.71,56.26851130163679,Moderate,False
POST_02366,Instagram,Reel,Technology,4183,349,209,12997,522,2.66,59.52455183164458,Moderate,False
POST_00542,Facebook,Post,Technology,3530,167,894,17493,525,2.24,67.35518292682927,High,True
POST_03263,Twitter,Retweet,Lifestyle,1291,93,416,23474,400,0.38,44.04678068410463,Low,False
POST_04145,YouTube,Live,Fashion,17315,770,946,867204,3659,8.23,67.10334029227558,High,True
POST_04973,Facebook,Video,Food,5368,31,979,14670,65,10.98,48.102134146341456,Low,False
POST_01459,Instagram,Photo,Lifestyle,4493,258,177,48001,140,1.02,40.31566640685892,Low,False
POST_01546,Facebook,Post,Food,5112,359,433,38243,647,5.92,67.09857723577235,High,True
POST_02065,Instagram,Photo,Entertainment,7762,462,74,28580,938,3.1,67.0381917381138,High,True
POST_02490,Twitter,Poll,Sports,108,121,160,76724,403,0.34,37.09255533199195,Low,False
POST_03841,Facebook,Video,Food,6165,356,919,25370,556,2.28,81.98170731707317,Very High,True
POST_01052,Facebook,Live,Food,7795,17,54,69382,311,23.57,30.254065040650403,Low,False
POST_04276,Facebook,Video,Technology,5207,386,889,19017,596,1.31,81.97916666666666,Very High,True
POST_01855,YouTube,Live,Business,4781,953,1536,218759,977,3.6,52.04070981210855,Moderate,False
POST_00244,Twitter,Thread,Gaming,4275,167,209,4338,142,0.99,34.645372233400394,Low,False
POST_00128,TikTok,Video,Fitness,2652,1341,4440,165322,2858,2.67,74.33047493403693,High,True
POST_03982,TikTok,Duet,Entertainment,41112,1529,2296,278023,2894,14.72,72.93535620052769,High,True
POST_04250,YouTube,Short,Technology,1056,637,1260,159116,4139,6.72,61.98329853862212,Moderate,False
POST_03464,Facebook,Video,Education,3750,297,231,49354,34,4.57,27.65752032520325,Low,False
POST_02277,LinkedIn,Poll,Entertainment,588,19,495,14428,192,0.22,63.93924302788845,High,True
POST_03001,LinkedIn,Post,Education,1864,98,212,28707,278,0.8,70.26892430278883,High,True
POST_02761,Instagram,Reel,Sports,6652,42,98,29369,713,1.42,47.29540140296181,Low,False
POST_02984,TikTok,Video,Health,22145,801,1682,109627,793,6.59,30.969656992084428,Low,False
POST_03404,Twitter,Tweet,Travel,3061,169,288,8661,40,511.34,25.88782696177062,Low,False
POST_03360,LinkedIn,Article,Entertainment,1977,2,144,17954,31,0.72,28.212151394422307,Low,False
POST_03384,Twitter,Retweet,Lifestyle,2108,246,117,17236,260,8.67,39.06438631790745,Low,False
POST_01631,TikTok,Duet,Food,45803,191,4380,97930,912,51.91,54.772427440633244,Moderate,False
POST_02240,Instagram,Photo,Food,545,392,189,27141,968,0.43,68.47233047544816,High,True
POST_03698,LinkedIn,Document,Entertainment,149,139,370,23262,7,0.18,40.47310756972111,Low,False
POST_03881,Facebook,Video,Sports,7577,157,598,26999,112,4.33,46.016260162601625,Low,False
POST_00111,Twitter,Retweet,Sports,2363,131,1023,18563,78,11.95,37.36670020120724,Low,False
POST_03401,Instagram,Carousel,Gaming,8944,19,288,2398,421,10.66,61.38737334372565,Moderate,False
POST_03785,TikTok,Video,Gaming,16042,73,3116,316367,1555,33.57,43.690633245382585,Low,False
POST_02811,Instagram,Story,Fashion,3449,96,260,40872,727,1.77,63.53663289166016,Moderate,False
POST_03106,Twitter,Retweet,Technology,1135,54,1524,68194,345,0.82,56.8963782696177,Moderate,False
POST_04154,Twitter,Thread,Sports,2664,36,1145,41920,412,1.6,58.81539235412474,Moderate,False
POST_01414,Instagram,Story,Fashion,9607,60,60,21417,437,12.32,37.7883865939205,Low,False
POST_00279,LinkedIn,Article,Sports,20,70,257,1230,263,0.18,55.28386454183267,Moderate,False
POST_04113,Instagram,Reel,Food,7647,147,198,27780,158,2.86,44.491426344505065,Low,False
POST_04774,TikTok,Duet,Food,1296,671,2751,266200,385,1.58,27.377968337730866,Low,False
POST_00135,YouTube,Video,Business,7720,10,830,229495,877,4.42,27.019832985386223,Low,False
POST_00242,YouTube,Live,Fitness,15340,652,1600,397907,3861,3.58,76.3517745302714,High,True
POST_00712,Facebook,Story,Business,2321,350,253,25480,701,0.88,57.65243902439025,Moderate,False
POST_00743,LinkedIn,Document,Health,1177,133,355,29039,273,0.63,77.56972111553783,Very High,True
POST_03934,Instagram,Reel,Fashion,9281,82,53,1013,513,4.04,40.27084957131722,Low,False
POST_02755,YouTube,Community Post,Entertainment,3564,267,945,888655,1883,1.04,37.322546972860124,Low,False
POST_04462,Facebook,Story,Entertainment,2386,20,288,12105,141,0.66,21.653963414634145,Low,False
POST_04743,Instagram,Photo,Business,6188,223,111,21745,197,3.64,36.128215120810594,Low,False
POST_04261,Instagram,Reel,Fitness,3391,201,22,18667,877,2.35,44.1991426344505,Low,False
POST_03953,YouTube,Short,Health,2184,99,752,445843,4565,1.94,48.97181628392484,Low,False
POST_01391,Instagram,Reel,Gaming,5952,203,147,11657,582,1.42,53.022213561964136,Moderate,False
POST_02316,Instagram,Carousel,Sports,5599,284,143,4834,750,1.41,60.202650038971164,Moderate,False
POST_03784,TikTok,Duet,Gaming,43908,986,46,206769,1014,22.06,31.761213720316622,Low,False
POST_04909,LinkedIn,Article,Food,1427,84,210,11584,289,1.92,66.50896414342628,High,True
POST_00411,Twitter,Retweet,Fitness,794,222,57,17292,283,0.6,34.333501006036215,Low,False
POST_01716,YouTube,Short,Food,7882,260,412,744847,4885,1.87,52.19728601252609,Moderate,False
POST_03353,YouTube,Community Post,Travel,15284,623,898,723779,4841,3.84,70.6367432150313,High,True
POST_01130,Twitter,Poll,Fashion,3247,119,856,67470,455,1.52,62.640845070422536,Moderate,False
POST_01534,Twitter,Poll,Education,4924,90,734,98276,446,1.96,63.013078470824944,Moderate,False
POST_00467,Twitter,Poll,Technology,3107,241,902,55327,83,1.78,42.982897384305836,Low,False
POST_00073,Instagram,Reel,Health,5738,124,44,46202,894,14.1,48.669134840218234,Low,False
POST_00750,Facebook,Story,Sports,5422,362,217,75655,199,1.7,40.21087398373984,Low,False
POST_01965,Facebook,Live,Food,1279,274,669,9788,187,11.73,44.448678861788615,Low,False
POST_00318,Instagram,Story,Business,9724,222,105,8562,576,4.78,53.9360872954014,Moderate,False
POST_04882,Facebook,Video,Fitness,3516,340,248,56685,630,0.88,56.08485772357723,Moderate,False
POST_02207,Twitter,Tweet,Entertainment,133,64,403,4346,128,0.16,19.376257545271628,Low,False
POST_01221,YouTube,Short,Fitness,3499,140,1823,996433,4634,1.44,69.24843423799582,High,True
POST_03579,LinkedIn,Post,Health,1421,45,270,18218,164,0.71,52.71414342629481,Moderate,False
POST_04888,LinkedIn,Post,Sports,933,108,378,16301,258,0.71,73.2719123505976,High,True
POST_00316,LinkedIn,Document,Travel,227,100,481,18036,61,0.6,52.78386454183267,Moderate,False
POST_02356,Instagram,Photo,Travel,9776,234,168,19509,41,3.11,43.02221356196414,Low,False
POST_03909,Facebook,Post,Health,7764,29,839,36118,521,5.64,68.0691056910569,High,True
POST_01075,YouTube,Short,Entertainment,214,819,99,207823,474,0.41,18.037578288100207,Low,False
POST_01454,Facebook,Story,Food,4396,337,138,78794,422,0.99,44.146341463414636,Low,False
POST_04210,Instagram,Reel,Food,3471,459,259,20740,468,3.51,64.99025720966485,High,True
POST_00096,Facebook,Post,Sports,7421,103,136,6039,300,6.08,35.21595528455285,Low,False
POST_00227,YouTube,Community Post,Entertainment,3116,781,456,494857,228,1.58,25.067849686847598,Low,False
POST_04290,TikTok,Video,Fashion,23945,1022,1959,147059,322,5.68,30.72229551451187,Low,False
POST_02190,LinkedIn,Poll,Sports,872,74,439,22822,17,0.44,45.18426294820717,Low,False
POST_01256,Twitter,Retweet,Sports,771,98,53,75385,129,0.23,17.16800804828974,Low,False
POST_01135,LinkedIn,Post,Entertainment,1440,107,174,3053,134,0.54,48.9691235059761,Low,False
POST_03168,Instagram,Photo,Travel,5519,62,213,14965,546,3.83,54.1348402182385,Moderate,False
POST_00143,Facebook,Video,Lifestyle,4757,196,472,49148,730,10.89,64.9466463414634,High,True
POST_00462,Facebook,Live,Education,5885,29,644,64393,172,5.4,42.05030487804877,Low,False
POST_00859,Facebook,Story,Fitness,4789,315,868,38796,492,8.3,72.89888211382114,High,True
POST_04797,Instagram,Story,Business,7018,374,34,23926,397,1.82,39.432969602494154,Low,False
POST_00305,LinkedIn,Post,Gaming,1311,17,264,5175,132,0.33,45.36852589641433,Low,False
POST_04633,TikTok,Stitch,Lifestyle,18415,156,4521,87102,285,7.0,40.372691292875984,Low,False
POST_01105,YouTube,Community Post,Lifestyle,13542,29,1991,741739,2289,4.82,61.9937369519833,Moderate,False
POST_01516,Instagram,Reel,Health,4176,106,260,49750,348,7.27,51.34450506625097,Moderate,False
POST_03029,LinkedIn,Article,Fashion,323,36,285,20407,105,0.28,38.29183266932271,Low,False
POST_03392,TikTok,Stitch,Entertainment,10388,812,2674,285208,1657,7.05,46.00263852242744,Low,False
POST_02569,TikTok,Video,Business,38052,902,289,225696,2069,720.98,42.810026385224276,Low,False
POST_04063,TikTok,Duet,Food,43513,1850,197,449367,821,11.94,36.03232189973615,Low,False
POST_03793,Facebook,Video,Business,3846,165,130,8812,718,1.21,49.61382113821138,Low,False
POST_01172,YouTube,Video,Gaming,15030,878,403,148083,1637,5.26,44.11273486430062,Low,False
POST_00045,Twitter,Retweet,Gaming,1218,116,1418,26568,304,0.6,55.72937625754527,Moderate,False
POST_01197,YouTube,Short,Health,9610,353,148,464675,4961,5.8,49.37369519832985,Low,False
POST_03705,YouTube,Short,Lifestyle,11981,498,1718,67019,471,10.89,50.89248434237995,Moderate,False
POST_00085,Twitter,Tweet,Fitness,679,106,1075,89662,313,0.43,47.748993963782695,Low,False
POST_03309,Twitter,Retweet,Technology,4989,129,1804,46788,246,4.34,69.59507042253522,High,True
POST_02520,LinkedIn,Article,Food,1712,42,250,9451,290,0.8,68.20717131474103,High,True
POST_04216,TikTok,Stitch,Education,24778,979,1091,153192,1415,6.4,37.20976253298153,Low,False
POST_00240,Instagram,Carousel,Travel,5262,272,104,19894,633,3.04,50.80475448168356,Moderate,False
POST_01328,TikTok,Duet,Entertainment,18523,1982,1204,445627,1748,6.98,48.02440633245383,Low,False
POST_01005,TikTok,Duet,Lifestyle,43988,1614,4819,488843,1987,11.26,81.94591029023745,Very High,True
POST_00987,LinkedIn,Document,Business,763,24,217,4650,30,0.64,26.010956175298798,Low,False
POST_04640,TikTok,Duet,Travel,49279,1405,105,162883,2402,11.9,53.34432717678099,Moderate,False
POST_00873,Facebook,Live,Education,1707,339,729,49039,470,0.96,62.61178861788616,Moderate,False
POST_00178,Twitter,Retweet,Technology,2813,129,108,5861,99,0.63,23.744969818913482,Low,False
POST_02340,Twitter,Poll,Fashion,685,17,714,43988,112,0.54,23.02062374245473,Low,False
POST_01843,Twitter,Retweet,Fashion,4748,130,1491,85418,10,1.64,47.36167002012072,Low,False
POST_01384,Twitter,Retweet,Entertainment,854,207,790,13442,183,2.24,39.06941649899397,Low,False
POST_01230,Twitter,Retweet,Food,82,249,1771,9417,427,0.44,73.2344064386318,High,True
POST_00107,Twitter,Tweet,Education,3247,157,151,22988,91,1.15,27.12273641851106,Low,False
POST_00232,Facebook,Live,Entertainment,1034,391,381,54165,12,3.32,30.241361788617887,Low,False
POST_02312,TikTok,Stitch,Fitness,33680,1766,871,359000,1988,10.52,51.744722955145114,Moderate,False
POST_04070,TikTok,Stitch,Gaming,10260,470,2466,475683,2548,10.36,52.68469656992084,Moderate,False
POST_03422,Facebook,Post,Technology,3651,124,924,33201,309,2.05,56.88262195121951,Moderate,False
POST_02209,Twitter,Tweet,Fashion,1592,204,1158,49575,474,0.75,68.75251509054327,High,True
POST_04453,TikTok,Duet,Gaming,46033,1561,4972,274793,1605,13.09,77.9485488126649,Very High,True
POST_02371,LinkedIn,Poll,Gaming,562,130,356,22357,202,2.89,65.09462151394423,High,True
POST_00719,Instagram,Photo,Business,7917,312,208,4829,33,2.27,46.839438815276694,Low,False
POST_01920,Twitter,Thread,Entertainment,4001,140,107,63580,218,1.31,35.65643863179074,Low,False
POST_03878,TikTok,Video,Business,18234,1441,3191,355451,107,7.92,38.53232189973615,Low,False
POST_02909,Twitter,Poll,Food,4241,50,1628,71477,265,35.41,62.059859154929576,Moderate,False
POST_00476,YouTube,Short,Education,505,643,886,844382,985,0.99,32.98016701461378,Low,False
POST_03271,Twitter,Retweet,Entertainment,2965,174,565,13410,39,1.21,30.651408450704228,Low,False
POST_02247,Instagram,Photo,Technology,1641,278,177,2101,218,0.8,38.95167575993764,Low,False
POST_02882,TikTok,Stitch,Food,10256,1983,666,436192,244,2.77,23.819261213720317,Low,False
POST_01933,Facebook,Video,Food,7967,192,493,8282,303,2.2,52.207825203252035,Moderate,False
POST_02076,TikTok,Duet,Entertainment,42083,1166,595,356487,1415,57.17,40.07255936675462,Low,False
POST_01987,LinkedIn,Article,Fashion,1312,30,172,18410,25,1.89,26.53386454183267,Low,False
POST_00056,YouTube,Video,Fashion,18092,191,1807,714628,804,51.64,54.19624217118998,Moderate,False
POST_01703,Twitter,Retweet,Fitness,1290,222,777,84449,62,0.5,33.10865191146881,Low,False
POST_00346,Facebook,Live,Technology,4828,336,948,76854,389,9.93,71.9461382113821,High,True
POST_01786,TikTok,Duet,Lifestyle,23219,1071,1033,414495,1556,10.13,38.93469656992084,Low,False
POST_01699,YouTube,Community Post,Health,8096,843,174,703166,1374,229.32,31.764091858037574,Low,False
POST_03858,Facebook,Video,Business,7829,170,865,36049,736,1.95,83.97865853658537,Very High,True
POST_03218,Instagram,Carousel,Technology,2737,5,174,39329,441,12.28,39.41348402182385,Low,False
POST_02137,Instagram,Reel,Business,9740,157,218,40220,970,2.16,78.72174590802805,Very High,True
POST_02349,Facebook,Story,Food,5838,325,827,33443,550,4.82,76.40752032520327,High,True
POST_04961,Facebook,Story,Fashion,4388,123,724,59048,147,1.33,45.11178861788617,Low,False
POST_04935,Facebook,Video,Food,2370,236,235,49190,593,1.04,47.8760162601626,Low,False
POST_02432,TikTok,Video,Technology,47738,616,691,65659,976,15.45,33.59498680738786,Low,False
POST_02251,Instagram,Story,Health,8351,326,267,5992,161,3.83,59.18939984411536,Moderate,False
POST_03552,Instagram,Reel,Food,6188,55,257,41152,907,4.77,72.27786438035852,High,True
POST_01946,Facebook,Video,Business,5054,338,872,42533,90,6.06,56.55233739837398,Moderate,False
POST_03775,LinkedIn,Article,Travel,1961,110,255,9315,178,0.99,63.71513944223107,Moderate,False
POST_03520,Instagram,Story,Health,6985,225,224,19608,963,5.78,77.13561964146531,Very High,True
POST_03403,YouTube,Live,Business,13102,635,601,655459,1868,3.71,45.1670146137787,Low,False
POST_00622,Instagram,Story,Food,8352,112,282,47653,23,2.29,49.45440374123149,Low,False
POST_01581,Instagram,Story,Fashion,5322,107,203,48692,126,2.87,39.19914263445051,Low,False
POST_02446,Twitter,Poll,Technology,1424,36,411,43485,318,0.51,35.39486921529175,Low,False
POST_00282,Twitter,Thread,Travel,686,278,1264,80599,374,20.82,64.2907444668008,High,True
POST_04786,Twitter,Retweet,Business,2272,140,780,38997,178,0.79,39.607645875251514,Low,False
POST_03359,TikTok,Stitch,Travel,24026,292,578,216292,1562,240.98,29.80540897097625,Low,False
POST_00949,TikTok,Duet,Business,43185,1458,2260,103704,2206,10.09,64.1754617414248,High,True
POST_02841,Twitter,Poll,Health,2503,217,691,98083,461,0.9,63.12374245472837,Moderate,False
POST_03772,YouTube,Video,Technology,13605,849,676,363201,4912,16.44,70.54801670146138,High,True
POST_02255,TikTok,Video,Lifestyle,23132,858,3167,433503,2620,172.85,64.95382585751979,High,True
POST_01107,Twitter,Tweet,Lifestyle,2378,275,39,7360,213,0.71,36.24245472837022,Low,False
POST_04617,TikTok,Duet,Gaming,24907,620,749,16204,1470,30.74,32.37796833773087,Low,False
POST_04296,Twitter,Poll,Entertainment,2241,83,25,16345,402,0.61,39.78873239436619,Low,False
POST_03689,Instagram,Story,Technology,533,10,199,13664,717,0.16,48.51714731098986,Low,False
POST_00312,Instagram,Reel,Food,1490,47,286,28787,194,1.9,42.99103663289166,Low,False
POST_01989,Twitter,Poll,Food,3737,147,988,95688,398,22.54,63.63430583501006,Moderate,False
POST_04727,YouTube,Community Post,Gaming,5360,497,1945,77789,4040,1.87,74.39979123173276,High,True
POST_01731,Twitter,Tweet,Sports,4242,222,1740,1637,45,3.64,57.515090543259554,Moderate,False
POST_01503,Instagram,Story,Business,5179,142,243,11645,722,2.01,65.31176929072487,High,True
POST_01423,Instagram,Story,Travel,9871,195,4,30192,496,25.83,37.957911145752135,Low,False
POST_03176,Instagram,Reel,Education,3442,155,224,36979,769,12.7,62.68706157443491,Moderate,False
POST_03563,Instagram,Reel,Entertainment,6598,496,67,13699,400,2.02,45.97233047544817,Low,False
POST_03477,YouTube,Live,Fashion,12455,169,559,251766,4985,5.3,57.63048016701461,Moderate,False
POST_03439,YouTube,Short,Gaming,5655,442,1596,149010,2178,2.73,54.853862212943625,Moderate,False
POST_02302,Facebook,Story,Lifestyle,7402,80,485,77985,201,17.71,42.6854674796748,Low,False
POST_03489,Instagram,Photo,Food,1372,80,19,40384,477,0.93,22.484411535463757,Low,False
POST_03098,Instagram,Story,Lifestyle,9072,61,286,14964,901,13.52,79.92790335151987,Very High,True
POST_00269,Twitter,Thread,Fitness,3743,177,1863,5781,485,1.41,86.9517102615694,Very High,True
POST_04899,Instagram,Photo,Business,1712,403,214,5155,567,0.87,59.65315666406858,Moderate,False
POST_00811,YouTube,Video,Technology,579,849,1276,131436,1493,0.57,47.47912317327766,Low,False
POST_02182,Instagram,Carousel,Lifestyle,5324,164,185,39677,177,1.44,40.64692127825409,Low,False
POST_00189,Facebook,Live,Food,6306,353,529,14080,471,1.48,64.61636178861788,High,True
POST_04214,Instagram,Photo,Food,4637,477,62,19790,980,1.64,62.829306313328125,Moderate,False
POST_03816,Facebook,Story,Food,5804,64,150,41052,128,13.12,23.640752032520325,Low,False
POST_02472,YouTube,Short,Education,251,479,1551,659446,3133,0.85,56.45093945720251,Moderate,False
POST_01400,LinkedIn,Poll,Food,1419,17,315,1650,206,0.59,57.375498007968126,Moderate,False
POST_03453,LinkedIn,Post,Fitness,1977,139,460,7498,291,1.1,94.38745019920319,Very High,True
POST_03436,Twitter,Thread,Fashion,1421,120,910,67065,336,0.93,49.65543259557344,Low,False
POST_03945,Instagram,Carousel,Lifestyle,3756,292,201,18090,419,1.45,52.50194855806703,Moderate,False
POST_02199,Facebook,Story,Gaming,5799,371,609,27655,409,9.16,64.0625,High,True
POST_01797,LinkedIn,Post,Technology,559,15,145,10816,267,0.25,46.74302788844621,Low,False
POST_00063,TikTok,Duet,Fitness,25644,1549,2216,113007,1098,22.31,46.59300791556728,Low,False
POST_03481,Instagram,Carousel,Sports,8353,372,103,35909,415,2.01,50.22408417770849,Moderate,False
POST_04531,Twitter,Retweet,Education,3709,152,440,93013,88,1.2,33.09356136820925,Low,False
POST_02856,Facebook,Story,Lifestyle,2995,104,978,19023,793,0.83,78.23678861788616,Very High,True
POST_01810,Instagram,Story,Entertainment,7682,65,124,38884,64,3.07,30.561184723304752,Low,False
POST_03482,Facebook,Story,Travel,6131,101,675,2490,555,2.44,64.02184959349593,High,True
POST_00369,Instagram,Reel,Fashion,1794,213,85,24080,313,0.42,29.70771628994544,Low,False
POST_00360,Facebook,Live,Entertainment,3444,369,469,68109,206,5.85,45.38363821138211,Low,False
POST_00190,Instagram,Reel,Fashion,7054,347,281,3413,272,2.02,63.135229929851924,Moderate,False
POST_00550,TikTok,Stitch,Technology,5410,1107,466,491160,2658,1.42,42.839709762532976,Low,False
POST_03329,Instagram,Carousel,Food,7088,410,294,24986,915,7.05,89.35307872174589,Very High,True
POST_02899,Twitter,Retweet,Business,4008,7,1405,78988,17,1.39,38.098591549295776,Low,False
POST_04486,LinkedIn,Poll,Business,425,12,437,1864,244,0.35,62.43027888446214,Moderate,False
POST_01579,Facebook,Live,Fashion,4142,228,656,40385,611,1.55,66.5066056910569,High,True
POST_03560,Facebook,Story,Technology,6231,339,514,54661,433,2.95,61.52439024390244,Moderate,False
POST_02444,TikTok,Stitch,Sports,2634,188,3313,145657,2734,2.79,56.668865435356196,Moderate,False
POST_00115,Facebook,Live,Education,7362,93,708,64622,93,2.7,46.96646341463414,Low,False
POST_00078,Instagram,Story,Business,7546,104,257,2002,570,1.71,64.34333593141075,High,True
POST_04673,LinkedIn,Document,Food,1894,63,33,18506,215,0.9,47.80378486055777,Low,False
POST_00373,Instagram,Photo,Entertainment,2099,361,58,44309,992,0.62,55.92166796570537,Moderate,False
POST_02913,LinkedIn,Poll,Travel,109,146,216,16854,117,0.16,44.46713147410358,Low,False
POST_03446,Facebook,Post,Technology,7207,84,260,11656,659,4.17,55.67073170731707,Moderate,False
POST_03652,Twitter,Retweet,Sports,4137,25,1734,79943,473,6.4,77.10513078470824,Very High,True
POST_02336,Twitter,Retweet,Entertainment,2287,221,1501,77524,435,1.49,75.24647887323943,High,True
POST_04257,YouTube,Live,Entertainment,4625,292,1701,611780,4140,1.85,66.59185803757828,High,True
POST_00989,Instagram,Carousel,Food,7229,133,209,12920,348,1.87,50.83593141075604,Moderate,False
POST_03068,YouTube,Live,Education,9250,298,513,135288,4654,12.55,53.58559498956159,Moderate,False
POST_04650,Instagram,Story,Education,9258,448,21,28758,736,3.56,55.17731878409976,Moderate,False
POST_00031,Facebook,Live,Education,7820,125,190,13571,687,2.07,56.913109756097555,Moderate,False
POST_00040,Twitter,Thread,Education,1426,244,1595,49268,461,1.0,77.32897384305835,Very High,True
POST_01342,Facebook,Video,Sports,1424,277,765,23855,82,1.15,43.854166666666664,Low,False
POST_04598,Instagram,Photo,Lifestyle,2984,29,38,12126,427,25.03,24.047155105222135,Low,False
POST_01304,Facebook,Video,Travel,6827,187,447,27152,527,2.3,58.59502032520325,Moderate,False
POST_04880,TikTok,Stitch,Food,36593,1075,4876,345737,1410,40.21,68.14643799472296,High,True
POST_03787,Facebook,Post,Travel,7512,119,168,69260,797,4.65,59.484247967479675,Moderate,False
POST_04505,Facebook,Video,Entertainment,2599,274,687,17598,371,9.92,55.42936991869918,Moderate,False
POST_02328,Instagram,Carousel,Fashion,268,177,97,49262,21,0.14,17.687061574434917,Low,False
POST_04620,TikTok,Stitch,Health,40395,1274,3140,412282,1146,145.59,55.64643799472295,Moderate,False
POST_01192,Facebook,Live,Fashion,7765,75,14,62926,520,1.83,41.16107723577236,Low,False
POST_01662,Facebook,Post,Education,843,181,706,50114,600,0.5,60.383638211382106,Moderate,False
POST_02812,Facebook,Video,Food,7761,351,697,62165,522,1.8,75.89939024390243,High,True
POST_02231,LinkedIn,Document,Education,1456,149,440,11755,61,2.37,63.7300796812749,Moderate,False
POST_01694,Instagram,Photo,Gaming,2351,35,162,42927,690,4.58,47.3402182385035,Low,False
POST_01425,YouTube,Video,Technology,4365,985,182,462535,1433,3.0,32.31210855949895,Low,False
POST_01179,TikTok,Video,Technology,12659,1753,1801,175116,1317,4.49,43.55540897097625,Low,False
POST_04428,Instagram,Carousel,Education,8561,224,188,18321,41,21.97,43.15666406858924,Low,False
POST_04820,Instagram,Photo,Fashion,1255,249,196,31809,841,0.83,61.106780982073275,Moderate,False
POST_02869,Twitter,Thread,Fashion,869,208,1693,59335,185,0.88,55.33199195171026,Moderate,False
POST_01791,Instagram,Photo,Gaming,4360,392,267,2482,82,1.18,52.687061574434914,Moderate,False
POST_00036,TikTok,Stitch,Entertainment,39651,1800,3815,467574,256,9.88,54.07981530343008,Moderate,False
POST_01148,LinkedIn,Post,Technology,1823,26,471,9144,77,2.57,58.500996015936245,Moderate,False
POST_02720,Instagram,Reel,Education,7550,436,259,41510,454,10.75,69.94349181605611,High,True
POST_04591,Facebook,Post,Sports,6166,141,671,73526,424,2.4,59.039634146341456,Moderate,False
POST_01478,TikTok,Duet,Sports,44001,1515,531,136960,1073,1078.64,39.37994722955145,Low,False
POST_02318,Twitter,Retweet,Entertainment,901,96,1954,87903,260,2.13,60.05533199195171,Moderate,False
POST_04955,Facebook,Story,Sports,6610,224,417,62222,357,11.27,50.584349593495936,Moderate,False
POST_01822,Instagram,Photo,Business,1482,203,241,8830,131,0.42,40.867108339828526,Low,False
POST_02688,Twitter,Retweet,Lifestyle,3738,63,829,29386,97,1.91,35.68158953722333,Low,False
POST_04180,Twitter,Retweet,Fitness,4512,143,461,67036,399,8.1,56.44617706237425,Moderate,False
POST_00379,TikTok,Video,Business,43581,1651,4959,443055,580,10.7,65.18139841688654,High,True
POST_00776,Instagram,Story,Business,5944,139,243,29557,312,3.28,51.726422447388934,Moderate,False
POST_02715,Instagram,Carousel,Gaming,639,203,18,37581,750,0.17,34.85775526110678,Low,False
POST_00500,YouTube,Video,Technology,5208,244,566,427573,1380,1.38,28.669102296450937,Low,False
POST_00976,Twitter,Tweet,Lifestyle,1935,144,1064,50454,442,0.67,62.7364185110664,Moderate,False
POST_03817,Twitter,Poll,Fashion,3590,44,1968,85066,198,2.83,61.05633802816901,Moderate,False
POST_03180,LinkedIn,Article,Business,357,75,200,20879,291,0.39,57.23605577689243,Moderate,False
POST_03154,Twitter,Poll,Sports,4343,107,1370,41831,454,1.8,74.47434607645876,High,True
POST_00259,Facebook,Story,Entertainment,5191,381,111,74892,491,1.37,49.48932926829268,Low,False
POST_00418,Twitter,Poll,Travel,40,229,1404,4201,179,0.46,48.49597585513079,Low,False
POST_01166,TikTok,Duet,Sports,47721,1054,2982,392686,905,11.94,52.10751978891821,Moderate,False
POST_03499,Instagram,Carousel,Health,5453,57,288,39419,81,5.14,46.502338269680436,Low,False
POST_03266,Instagram,Reel,Fashion,2110,267,289,34212,209,0.63,52.16095089633671,Moderate,False
POST_01353,Twitter,Tweet,Technology,1365,61,1911,77737,19,1.57,41.8284708249497,Low,False
POST_02716,Twitter,Retweet,Travel,4765,148,1238,9861,418,1.35,72.62072434607644,High,True
POST_03855,LinkedIn,Article,Food,1309,146,358,4601,112,0.45,62.15139442231076,Moderate,False
POST_01681,Twitter,Retweet,Fashion,3064,242,782,5318,240,1.84,51.50905432595574,Moderate,False
POST_04943,TikTok,Stitch,Gaming,32987,35,4179,263507,1799,23.76,59.76583113456464,Moderate,False
POST_04328,YouTube,Video,Lifestyle,3325,981,105,127230,3234,1.14,41.48225469728602,Low,False
POST_02071,TikTok,Stitch,Health,17515,1505,1511,75511,1935,12.59,48.3245382585752,Low,False
POST_01060,Facebook,Video,Education,6471,36,308,46759,246,2.13,34.88313008130081,Low,False
POST_03764,Twitter,Poll,Entertainment,361,67,100,73848,69,0.36,10.394869215291749,Low,False
POST_00002,YouTube,Live,Business,9601,668,1525,123772,59,3.26,44.57202505219207,Low,False
POST_02641,Twitter,Poll,Fitness,4227,204,1198,14910,123,1.47,52.60814889336015,Moderate,False
POST_04995,Instagram,Reel,Travel,2439,225,111,27533,427,0.62,38.23460639127046,Low,False
POST_01125,LinkedIn,Article,Fashion,1374,61,413,17354,263,1.52,75.07470119521912,High,True
POST_00658,Twitter,Poll,Gaming,1777,75,998,43477,337,1.16,50.067907444668,Moderate,False
POST_00564,Instagram,Carousel,Business,5341,401,277,13377,937,1.47,84.82852689010132,Very High,True
POST_02377,Twitter,Retweet,Travel,2168,286,918,52932,394,4.46,64.10714285714285,High,True
POST_04370,Instagram,Carousel,Technology,5913,384,262,20631,86,265.44,54.27123928293063,Moderate,False
POST_00792,Facebook,Post,Lifestyle,4016,218,83,62408,187,2.75,26.29573170731707,Low,False
POST_03081,LinkedIn,Document,Travel,396,90,112,27213,143,0.14,36.4890438247012,Low,False
POST_04564,Instagram,Carousel,Fashion,4678,381,296,38595,672,1.36,76.82385035074044,Very High,True
POST_01043,Twitter,Tweet,Entertainment,2007,205,1822,20644,480,3.11,82.33903420523139,Very High,True
POST_02172,Instagram,Story,Travel,251,25,80,28155,481,0.14,26.46531566640686,Low,False
POST_04457,LinkedIn,Poll,Travel,337,13,219,4849,63,0.16,26.230079681274898,Low,False
POST_00314,YouTube,Short,Sports,6815,431,653,142879,2032,2.91,38.77348643006263,Low,False
POST_02989,LinkedIn,Document,Technology,1124,129,194,22256,282,1.37,66.75298804780876,High,True
POST_00544,LinkedIn,Document,Entertainment,804,7,132,4514,229,0.29,41.47410358565736,Low,False
POST_04000,Instagram,Photo,Travel,8594,275,95,34673,877,2.68,63.20342946219797,Moderate,False
POST_02894,LinkedIn,Poll,Travel,978,80,485,7125,241,0.38,76.61852589641434,High,True
POST_03169,TikTok,Stitch,Sports,16740,825,3011,153873,1492,6.37,47.9221635883905,Low,False
POST_01383,YouTube,Community Post,Food,18064,772,565,977819,86,14.93,36.55532359081419,Low,False
POST_04602,TikTok,Video,Entertainment,25597,1772,1358,458758,517,82.92,34.45250659630607,Low,False
POST_00389,TikTok,Video,Education,1720,1497,3225,270026,858,5.5,42.36477572559366,Low,False
POST_03131,TikTok,Stitch,Business,36756,1003,2180,256060,1975,140.7,55.76517150395779,Moderate,False
POST_02839,TikTok,Video,Technology,10487,474,995,52672,2075,2.43,36.44129287598945,Low,False
POST_00028,Facebook,Story,Fitness,4953,92,312,48935,775,5.11,58.28760162601626,Moderate,False
POST_03846,LinkedIn,Article,Education,136,46,471,4863,132,0.17,54.25796812749003,Moderate,False
POST_03368,Twitter,Retweet,Business,125,172,644,74247,220,0.21,35.20875251509054,Low,False
POST_01334,YouTube,Video,Gaming,1715,528,1580,682669,779,1.21,42.76617954070981,Low,False
POST_04680,Facebook,Post,Fashion,841,9,132,37634,274,33.08,17.97002032520325,Low,False
POST_04096,Facebook,Video,Education,7594,56,854,63559,390,10.79,63.11229674796748,Moderate,False
POST_00807,YouTube,Short,Sports,9152,239,1364,936454,2415,2.42,51.82672233820459,Moderate,False
POST_00937,Instagram,Story,Fitness,6242,146,47,45206,294,3.11,29.30631332813718,Low,False
POST_00592,Facebook,Post,Technology,6805,67,285,25146,398,2.4,43.046239837398375,Low,False
POST_01266,Instagram,Photo,Entertainment,2877,233,120,35755,699,2.04,50.21434138737334,Moderate,False
POST_03966,TikTok,Stitch,Business,7521,913,4521,411770,1534,3.7,57.394459102902374,Moderate,False
POST_04613,Facebook,Story,Entertainment,1645,378,510,31697,674,0.76,65.01270325203252,High,True
POST_02528,YouTube,Short,Fashion,17518,420,1017,674061,2369,7.74,54.88517745302713,Moderate,False
POST_03673,LinkedIn,Post,Food,632,63,349,11226,149,4.75,52.091633466135455,Moderate,False
POST_04782,Instagram,Carousel,Technology,8710,424,21,14211,997,53.38,63.23070927513639,Moderate,False
POST_02682,TikTok,Duet,Food,42559,882,1004,262505,2414,18.97,52.94854881266491,Moderate,False
POST_01530,Facebook,Live,Lifestyle,5121,215,257,58267,647,8.75,55.83841463414634,Moderate,False
POST_04530,Instagram,Story,Sports,7406,79,243,48741,688,3.4,65.77747466874513,High,True
POST_02041,TikTok,Stitch,Technology,15399,1514,1922,386003,378,24.59,31.78759894459103,Low,False
POST_04295,Twitter,Thread,Lifestyle,96,178,1454,23951,459,0.41,67.19818913480886,High,True
POST_04549,LinkedIn,Post,Fashion,779,53,148,18406,286,0.37,54.53685258964143,Moderate,False
POST_04950,TikTok,Video,Sports,25677,1800,915,206707,1649,9.97,45.71569920844327,Low,False
POST_01664,Facebook,Video,Health,4328,49,467,29117,415,1.37,44.265752032520325,Low,False
POST_01150,TikTok,Video,Gaming,33077,897,1946,200552,899,30.85,38.581794195250666,Low,False
POST_03837,YouTube,Short,Lifestyle,6762,37,421,539225,3205,1.81,35.86116910229645,Low,False
POST_03479,Facebook,Story,Business,7571,68,596,23891,136,4.15,43.704268292682926,Low,False
POST_02789,YouTube,Short,Entertainment,19568,93,1734,45221,4716,17.14,79.91127348643006,Very High,True
POST_03231,Facebook,Story,Entertainment,1537,79,499,43330,23,3.46,24.118394308943085,Low,False
POST_02664,LinkedIn,Poll,Fashion,1977,143,312,7966,54,0.63,57.09163346613546,Moderate,False
POST_01604,Twitter,Poll,Entertainment,1091,88,901,68602,50,0.97,26.81086519114688,Low,False
POST_04662,Facebook,Video,Health,6752,40,284,14448,175,3.45,32.10873983739837,Low,False
POST_04440,Instagram,Reel,Fashion,7546,451,120,36764,702,1.78,63.59314107560405,Moderate,False
POST_00335,Instagram,Photo,Lifestyle,752,85,139,28580,479,0.72,36.217848791894,Low,False
POST_01449,YouTube,Video,Fashion,10417,178,1982,636929,507,21.01,49.509394572025045,Low,False
POST_01709,Facebook,Live,Travel,7865,10,9,15829,119,4.76,20.23119918699187,Low,False
POST_02390,LinkedIn,Post,Technology,1217,20,234,18985,261,3.51,57.41035856573704,Moderate,False
POST_00677,Instagram,Story,Fashion,843,32,297,39033,36,0.49,37.60717069368667,Low,False
POST_04754,Facebook,Post,Health,6528,97,872,67815,391,9.71,63.3206300813008,Moderate,False
POST_03617,Facebook,Story,Health,5319,342,173,18745,699,3.64,60.12957317073171,Moderate,False
POST_04343,TikTok,Video,Gaming,14765,195,3472,60504,337,35.62,32.78364116094986,Low,False
POST_04324,Facebook,Post,Fashion,2541,165,103,19379,577,1.25,39.70782520325203,Low,False
POST_03497,TikTok,Video,Gaming,28660,677,404,114620,1658,7.14,34.1985488126649,Low,False
POST_03684,Instagram,Carousel,Technology,9733,490,106,21482,808,2.13,69.78371005455962,High,True
POST_01343,TikTok,Stitch,Technology,28907,1962,4369,73625,2004,23.02,76.56332453825858,High,True
POST_04191,TikTok,Stitch,Education,40666,1602,2535,49511,160,14.48,42.80343007915567,Low,False
POST_03247,Facebook,Live,Food,7080,227,747,34257,766,4.34,81.71747967479675,Very High,True
POST_02287,YouTube,Live,Fitness,16691,995,194,490139,142,84.53,32.13987473903967,Low,False
POST_00217,Twitter,Poll,Fashion,4637,225,930,36079,153,1.68,51.68762575452717,Moderate,False
POST_02721,TikTok,Video,Sports,7926,1019,4492,388615,2867,3.89,74.15567282321899,High,True
POST_03301,Twitter,Poll,Health,4418,81,80,21243,406,1.74,47.00201207243461,Low,False
POST_02260,Twitter,Retweet,Business,4377,20,1882,43354,175,1.44,58.34255533199195,Moderate,False
POST_03101,Instagram,Story,Fashion,8384,423,24,47784,54,1.8,29.988308651597816,Low,False
POST_02025,Twitter,Retweet,Food,3447,278,1849,72250,404,5.15,84.85412474849095,Very High,True
POST_01386,Twitter,Poll,Business,727,180,1076,79919,117,1.16,38.6192152917505,Low,False
POST_02177,Twitter,Thread,Education,4345,278,1901,18991,213,1.87,74.47434607645876,High,True
POST_03774,LinkedIn,Post,Business,1286,39,400,7410,58,0.36,47.559760956175296,Low,False
POST_00774,Twitter,Thread,Entertainment,859,130,868,28257,245,1.74,40.684104627766594,Low,False
POST_02583,Facebook,Story,Health,7596,81,22,77393,777,70.33,52.61432926829268,Moderate,False
POST_04464,Instagram,Reel,Food,4374,298,120,16721,947,17.2,63.34372564302415,Moderate,False
POST_00964,Twitter,Poll,Lifestyle,668,157,254,60486,21,0.24,15.983400402414485,Low,False
POST_00662,YouTube,Live,Travel,17177,677,873,671534,550,10.2,42.92275574112735,Low,False
POST_00486,YouTube,Community Post,Travel,353,65,405,181557,2853,0.25,28.841336116910227,Low,False
POST_04789,Facebook,Story,Lifestyle,6493,359,97,77270,307,1.46,41.47103658536586,Low,False
POST_01028,TikTok,Stitch,Education,35709,623,582,11563,2149,23.45,42.28232189973614,Low,False
POST_03358,Twitter,Poll,Technology,79,34,1021,89366,248,0.27,36.048792756539235,Low,False
POST_01402,Instagram,Reel,Fashion,9858,111,231,3171,741,3.03,70.34684333593142,High,True
POST_00943,LinkedIn,Document,Gaming,1056,143,411,14966,152,0.81,68.32669322709164,High,True
POST_00454,YouTube,Live,Technology,15829,377,1060,401327,4915,42.3,71.15866388308977,High,True
POST_03166,Facebook,Post,Sports,7771,341,928,20515,244,5.09,70.44969512195121,High,True
POST_00408,Instagram,Reel,Travel,6371,423,281,42500,305,5.12,65.2494154325799,High,True
POST_00472,YouTube,Video,Travel,11394,877,1673,731806,1798,8.72,64.09707724425888,High,True
POST_00947,Instagram,Carousel,Health,6424,258,298,24007,19,1.76,53.07287607170693,Moderate,False
POST_04160,Facebook,Post,Fashion,3502,243,345,57662,628,77.05,55.48272357723576,Moderate,False
POST_02863,YouTube,Live,Fitness,15782,166,651,781331,3956,13.9,54.0187891440501,Moderate,False
POST_03244,LinkedIn,Document,Travel,1296,136,239,1318,247,8.83,67.5,High,True
POST_02798,Facebook,Video,Fashion,3191,221,111,67835,461,1.98,38.07672764227642,Low,False
POST_00939,Instagram,Reel,Education,7148,277,275,38153,604,1.68,72.27007014809041,High,True
POST_00366,Twitter,Thread,Travel,4127,210,169,96525,403,1.19,54.144869215291756,Moderate,False
POST_00970,Facebook,Story,Travel,2133,353,136,8193,315,0.71,35.28455284552845,Low,False
POST_00026,TikTok,Duet,Fitness,25205,501,3641,430658,1269,6.36,50.4089709762533,Moderate,False
POST_00633,Facebook,Post,Fashion,35,171,899,7214,627,0.65,66.07723577235772,High,True
POST_01054,TikTok,Stitch,Sports,43495,766,2004,402152,2552,20.93,61.177440633245375,Moderate,False
POST_04526,Twitter,Retweet,Travel,4623,56,41,34667,59,3.43,21.29527162977867,Low,False
POST_03182,Twitter,Tweet,Fitness,2088,185,809,59491,105,1.29,37.754024144869206,Low,False
POST_02468,Instagram,Reel,Health,3346,271,42,19576,75,1.15,21.081449727201864,Low,False
POST_04872,Instagram,Photo,Technology,4180,368,2,4309,820,0.98,46.43024162120031,Low,False
POST_01321,Instagram,Reel,Sports,5114,297,231,33990,81,8.26,46.51208106001559,Low,False
POST_03594,Facebook,Story,Lifestyle,6761,252,351,16090,728,2.73,66.60315040650406,High,True
POST_02053,Instagram,Reel,Business,2844,329,266,32824,454,0.89,60.896336710833985,Moderate,False
POST_03940,Twitter,Thread,Education,3550,279,1305,68778,75,2.47,53.201710261569424,Moderate,False
POST_03542,TikTok,Stitch,Food,6773,1752,3529,181113,2340,2.69,66.12467018469657,High,True
POST_01767,LinkedIn,Poll,Health,1656,137,356,27015,215,0.49,74.70617529880478,High,True
POST_01906,Instagram,Story,Fashion,9596,209,138,37440,905,3.92,68.48597038191737,High,True
POST_00365,YouTube,Short,Lifestyle,7190,767,603,409117,3969,3.09,57.004175365344466,Moderate,False
POST_01475,Twitter,Poll,Health,1970,226,1786,51629,475,26.48,82.48490945674044,Very High,True
POST_00417,Twitter,Poll,Fashion,4569,84,1361,5889,474,2.74,75.23893360160966,High,True
POST_01452,Facebook,Video,Fashion,1688,294,793,15048,198,1.53,50.53353658536586,Moderate,False
POST_02639,YouTube,Short,Technology,19857,990,1108,667477,3685,4.61,75.48016701461377,High,True
POST_03643,Facebook,Story,Fitness,7716,364,688,19194,199,21.66,61.293191056910565,Moderate,False
POST_04247,Twitter,Thread,Health,4752,153,17,91826,83,8.35,28.060865191146885,Low,False
POST_00061,Twitter,Tweet,Travel,3618,180,848,50725,123,1.29,43.518611670020114,Low,False
POST_04962,Instagram,Photo,Lifestyle,7694,284,290,37569,52,7.74,56.0385814497272,Moderate,False
POST_00022,Instagram,Photo,Food,7893,362,169,32238,230,10.77,50.61184723304755,Moderate,False
POST_04402,Facebook,Video,Travel,6486,66,698,67951,350,2.66,54.43851626016261,Moderate,False
POST_03612,Instagram,Story,Food,3077,326,27,35441,322,0.94,28.458690568978955,Low,False
POST_02785,TikTok,Video,Lifestyle,11313,1419,2310,242012,2977,18.23,64.90105540897098,High,True
POST_00321,Facebook,Live,Entertainment,6935,300,927,40646,730,2.51,89.02693089430893,Very High,True
POST_02829,Twitter,Poll,Gaming,974,61,1909,98104,245,0.99,55.86519114688129,Moderate,False
POST_03892,Facebook,Live,Sports,2883,300,764,53700,319,1.08,57.329776422764226,Moderate,False
POST_02373,LinkedIn,Poll,Health,1749,48,259,23678,176,0.58,56.11553784860558,Moderate,False
POST_00481,Facebook,Story,Health,5974,85,938,54005,713,1.61,79.08536585365853,Very High,True
POST_01799,Instagram,Story,Fashion,1303,381,287,3709,487,6.61,63.462587685113014,Moderate,False
POST_04781,Instagram,Photo,Business,278,271,23,12522,994,0.15,46.10678098207326,Low,False
POST_01922,Instagram,Carousel,Health,1898,353,135,35429,450,10.35,45.11106780982073,Low,False
POST_02380,TikTok,Duet,Food,25014,1986,3456,153250,1772,7.89,66.56992084432719,High,True
POST_01720,Instagram,Reel,Entertainment,1744,244,151,23166,427,0.52,42.26422447388932,Low,False
POST_00496,Twitter,Poll,Education,3277,228,532,49795,358,2.25,56.21981891348088,Moderate,False
POST_00998,Instagram,Carousel,Entertainment,5417,215,40,18159,652,1.41,42.29540140296181,Low,False
POST_01244,TikTok,Stitch,Entertainment,13450,171,2045,453632,2496,5.11,47.66490765171504,Low,False
POST_03021,Twitter,Tweet,Technology,2315,255,1242,53195,333,0.81,65.06287726358148,High,True
POST_01390,Facebook,Story,Lifestyle,2184,65,394,12030,365,3.67,36.039126016260155,Low,False
POST_04653,Facebook,Post,Gaming,4376,359,199,6491,617,1.01,56.011178861788615,Moderate,False
POST_00119,TikTok,Duet,Education,13576,1401,3948,223403,898,44.56,51.49076517150395,Moderate,False
POST_04829,Twitter,Poll,Entertainment,1281,122,1441,55994,266,0.85,53.971327967806836,Moderate,False
POST_00860,Instagram,Photo,Gaming,8096,208,22,25510,30,10.63,22.04988308651598,Low,False
POST_01277,Instagram,Carousel,Technology,8643,84,131,45831,921,3.43,63.27942322681215,Moderate,False
POST_04928,Instagram,Photo,Technology,5212,187,186,29736,749,3.09,61.04247856586126,Moderate,False
POST_03373,Twitter,Retweet,Business,2307,287,706,24184,363,60.01,58.807847082494966,Moderate,False
POST_02350,Instagram,Reel,Education,6259,210,102,10770,894,4.73,59.08222915042868,Moderate,False
POST_01743,TikTok,Video,Health,10349,273,2899,241149,2859,7.5,58.06728232189974,Moderate,False
POST_03525,Instagram,Carousel,Fitness,4991,143,54,1105,615,1.5,39.81293842556508,Low,False
POST_00427,Twitter,Tweet,Fitness,4014,143,1114,80311,50,14.39,42.17303822937625,Low,False
POST_00971,LinkedIn,Document,Education,1508,138,223,9888,289,0.47,73.58067729083665,High,True
POST_03696,Instagram,Reel,Fitness,349,287,241,33831,947,0.4,70.3721745908028,High,True
POST_04999,TikTok,Duet,Business,18608,1454,3117,272391,423,8.92,41.503957783641155,Low,False
POST_03702,LinkedIn,Document,Health,819,17,112,13627,98,0.94,27.549800796812747,Low,False
POST_04008,Twitter,Thread,Business,2480,73,206,48674,280,0.63,34.61770623742455,Low,False
POST_02636,LinkedIn,Post,Food,1439,45,446,28274,25,0.47,48.635458167330675,Low,False
POST_04485,Instagram,Photo,Health,5662,439,6,10723,211,1.75,29.76227591582229,Low,False
POST_00909,Twitter,Retweet,Gaming,1337,190,1388,5383,158,3.51,49.26810865191147,Low,False
POST_00906,TikTok,Video,Fashion,6698,377,778,451710,814,12.16,17.45382585751979,Low,False
POST_04337,Facebook,Video,Lifestyle,4371,73,711,7443,557,6.93,61.3160569105691,Moderate,False
POST_04401,Instagram,Carousel,Education,6031,214,77,18735,589,69.69,45.32346063912704,Low,False
POST_01252,Facebook,Live,Fashion,7660,254,919,52754,561,2.6,81.35924796747967,Very High,True
POST_00820,Twitter,Retweet,Education,1816,116,863,93167,269,12.45,44.911971830985905,Low,False
POST_03545,TikTok,Stitch,Education,21410,791,1742,210219,2883,15.88,56.85026385224275,Moderate,False
POST_01068,Instagram,Photo,Health,7949,354,175,29387,102,3.65,47.067420109119254,Low,False
POST_03339,Facebook,Video,Entertainment,5183,85,933,38819,435,10.2,65.1321138211382,High,True
POST_00137,Facebook,Post,Lifestyle,7113,364,226,41811,123,2.16,40.200711382113816,Low,False
POST_00202,Instagram,Story,Lifestyle,7590,277,180,6195,518,32.57,58.72954014029618,Moderate,False
POST_03163,Twitter,Poll,Gaming,1046,83,1291,85766,325,0.65,52.728873239436616,Moderate,False
POST_01136,Instagram,Reel,Education,4439,44,17,3551,212,2.12,16.905689789555726,Low,False
POST_00742,Twitter,Poll,Health,4308,128,293,20014,141,13.22,33.80030181086519,Low,False
POST_03188,Twitter,Retweet,Entertainment,3502,53,1589,6565,104,1.5,48.53370221327968,Low,False
POST_00209,Instagram,Story,Food,5738,87,270,45537,932,3.84,75.07599376461418,High,True
POST_01789,Instagram,Reel,Fitness,9190,147,57,12124,961,2.36,58.26383476227591,Moderate,False
POST_04133,LinkedIn,Document,Sports,139,64,30,12751,206,0.05,33.66035856573705,Low,False
POST_03219,LinkedIn,Post,Education,400,10,400,25883,260,0.21,61.47908366533864,Moderate,False
POST_00291,Instagram,Photo,Gaming,8964,15,177,33592,329,48.35,45.227981293842554,Low,False
POST_04572,LinkedIn,Poll,Technology,1877,17,368,16235,7,0.51,41.30478087649402,Low,False
POST_02436,Twitter,Poll,Lifestyle,544,231,1130,18857,382,0.43,59.54225352112677,Moderate,False
POST_00477,Instagram,Photo,Lifestyle,5014,421,263,6887,483,1.67,67.17459080280592,High,True
POST_01558,Twitter,Tweet,Travel,412,51,748,63758,429,1.84,46.37575452716297,Low,False
POST_03469,TikTok,Stitch,Gaming,10254,921,2247,170233,1957,8.12,47.57915567282321,Low,False
POST_04224,TikTok,Duet,Fitness,47811,1339,3748,467081,2571,23.63,80.10883905013193,Very High,True
POST_03338,TikTok,Video,Fitness,10473,473,1791,382987,2838,62.62,50.92348284960422,Moderate,False
POST_02753,Twitter,Tweet,Technology,4619,77,34,14750,344,1.01,42.06740442655935,Low,False
POST_03159,TikTok,Video,Business,2305,439,1491,57633,895,0.95,22.532981530343005,Low,False
POST_01704,Facebook,Post,Gaming,3561,130,703,7029,111,1.15,41.15599593495935,Low,False
POST_03622,Instagram,Reel,Sports,2294,248,119,21477,917,9.62,57.19407638347622,Moderate,False
POST_04178,TikTok,Video,Education,7989,642,2283,248808,1192,5.47,35.844327176781,Low,False
POST_02548,Twitter,Thread,Fashion,1585,267,1255,16164,451,234.49,71.99698189134809,High,True
POST_03570,TikTok,Stitch,Health,29928,949,3729,53754,1677,8.24,60.84102902374669,Moderate,False
POST_03290,Instagram,Story,Business,6008,415,272,32168,81,4.46,56.11262665627436,Moderate,False
POST_03840,LinkedIn,Document,Fashion,146,27,178,1218,217,0.09,40.88645418326693,Low,False
POST_03207,TikTok,Duet,Entertainment,25323,155,2828,67993,174,37.73,29.51517150395778,Low,False
POST_04040,Facebook,Live,Technology,6230,44,825,53654,128,13.94,47.35264227642276,Low,False
POST_02411,LinkedIn,Document,Business,1938,14,486,5454,237,1.33,76.69322709163346,High,True
POST_00520,Instagram,Reel,Food,913,40,38,3555,23,0.4,7.196024941543258,Low,False
POST_03096,LinkedIn,Document,Sports,1318,145,330,18661,64,1.17,54.15338645418326,Moderate,False
POST_00378,Instagram,Photo,Entertainment,1264,393,216,44906,95,3.28,42.281761496492585,Low,False
POST_03690,Instagram,Carousel,Fashion,6151,300,138,34046,413,1.95,48.95946999220577,Low,False
POST_01453,TikTok,Stitch,Education,49712,1837,2541,270620,2755,23.56,78.85883905013192,Very High,True
POST_01280,Facebook,Story,Technology,3344,314,728,30273,745,5.2,76.70223577235772,High,True
POST_03312,LinkedIn,Post,Business,1135,48,51,19524,63,0.27,25.039840637450194,Low,False
POST_02487,Facebook,Story,Food,806,175,736,55276,31,0.64,35.444613821138205,Low,False
POST_02011,Instagram,Story,Technology,2936,164,77,20647,648,1.72,41.379579111457524,Low,False
POST_00182,Instagram,Story,Gaming,7304,146,135,40396,800,3.72,59.18550272798129,Moderate,False
POST_03735,Instagram,Photo,Fitness,490,119,125,35571,660,0.78,42.14925954793453,Low,False
POST_03420,Instagram,Photo,Health,8235,417,260,39290,365,2.37,67.27396726422447,High,True
POST_02038,Instagram,Photo,Gaming,9619,478,237,14296,22,2.95,56.726422447388934,Moderate,False
POST_02460,Twitter,Tweet,Sports,1375,153,354,64211,162,0.48,29.348591549295776,Low,False
POST_01700,Facebook,Post,Travel,6503,123,217,53846,514,5.44,47.047764227642276,Low,False
POST_03097,YouTube,Short,Fitness,7036,379,413,999256,355,4.63,21.81628392484342,Low,False
POST_00328,Facebook,Live,Fitness,1921,321,53,37778,162,0.51,24.48424796747968,Low,False
POST_03983,Instagram,Carousel,Fashion,5673,499,160,45395,242,1.57,50.1091192517537,Moderate,False
POST_00787,Facebook,Video,Lifestyle,7669,174,567,13618,127,2.18,46.168699186991866,Low,False
POST_04437,Twitter,Retweet,Gaming,492,247,1165,11714,221,5.11,49.6202213279678,Low,False
POST_04728,TikTok,Duet,Food,49414,1645,2766,169134,628,11.24,52.18667546174143,Moderate,False
POST_01463,Instagram,Photo,Education,585,417,69,12469,605,0.64,42.638347622759156,Low,False
POST_00072,Instagram,Carousel,Food,9973,31,94,551,328,16.99,37.57599376461418,Low,False
POST_03776,YouTube,Short,Travel,4846,225,1794,69147,181,1.57,40.09394572025052,Low,False
POST_04881,Instagram,Reel,Fitness,2098,113,126,26163,215,2.95,29.041309431021045,Low,False
POST_01735,Instagram,Photo,Travel,9974,73,221,37742,735,2.56,68.33398285268902,High,True
POST_04852,Twitter,Poll,Food,3891,216,1097,83801,31,9.61,44.0291750503018,Low,False
POST_00375,Instagram,Reel,Food,8612,79,79,10482,786,2.37,51.89594699922058,Moderate,False
POST_00618,Twitter,Tweet,Lifestyle,2912,55,1849,46104,466,4.2,76.85613682092556,Very High,True
POST_02608,Twitter,Thread,Business,4454,18,58,79959,176,3.78,26.682595573440636,Low,False
POST_02301,TikTok,Video,Health,10214,647,3028,159672,2283,2.98,54.1721635883905,Moderate,False
POST_01178,Instagram,Reel,Technology,1343,432,62,19095,534,0.84,40.38971161340608,Low,False
POST_00878,LinkedIn,Post,Fitness,1891,8,153,14203,215,0.84,50.179282868525895,Moderate,False
POST_04200,Facebook,Live,Food,7069,127,930,5426,126,4.51,55.8714430894309,Moderate,False
POST_01021,LinkedIn,Post,Fashion,1841,74,112,27994,78,0.49,37.91832669322709,Low,False
POST_04226,LinkedIn,Document,Gaming,907,72,111,29881,133,1.48,37.16633466135458,Low,False
POST_00696,Facebook,Post,Gaming,2597,388,917,53075,52,1.09,53.49847560975609,Moderate,False
POST_01544,Twitter,Poll,Lifestyle,3762,272,125,1765,408,3.41,55.671529175050296,Moderate,False
POST_04746,Instagram,Carousel,Food,7837,57,7,45786,91,1.61,17.68316445830086,Low,False
POST_00599,Instagram,Carousel,Education,8834,360,14,44346,25,2.78,26.708885424785656,Low,False
POST_00829,LinkedIn,Document,Entertainment,509,29,353,6131,270,0.21,62.43027888446214,Moderate,False
POST_00493,Twitter,Tweet,Business,3547,159,1277,96201,82,1.91,47.625754527162975,Low,False
POST_04778,Twitter,Tweet,Lifestyle,4002,235,35,90937,490,1.07,58.58148893360161,Moderate,False
POST_04629,Facebook,Video,Fashion,7110,50,193,43342,703,3.05,53.269817073170735,Moderate,False
POST_00220,TikTok,Duet,Sports,1149,43,2331,71697,865,0.97,25.656332453825858,Low,False
POST_00660,Facebook,Live,Gaming,220,144,873,8040,174,0.37,44.03709349593496,Low,False
POST_03363,LinkedIn,Post,Health,391,8,162,12666,122,0.19,29.487051792828684,Low,False
POST_00771,Instagram,Story,Fitness,9815,121,276,11890,414,3.22,64.23226812159002,High,True
POST_04058,Instagram,Story,Technology,7492,355,296,20112,581,2.55,77.180436477007,Very High,True
POST_03527,YouTube,Community Post,Gaming,5306,978,1405,218022,3347,2.26,67.15031315240083,High,True
POST_00640,Twitter,Retweet,Travel,3240,73,1520,85553,311,6.41,62.00955734406438,Moderate,False
POST_04313,Instagram,Reel,Sports,9015,395,173,8709,244,2.21,53.585346843335934,Moderate,False
POST_00412,YouTube,Community Post,Fitness,10365,498,1721,143857,299,3.8,48.23068893528184,Low,False
POST_02709,Instagram,Photo,Lifestyle,2711,423,295,23259,325,11.65,62.28371005455963,Moderate,False
POST_00587,Instagram,Carousel,Food,4686,118,80,24586,115,1.78,24.495323460639128,Low,False
POST_03310,Facebook,Post,Education,7682,246,943,64168,26,50.74,57.77693089430893,Moderate,False
POST_03911,Instagram,Reel,Technology,2180,46,157,37008,462,5.38,38.63795791114575,Low,False
POST_00286,Instagram,Photo,Food,2576,115,125,33168,440,0.89,37.39477786438036,Low,False
POST_02535,LinkedIn,Document,Business,958,107,445,14512,40,0.59,53.21713147410358,Moderate,False
POST_02710,Twitter,Poll,Gaming,1843,246,391,32408,217,1.73,39.66549295774647,Low,False
POST_03248,Twitter,Thread,Business,3158,298,1697,12766,188,1.91,67.00704225352112,High,True
POST_03292,TikTok,Video,Sports,11143,1388,1978,441303,115,4.77,27.767150395778362,Low,False
POST_04460,Facebook,Video,Sports,6230,72,952,30027,731,2.02,80.27947154471545,Very High,True
POST_01279,Instagram,Photo,Sports,3147,445,254,42680,651,1.02,70.4812938425565,High,True
POST_00875,Instagram,Reel,Health,3131,498,235,16157,253,4.34,55.138347622759156,Moderate,False
POST_03382,Twitter,Retweet,Sports,312,68,832,43019,53,0.61,22.318913480885314,Low,False
POST_02876,Facebook,Live,Lifestyle,7812,243,257,46791,227,5.81,42.8099593495935,Low,False
POST_01272,TikTok,Duet,Fitness,2602,1231,301,67325,1074,10.3,23.439973614775724,Low,False
POST_01749,TikTok,Video,Health,8874,680,4653,400037,1235,46.61,53.54881266490765,Moderate,False
POST_00576,YouTube,Video,Entertainment,3906,139,383,671951,2114,1.11,27.45302713987474,Low,False
POST_03886,YouTube,Community Post,Travel,16106,68,1190,326402,2906,10.44,54.62421711899792,Moderate,False
POST_01836,LinkedIn,Article,Health,211,137,486,18492,52,0.2,55.468127490039834,Moderate,False
POST_04969,YouTube,Video,Technology,10096,105,1791,300100,4381,7.95,70.72546972860125,High,True
POST_04393,Facebook,Live,Gaming,2126,66,628,59864,111,1.22,33.08180894308943,Low,False
POST_03241,Twitter,Poll,Food,4306,133,1491,6605,177,2.11,57.78923541247485,Moderate,False
POST_03672,Instagram,Reel,Technology,7962,344,287,40470,542,1.83,74.85580670303975,High,True
POST_00923,TikTok,Duet,Gaming,33818,68,2838,41368,2815,13.88,62.39775725593667,Moderate,False
POST_00192,TikTok,Video,Food,697,654,4563,282169,2952,1.21,71.11807387862797,High,True
POST_04926,Twitter,Poll,Food,4628,92,432,27595,437,1.71,56.443661971830984,Moderate,False
POST_01903,TikTok,Video,Entertainment,21207,966,2134,387476,1165,7.36,40.96635883905013,Low,False
POST_01152,TikTok,Stitch,Gaming,42518,786,1270,271902,317,12.99,29.122691292875984,Low,False
POST_02438,Twitter,Thread,Food,2171,112,432,21948,73,0.79,24.92957746478873,Low,False
POST_04752,Twitter,Retweet,Education,762,77,264,20992,204,0.42,24.632796780684103,Low,False
POST_01382,Twitter,Thread,Education,978,152,1456,61012,471,0.63,69.75352112676056,High,True
POST_03287,Twitter,Tweet,Health,4145,24,1545,42534,225,1.28,56.17203219315895,Moderate,False
POST_01476,LinkedIn,Document,Education,1014,147,385,16990,113,1.33,62.62948207171315,Moderate,False
POST_02215,LinkedIn,Document,Health,1436,65,445,16767,47,1.08,53.471115537848604,Moderate,False
POST_02426,YouTube,Short,Sports,13220,590,1307,488182,4624,8.14,74.96346555323589,High,True
POST_02687,Instagram,Photo,Education,9055,314,238,30229,349,5.15,62.51558846453624,Moderate,False
POST_03868,LinkedIn,Article,Gaming,1687,90,303,5917,139,26.61,58.70019920318725,Moderate,False
POST_01858,Facebook,Story,Education,2278,360,53,28210,687,1.18,49.9415650406504,Moderate,False
POST_00330,Instagram,Carousel,Health,5505,71,139,18661,976,1.28,61.27045985970382,Moderate,False
POST_00133,Instagram,Carousel,Health,1670,50,48,24264,488,0.55,26.128215120810598,Low,False
POST_02031,Instagram,Carousel,Gaming,2928,89,25,17832,872,1.25,40.21628994544037,Low,False
POST_02246,Facebook,Live,Health,4987,314,177,23520,522,2.31,50.609756097560975,Moderate,False
POST_03187,Twitter,Retweet,Travel,1361,159,509,15525,104,1.02,28.880784708249497,Low,False
POST_04838,Twitter,Tweet,Travel,1203,123,76,63518,464,0.68,43.83048289738431,Low,False
POST_04840,Twitter,Tweet,Food,4141,249,1925,7864,231,2.2,74.7761569416499,High,True
POST_01395,Twitter,Poll,Lifestyle,4097,28,77,84040,165,1.92,25.92303822937626,Low,False
POST_01561,Twitter,Tweet,Business,2047,99,1843,43320,43,1.44,46.56438631790744,Low,False
POST_02649,Twitter,Retweet,Business,2664,184,1267,6702,232,1.14,56.33802816901409,Moderate,False
POST_04809,Instagram,Photo,Gaming,6614,247,30,38614,510,1.95,38.24240062353857,Low,False
POST_03111,Facebook,Video,Fitness,6139,54,597,47235,730,5.71,66.59044715447153,High,True
POST_00235,Instagram,Carousel,Lifestyle,2457,115,117,24108,260,2.26,29.842166796570535,Low,False
POST_00941,Twitter,Tweet,Education,3378,67,919,19228,464,0.9,62.228370221327964,Moderate,False
POST_03107,LinkedIn,Post,Technology,1883,9,5,6300,285,1.27,48.66533864541832,Low,False
POST_02270,Facebook,Story,Food,7032,396,701,42385,86,3.39,56.65650406504065,Moderate,False
POST_03406,TikTok,Stitch,Technology,21470,1611,3868,416781,1704,9.91,64.94063324538259,High,True
POST_04894,Instagram,Photo,Travel,8149,350,45,49400,294,2.34,38.28526890101325,Low,False
POST_04157,Facebook,Story,Gaming,7041,71,491,29433,774,2.04,66.95376016260161,High,True
POST_01591,LinkedIn,Poll,Business,715,110,414,18997,258,0.56,74.32768924302789,High,True
POST_02547,Instagram,Story,Technology,1623,360,58,36661,986,0.63,54.73304754481683,Moderate,False
POST_02461,YouTube,Community Post,Education,12763,331,1139,885529,4370,3.71,64.95302713987473,High,True
POST_04970,Twitter,Thread,Sports,763,20,1592,83293,278,5.97,50.40744466800805,Moderate,False
POST_00865,Twitter,Poll,Food,4939,11,1115,62177,330,1.52,57.47233400402415,Moderate,False
POST_03116,TikTok,Video,Entertainment,35706,1095,3657,340817,2678,28.14,75.08245382585753,High,True
POST_04676,TikTok,Stitch,Travel,11969,90,3706,490232,2763,4.78,62.43073878627967,Moderate,False
POST_01575,Instagram,Carousel,Business,7213,427,161,19776,216,1.63,50.09353078721745,Moderate,False
POST_04980,Instagram,Carousel,Fashion,2711,195,30,22829,774,1.11,40.227981293842554,Low,False
POST_01443,LinkedIn,Poll,Gaming,1115,64,379,16789,59,6.9,48.01792828685259,Low,False
POST_03425,TikTok,Stitch,Education,26428,921,2473,163691,1766,249.62,52.45052770448548,Moderate,False
POST_00245,Instagram,Photo,Business,5537,447,249,30762,925,3.33,82.9754481683554,Very High,True
POST_01718,LinkedIn,Poll,Health,182,116,50,26326,73,0.23,25.776892430278885,Low,False
POST_02325,TikTok,Duet,Entertainment,38280,566,4471,486239,919,14.72,55.59366754617414,Moderate,False
POST_00785,Instagram,Photo,Fashion,6814,48,133,29664,508,3.08,44.662899454403735,Low,False
POST_01057,TikTok,Stitch,Health,47482,767,1792,427058,1124,17.52,44.162269129287594,Low,False
POST_02485,Facebook,Live,Education,3040,355,735,11804,690,1.2,75.74186991869918,High,True
POST_03767,Facebook,Post,Business,2934,126,360,45177,244,1.67,32.97764227642276,Low,False
POST_00393,Twitter,Retweet,Lifestyle,256,216,1394,78085,382,0.78,62.89738430583501,Moderate,False
POST_02385,Twitter,Tweet,Entertainment,1277,56,935,47371,244,0.65,39.381287726358146,Low,False
POST_04273,Instagram,Reel,Education,6813,50,78,34460,823,12.26,49.57911145752143,Low,False
POST_04553,Instagram,Reel,Entertainment,7641,52,57,22373,449,90.17,34.81293842556508,Low,False
POST_01442,Instagram,Photo,Sports,325,214,140,6217,565,0.17,43.39828526890101,Low,False
POST_01091,YouTube,Video,Lifestyle,2994,869,408,288871,3812,3.95,49.72860125260959,Low,False
POST_03818,TikTok,Duet,Technology,46393,1496,3832,490798,1984,22.79,75.0065963060686,High,True
POST_00213,LinkedIn,Document,Health,747,62,264,8803,257,0.33,59.576693227091624,Moderate,False
POST_01759,Instagram,Reel,Health,2543,371,137,4076,942,0.75,64.49922057677318,High,True
POST_01895,Facebook,Story,Gaming,4068,20,188,19636,138,2.66,20.98831300813008,Low,False
POST_00668,Instagram,Photo,Entertainment,6397,46,14,35981,283,3.56,22.005066250974277,Low,False
POST_03517,Instagram,Reel,Education,4938,37,63,19588,180,5.94,21.5705378020265,Low,False
POST_04681,Twitter,Retweet,Gaming,4329,248,1646,27403,378,2.0,80.6287726358149,Very High,True
POST_02346,LinkedIn,Post,Entertainment,783,142,401,10108,51,0.34,53.7101593625498,Moderate,False
POST_04900,YouTube,Community Post,Entertainment,10847,52,1220,531933,3723,88.64,56.83716075156576,Moderate,False
POST_03320,TikTok,Video,Food,11783,924,2347,198320,1378,4.04,42.05145118733509,Low,False
POST_01949,Twitter,Thread,Fashion,4579,176,1734,77979,424,3.88,82.44215291750501,Very High,True
POST_01910,Instagram,Reel,Lifestyle,6677,50,71,13435,801,1.98,47.786438035853465,Low,False
POST_00549,Facebook,Post,Entertainment,3225,366,973,8250,187,4.05,61.78607723577235,Moderate,False
POST_00399,TikTok,Stitch,Entertainment,39355,1790,3466,10738,1266,21.09,63.05738786279683,Moderate,False
POST_04126,LinkedIn,Document,Fitness,1167,149,482,19846,223,0.52,82.58466135458167,Very High,True
POST_03782,Twitter,Poll,Education,3203,124,1490,74568,456,2.56,74.41146881287726,High,True
POST_02591,TikTok,Video,Health,47131,759,728,109720,1671,11.86,42.645118733509236,Low,False
POST_00070,YouTube,Live,Education,2479,565,1310,273654,3105,3.54,55.80375782881002,Moderate,False
POST_02429,Twitter,Thread,Education,2832,46,707,10402,218,1.9,37.829476861167,Low,False
POST_01320,Instagram,Story,Entertainment,3367,77,151,32756,78,7.22,28.32034294621979,Low,False
POST_03458,LinkedIn,Article,Technology,1457,145,262,12277,16,0.47,44.37250996015936,Low,False
POST_02595,Instagram,Reel,Health,1324,130,107,37543,631,0.81,40.45011691348401,Low,False
POST_02376,Twitter,Thread,Fitness,1230,134,37,7212,84,0.46,17.069919517102615,Low,False
POST_00038,Instagram,Carousel,Gaming,9966,48,226,38305,151,3.07,47.45713172252533,Low,False
POST_04607,TikTok,Duet,Fitness,23725,59,3194,87307,2482,8.77,57.549472295514505,Moderate,False
POST_00310,Twitter,Thread,Food,1625,116,267,14965,426,0.77,45.3169014084507,Low,False
POST_01712,Instagram,Story,Education,6540,29,209,25492,524,2.12,52.7825409197194,Moderate,False
POST_00566,Facebook,Post,Fashion,6881,279,534,11334,790,7.49,76.47611788617887,High,True
POST_02744,Instagram,Story,Technology,138,422,256,23021,223,1.73,49.762275915822286,Low,False
POST_02568,Twitter,Poll,Health,3081,153,1350,41149,68,3.45,45.58601609657947,Low,False
POST_02449,Instagram,Photo,Fitness,8068,373,63,45649,478,4.5,47.17653936087295,Low,False
POST_00607,Instagram,Photo,Fashion,1401,329,263,40458,765,0.5,68.93219017926734,High,True
POST_00929,Facebook,Video,Health,1062,311,449,14421,684,0.5,59.59095528455285,Moderate,False
POST_03314,Instagram,Story,Health,2496,449,268,49303,664,0.74,71.77123928293064,High,True
POST_03747,LinkedIn,Post,Travel,1090,78,75,10972,283,0.54,53.64043824701194,Moderate,False
POST_03778,Facebook,Live,Fitness,6796,372,181,69682,640,1.94,61.54471544715447,Moderate,False
POST_01269,Facebook,Live,Gaming,705,384,613,56238,69,1.55,40.226117886178855,Low,False
POST_01644,Facebook,Story,Fitness,5348,393,653,27245,505,3.92,70.22103658536585,High,True
POST_04082,Instagram,Reel,Travel,8064,226,105,21941,412,3.93,45.36438035853468,Low,False
POST_02291,Facebook,Post,Entertainment,6911,33,706,36502,275,2.05,51.10264227642276,Moderate,False
POST_04030,Twitter,Tweet,Fitness,1763,274,1605,31075,25,5.16,49.0291750503018,Low,False
POST_04275,Facebook,Story,Fitness,3701,255,754,7362,168,1.27,50.4979674796748,Moderate,False
POST_01165,Instagram,Photo,Entertainment,1657,223,124,48489,596,0.81,44.910366328916595,Low,False
POST_03277,TikTok,Video,Health,3155,667,1678,132615,1791,1.56,37.06464379947229,Low,False
POST_01477,TikTok,Stitch,Entertainment,47780,1167,2266,332535,2607,13.71,68.50923482849603,High,True
POST_04121,Twitter,Poll,Lifestyle,2861,164,1013,84146,104,8.83,42.01207243460765,Low,False
POST_04294,YouTube,Video,Gaming,2795,884,94,3639,4956,2.03,51.63883089770355,Moderate,False
POST_04050,Instagram,Story,Entertainment,7966,301,59,18970,514,52.92,45.822291504286824,Low,False
POST_03093,Twitter,Retweet,Fitness,3743,231,164,78093,253,0.84,43.54627766599597,Low,False
POST_00984,Instagram,Photo,Lifestyle,2601,19,210,30973,541,0.87,47.64809041309431,Low,False
POST_01490,Twitter,Poll,Fashion,4649,74,1781,58255,158,2.01,59.4642857142857,Moderate,False
POST_02699,TikTok,Stitch,Fashion,9715,1643,1773,456027,1243,3.17,40.43535620052771,Low,False
POST_03428,Facebook,Video,Fitness,1737,145,321,79891,239,6.62,30.058434959349594,Low,False
POST_01336,LinkedIn,Article,Fitness,1911,61,164,19491,75,2.11,40.72709163346614,Low,False
POST_00874,Twitter,Thread,Gaming,461,272,1605,83263,187,0.62,55.563380281690144,Moderate,False
POST_00786,YouTube,Video,Education,15427,609,957,546061,1191,29.95,46.22129436325678,Low,False
POST_03505,TikTok,Stitch,Fashion,8285,1227,40,48406,1788,3.19,31.863456464379947,Low,False
POST_04156,Instagram,Reel,Technology,2541,219,106,40272,306,0.8,33.273577552611066,Low,False
POST_00691,Twitter,Poll,Technology,2496,42,909,26587,397,7.09,52.82193158953723,Moderate,False
POST_03929,LinkedIn,Document,Fitness,218,1,107,2858,275,0.07,40.80179282868525,Low,False
POST_04971,Facebook,Post,Education,4219,34,667,58283,577,3.26,58.58993902439025,Moderate,False
POST_03901,Twitter,Tweet,Lifestyle,3299,41,1124,25003,490,4.3,65.76458752515092,High,True
POST_00448,TikTok,Stitch,Technology,28442,489,2201,262716,965,10.87,37.65831134564643,Low,False
POST_03513,YouTube,Live,Lifestyle,8177,683,1320,215816,3884,11.41,67.3277661795407,High,True
POST_04004,Instagram,Photo,Fitness,8263,343,243,22744,915,1.81,83.22876071706938,Very High,True
POST_02914,YouTube,Video,Technology,19111,552,346,877902,3381,6.22,52.912317327766175,Moderate,False
POST_01203,Instagram,Carousel,Gaming,114,325,104,44808,679,1.1,45.89633671083397,Low,False
POST_04264,Twitter,Thread,Food,2945,53,1016,25286,306,12.6,50.3043259557344,Moderate,False
POST_01852,TikTok,Stitch,Fashion,6690,722,452,223735,1201,3.07,22.740765171503956,Low,False
POST_00200,TikTok,Video,Fashion,28782,1832,3859,462739,2989,139.12,84.75263852242743,Very High,True
POST_01076,Twitter,Retweet,Lifestyle,2305,23,1707,54974,62,7.64,42.457243460764595,Low,False
POST_01985,Instagram,Reel,Education,1211,341,63,20766,718,1.62,44.12704598597038,Low,False
POST_04512,Facebook,Post,Health,5058,397,224,26975,83,1.35,35.90955284552846,Low,False
POST_01507,Facebook,Video,Food,2367,170,348,77744,420,0.65,41.41006097560975,Low,False
POST_04161,Facebook,Story,Education,7104,29,859,60458,136,8.46,49.90091463414634,Low,False
POST_01736,TikTok,Stitch,Education,7173,1480,4348,186618,971,4.44,53.96108179419525,Moderate,False
POST_01960,TikTok,Video,Sports,15700,1748,2477,197811,503,6.97,39.71635883905013,Low,False
POST_02828,Instagram,Reel,Food,6032,438,250,15479,690,7.19,75.29423226812158,High,True
POST_02036,Twitter,Poll,Health,2919,194,1771,50262,149,6.94,59.87173038229376,Moderate,False
POST_01144,Facebook,Live,Fitness,5223,375,835,74311,793,1.77,87.89380081300813,Very High,True
POST_01660,Twitter,Tweet,Technology,2482,166,1940,80789,130,15.47,59.29325955734406,Moderate,False
POST_03935,Twitter,Retweet,Fitness,4859,62,1160,80229,56,6.94,41.654929577464785,Low,False
POST_02898,Twitter,Tweet,Gaming,1616,292,1902,85270,248,2.87,69.49446680080482,High,True
POST_00762,Twitter,Retweet,Business,3016,71,1188,94321,499,1.8,68.74245472837022,High,True
POST_04139,LinkedIn,Article,Fashion,1861,102,494,7406,28,1.22,61.75796812749004,Moderate,False
POST_02733,Instagram,Reel,Entertainment,2088,55,260,35493,931,12.78,67.25448168355416,High,True
POST_00176,Instagram,Photo,Entertainment,8889,144,42,46553,291,3.54,32.437646141855026,Low,False
POST_01748,Twitter,Retweet,Business,3388,138,795,94517,15,0.88,31.9341046277666,Low,False
POST_04193,Facebook,Video,Travel,711,259,283,18832,415,0.27,39.36991869918699,Low,False
POST_04332,Instagram,Story,Fashion,5702,94,234,12490,890,1.37,69.46609508963365,High,True
POST_04003,TikTok,Video,Fashion,13376,903,4274,377716,2836,4.11,72.82321899736147,High,True
POST_04432,Facebook,Story,Technology,6836,157,363,47114,767,5.12,65.11432926829268,High,True
POST_02668,LinkedIn,Post,Technology,450,135,261,15770,52,0.26,40.72709163346613,Low,False
POST_02521,LinkedIn,Poll,Business,541,126,353,21021,91,0.21,51.489043824701184,Moderate,False
POST_00680,TikTok,Duet,Fashion,24254,1022,1768,163757,1926,21.05,48.37401055408971,Low,False
POST_03064,Facebook,Post,Health,5374,246,322,48376,548,2.01,55.28709349593495,Moderate,False
POST_02253,LinkedIn,Poll,Education,681,39,177,23552,71,0.47,29.581673306772906,Low,False
POST_04667,Instagram,Story,Business,6447,263,183,26951,983,5.9,73.74318004676539,High,True
POST_04142,Instagram,Reel,Lifestyle,1868,136,73,25891,913,1.24,47.32462977396726,Low,False
POST_04857,Instagram,Story,Education,2125,125,94,46408,633,0.69,40.576773187841,Low,False
POST_00733,LinkedIn,Poll,Food,887,4,475,21015,182,0.41,60.841633466135455,Moderate,False
POST_03091,Facebook,Post,Fashion,5148,132,72,41594,736,16.98,49.44613821138211,Low,False
POST_01578,Facebook,Live,Business,3968,241,338,11662,415,1.51,46.514227642276424,Low,False
POST_02604,Twitter,Retweet,Gaming,2916,101,1586,29987,397,9.59,69.54225352112675,High,True
POST_01733,Facebook,Live,Travel,7476,35,280,24441,623,5.31,53.26727642276423,Moderate,False
POST_00016,Instagram,Story,Gaming,2324,427,73,10982,539,1.4,43.821122369446606,Low,False
POST_03334,Instagram,Story,Education,8896,215,286,38834,527,33.56,71.28020265003896,High,True
POST_01711,Instagram,Carousel,Gaming,9023,158,222,2916,967,3.99,77.98519095869057,Very High,True
POST_04259,Twitter,Retweet,Gaming,1319,179,348,88470,51,1.83,22.701207243460765,Low,False
POST_04545,Twitter,Poll,Gaming,3684,122,1583,37497,78,44.45,50.774647887323944,Moderate,False
POST_00703,Twitter,Retweet,Fitness,1394,48,274,58263,315,0.44,33.513581488933596,Low,False
POST_01663,YouTube,Short,Business,9247,174,310,331101,2775,3.06,34.22755741127349,Low,False
POST_00980,Facebook,Post,Education,3860,246,114,64667,590,1.09,46.36432926829268,Low,False
POST_00271,TikTok,Stitch,Lifestyle,49243,1657,737,464394,2598,11.04,61.46108179419525,Moderate,False
POST_02266,Facebook,Post,Food,4534,385,445,55949,454,3.2,58.485772357723576,Moderate,False
POST_01769,Twitter,Poll,Lifestyle,3115,212,226,97857,110,3.0,32.54275653923541,Low,False
POST_04258,Facebook,Story,Entertainment,2508,280,991,41547,365,5.09,65.54878048780488,High,True
POST_04992,Facebook,Post,Gaming,1835,144,177,72320,685,0.99,45.294715447154466,Low,False
POST_02958,TikTok,Duet,Gaming,701,997,1862,441850,2304,1.04,46.33905013192612,Low,False
POST_00086,Twitter,Poll,Travel,1992,130,1798,56609,151,0.81,54.51710261569416,Moderate,False
POST_00502,Facebook,Live,Gaming,5265,271,920,42071,60,1.48,54.75609756097561,Moderate,False
POST_01882,TikTok,Video,Education,27320,1021,85,17420,1978,5.92,38.91820580474934,Low,False
POST_03663,Instagram,Photo,Travel,8512,313,121,23574,728,2.6,62.08495713172253,Moderate,False
POST_01840,Instagram,Story,Entertainment,1742,168,72,47590,231,0.58,23.87763055339049,Low,False
POST_02151,Twitter,Retweet,Education,61,148,70,61334,197,1.08,22.0145875251509,Low,False
POST_04361,Instagram,Carousel,Sports,3209,256,212,6474,40,2.03,38.82307092751363,Low,False
POST_02671,Facebook,Story,Lifestyle,5619,275,497,6783,507,1.3,60.74695121951219,Moderate,False
POST_00678,Twitter,Thread,Sports,3287,204,89,56103,34,8.93,24.14486921529175,Low,False
POST_04644,Instagram,Carousel,Technology,5750,201,273,17577,968,2.52,80.2689010132502,Very High,True
POST_02940,Instagram,Photo,Lifestyle,7710,184,280,38536,527,3.49,67.757209664848,High,True
POST_00103,Twitter,Retweet,Lifestyle,4379,11,967,39428,275,1.35,49.15241448692152,Low,False
POST_03474,LinkedIn,Post,Sports,864,26,422,12755,170,0.39,57.80378486055777,Moderate,False
POST_03946,Instagram,Photo,Education,3519,220,241,848,589,3.82,60.74629773967264,Moderate,False
POST_00896,Instagram,Story,Travel,5818,32,212,38350,726,5.2,59.150428682774745,Moderate,False
POST_03899,Facebook,Video,Education,1885,155,897,49244,536,0.75,64.48932926829268,High,True
POST_02925,Twitter,Poll,Travel,3590,238,720,44346,23,1.38,36.87374245472837,Low,False
POST_02185,LinkedIn,Post,Education,797,28,425,9396,108,0.38,51.43426294820716,Moderate,False
POST_00345,Twitter,Tweet,Gaming,1993,113,882,40941,422,1.23,56.6976861167002,Moderate,False
POST_03194,Twitter,Retweet,Sports,226,295,1968,52025,475,34.11,83.44818913480884,Very High,True
POST_02697,LinkedIn,Poll,Education,118,92,492,29539,64,0.25,52.729083665338635,Moderate,False
POST_00296,Facebook,Story,Travel,3450,40,361,66063,325,0.84,34.74339430894309,Low,False
POST_01866,YouTube,Short,Technology,5670,687,219,934671,257,3.42,20.762004175365345,Low,False
POST_01873,Facebook,Video,Fashion,5210,309,682,68599,596,1.75,72.24339430894308,High,True
POST_02529,Instagram,Reel,Fashion,7387,138,42,27354,418,4.02,34.337490257209666,Low,False
POST_03537,Twitter,Thread,Education,3781,130,713,35058,111,2.87,38.38028169014084,Low,False
POST_04769,LinkedIn,Article,Travel,488,143,435,7285,185,0.53,69.45717131474103,High,True
POST_00697,Twitter,Poll,Entertainment,2360,39,871,11619,499,2.29,59.099597585513074,Moderate,False
POST_04249,Facebook,Story,Fashion,4564,274,304,54520,165,1.04,36.984247967479675,Low,False
POST_02201,YouTube,Live,Education,18599,956,1633,213568,1196,33.42,65.38622129436324,High,True
POST_01820,Twitter,Retweet,Business,2988,205,247,40278,428,1.27,54.031690140845065,Moderate,False
POST_03206,TikTok,Duet,Lifestyle,2804,413,1768,272869,2715,2.94,46.48746701846966,Low,False
POST_02332,Instagram,Photo,Fitness,8257,281,299,37929,297,1.92,66.18862042088854,High,True
POST_01745,Twitter,Thread,Business,1933,98,466,8806,250,0.51,36.46629778672032,Low,False
POST_04524,Facebook,Live,Fashion,3730,112,893,17537,278,1.85,54.306402439024396,Moderate,False
POST_02760,Instagram,Carousel,Health,9359,111,279,45683,979,2.74,83.95946999220575,Very High,True
POST_00154,Facebook,Live,Business,2395,276,387,44172,110,1.2,32.886178861788615,Low,False
POST_02269,Instagram,Story,Fitness,981,286,207,48891,320,0.3,44.79345284489477,Low,False
POST_03020,TikTok,Stitch,Travel,20363,898,2434,44459,2999,5.68,65.02638522427439,High,True
POST_03916,Twitter,Retweet,Fitness,1641,193,331,77981,291,0.87,40.84255533199195,Low,False
POST_04260,Twitter,Thread,Education,731,52,443,78261,299,0.44,33.06841046277666,Low,False
POST_02232,Instagram,Photo,Travel,8739,106,170,26064,591,40.52,56.921278254091966,Moderate,False
POST_04303,TikTok,Video,Gaming,919,1769,3042,399296,1327,4.54,49.27110817941952,Low,False
POST_01247,Instagram,Photo,Education,3339,55,75,49087,434,1.66,30.224084177708495,Low,False
POST_03284,TikTok,Video,Food,18304,750,2822,492123,2513,4.55,58.7928759894459,Moderate,False
POST_01254,Instagram,Reel,Gaming,6205,343,205,13335,135,1.37,48.51519875292284,Low,False
POST_03092,YouTube,Short,Sports,2989,612,1690,549736,3636,4.27,66.74321503131524,High,True
POST_00671,Instagram,Carousel,Fashion,4424,63,114,46391,764,1.38,48.610678098207316,Low,False
POST_02495,Facebook,Video,Health,3643,325,567,31067,236,3.24,48.40701219512194,Low,False
POST_02782,TikTok,Stitch,Travel,29695,997,2442,489949,809,43.81,41.33905013192612,Low,False
POST_03921,YouTube,Live,Technology,13688,609,664,66738,421,11.29,35.605427974947816,Low,False
POST_02012,Instagram,Photo,Travel,1105,269,14,24491,901,0.63,42.443491816056124,Low,False
POST_01763,Instagram,Photo,Fitness,6755,139,119,34085,69,19.74,31.08144972720187,Low,False
POST_00325,YouTube,Community Post,Fitness,3809,555,177,371729,1922,1.33,28.376826722338205,Low,False
POST_00018,Facebook,Post,Entertainment,6825,179,738,2750,99,2.39,50.0660569105691,Moderate,False
POST_02855,Instagram,Photo,Entertainment,5002,49,82,754,76,66.24,21.260717069368663,Low,False
POST_04473,Instagram,Story,Health,8416,269,266,3956,720,5.15,76.73031956352298,Very High,True
POST_03141,Twitter,Poll,Entertainment,233,93,1721,56704,45,1.55,38.584004024144875,Low,False
POST_00866,Facebook,Post,Entertainment,7348,115,34,2975,85,19.35,23.028455284552845,Low,False
POST_00474,TikTok,Stitch,Sports,27389,1790,4767,473038,95,6.86,55.59036939313984,Moderate,False
POST_01161,TikTok,Video,Fashion,8229,1852,463,425257,623,4.47,24.656992084432716,Low,False
POST_04996,TikTok,Duet,Entertainment,11965,514,4155,364932,1532,5.75,52.955145118733505,Moderate,False
POST_04009,LinkedIn,Article,Health,230,129,244,8597,176,0.34,51.78784860557769,Moderate,False
POST_00948,YouTube,Live,Business,6639,926,845,540877,3627,5.59,58.40292275574113,Moderate,False
POST_02179,LinkedIn,Document,Fitness,66,110,309,22465,242,0.18,59.631474103585646,Moderate,False
POST_02222,Facebook,Story,Technology,1863,299,458,40824,340,4.61,45.162601626016254,Low,False
POST_02299,Instagram,Photo,Gaming,1534,307,180,6625,534,2.26,51.13406079501169,Moderate,False
POST_04932,Twitter,Thread,Business,847,138,1261,11354,256,1.42,49.341046277665995,Low,False
POST_00818,Twitter,Poll,Fashion,2317,96,1324,1183,264,2.12,53.86569416498994,Moderate,False
POST_01311,Instagram,Photo,Food,3705,183,171,29330,518,3.27,49.1484801247077,Low,False
POST_01035,Instagram,Carousel,Technology,2429,156,283,12295,658,1.42,64.27903351519876,High,True
POST_03203,Instagram,Reel,Business,9484,174,284,44659,209,9.15,59.512860483242406,Moderate,False
POST_00392,Twitter,Retweet,Fashion,699,263,1396,30520,362,1.13,65.16096579476861,High,True
POST_01249,YouTube,Short,Sports,18329,597,462,540006,2849,4.12,51.56576200417536,Moderate,False
POST_04205,Instagram,Carousel,Food,1547,161,90,26055,471,0.8,33.891270459859705,Low,False
POST_02748,Instagram,Story,Education,8060,182,152,34096,568,7.0,55.857365549493366,Moderate,False
POST_00727,Instagram,Story,Health,9719,285,60,11648,880,4.38,60.993764614185494,Moderate,False
POST_02625,Twitter,Retweet,Travel,1090,208,1903,48553,487,1.52,81.17706237424547,Very High,True
POST_03738,TikTok,Stitch,Technology,35068,465,55,276153,1983,8.21,36.29947229551451,Low,False
POST_00142,Twitter,Poll,Gaming,4339,257,184,7163,116,25.62,37.55281690140845,Low,False
POST_00645,Instagram,Story,Lifestyle,3653,465,110,18100,253,4.03,41.01325019485581,Low,False
POST_04699,Instagram,Photo,Fitness,7890,470,276,12381,543,3.97,76.8530787217459,Very High,True
POST_04830,Facebook,Video,Gaming,2914,60,47,6423,204,0.89,17.71849593495935,Low,False
POST_04803,YouTube,Live,Sports,1497,519,373,445281,1971,1.73,29.812108559498952,Low,False
POST_04439,YouTube,Short,Food,2497,529,599,627901,2408,5.8,38.9509394572025,Low,False
POST_00686,Facebook,Live,Education,368,313,515,64653,379,0.62,47.24593495934959,Low,False
POST_02719,TikTok,Stitch,Travel,18884,1972,4298,451918,1719,8.86,69.12928759894459,High,True
POST_02661,Facebook,Post,Fitness,1327,360,651,48001,248,0.78,49.32672764227642,Low,False
POST_04495,LinkedIn,Document,Sports,1805,58,219,8687,237,0.56,60.76693227091634,Moderate,False
POST_03223,Instagram,Carousel,Health,325,35,9,20747,724,0.13,27.21940763834762,Low,False
POST_01318,LinkedIn,Post,Fashion,945,21,488,10123,269,0.39,74.95517928286853,High,True
POST_03191,Twitter,Retweet,Gaming,3688,84,323,86058,418,11.88,50.36720321931589,Moderate,False
POST_01110,Instagram,Reel,Technology,5211,369,160,11965,375,34.71,50.6858924395947,Moderate,False
POST_00487,Instagram,Carousel,Travel,4556,288,81,37031,793,8.45,53.17225253312549,Moderate,False
POST_00659,Facebook,Video,Sports,4947,104,941,3852,656,1.57,75.40904471544717,High,True
POST_00763,Instagram,Photo,Gaming,728,251,32,40678,629,0.34,34.127045985970376,Low,False
POST_01911,Twitter,Tweet,Food,4694,5,1764,97256,294,17.15,65.13329979879275,High,True
POST_04783,Facebook,Story,Food,5333,351,566,33657,623,7.24,70.59959349593495,High,True
POST_02078,Facebook,Live,Gaming,55,25,657,31675,478,0.2,45.4395325203252,Low,False
POST_04958,Facebook,Live,Business,6736,265,283,75085,481,1.64,53.84400406504064,Moderate,False
POST_02197,Facebook,Video,Entertainment,6428,175,313,2572,614,2.82,57.09603658536585,Moderate,False
POST_00791,Instagram,Reel,Fashion,2427,342,276,22074,322,1.84,56.82774746687451,Moderate,False
POST_04657,TikTok,Stitch,Travel,5660,1063,913,471467,2734,1.61,47.1009234828496,Low,False
POST_02681,Twitter,Poll,Sports,2315,109,1910,82823,34,1.28,48.541247484909455,Low,False
POST_04494,TikTok,Video,Fitness,18545,292,2873,139802,176,4.83,28.63456464379947,Low,False
POST_02203,Twitter,Poll,Business,1051,203,1245,79254,296,2.4,55.99849094567404,Moderate,False
POST_01132,Facebook,Post,Travel,7559,246,585,44414,596,2.13,70.48272357723577,High,True
POST_00099,Instagram,Carousel,Travel,1771,112,45,48705,235,0.47,19.113406079501168,Low,False
POST_03465,Instagram,Story,Lifestyle,5286,93,108,45264,744,1.11,49.41153546375682,Low,False
POST_00933,YouTube,Video,Travel,19125,239,799,132458,1654,7.07,44.451983298538615,Low,False
POST_03631,TikTok,Video,Food,10618,223,1328,86438,767,13.74,21.174142480211078,Low,False
POST_01231,TikTok,Stitch,Gaming,17526,40,864,278016,73,9.6,11.174142480211081,Low,False
POST_00030,Instagram,Reel,Health,6149,146,253,17491,35,1.7,44.31605611847233,Low,False
POST_02808,Instagram,Reel,Business,6968,335,231,46306,796,1.59,75.07794232268121,High,True
POST_03238,YouTube,Short,Lifestyle,16275,39,1477,486693,4458,3.97,69.84342379958247,High,True
POST_04833,Facebook,Story,Business,2247,274,922,62390,438,0.99,66.19664634146342,High,True
POST_04492,LinkedIn,Article,Lifestyle,1700,130,80,26054,61,0.63,38.61055776892431,Low,False
POST_02443,TikTok,Stitch,Sports,49806,1913,126,41104,2323,10.99,56.378627968337724,Moderate,False
POST_03267,Facebook,Live,Education,5391,241,307,38852,745,18.42,63.08943089430894,Moderate,False
POST_02363,Twitter,Thread,Entertainment,1916,256,456,32812,93,6.85,33.34507042253521,Low,False
POST_02023,YouTube,Live,Education,4103,673,674,269217,161,2.01,27.651356993736954,Low,False
POST_03179,TikTok,Video,Education,42686,1163,1665,61093,1031,13.08,43.77638522427441,Low,False
POST_03307,Twitter,Thread,Lifestyle,1825,271,1526,27012,213,0.97,60.39738430583501,Moderate,False
POST_03492,Facebook,Live,Fashion,3965,23,768,72293,471,4.36,56.331300813008134,Moderate,False
POST_01339,Instagram,Reel,Gaming,8541,119,221,40413,751,3.05,68.17225253312549,High,True
POST_00548,LinkedIn,Post,Health,474,40,40,8615,292,0.26,44.9003984063745,Low,False
POST_03913,Instagram,Carousel,Education,1547,137,272,36412,937,0.47,70.33320342946219,High,True
POST_02419,Instagram,Carousel,Business,1623,482,6,4296,641,2.44,40.0194855806703,Low,False
POST_01798,Instagram,Photo,Health,1258,59,5,7966,561,0.68,23.68082618862042,Low,False
POST_02370,LinkedIn,Post,Fashion,1267,26,43,20389,65,0.28,23.784860557768923,Low,False
POST_01291,Twitter,Poll,Travel,4476,197,1481,53776,177,5.06,61.35060362173038,Moderate,False
POST_02556,YouTube,Live,Fitness,8170,904,52,727376,1271,3.54,29.269311064718163,Low,False
POST_02788,Instagram,Carousel,Education,6664,358,52,18507,691,2.42,51.475058456742005,Moderate,False
POST_04412,Instagram,Reel,Business,6313,277,262,1852,133,1.93,53.33593141075603,Moderate,False
POST_03624,TikTok,Stitch,Education,41010,243,436,215386,1555,12.43,33.29155672823219,Low,False
POST_03040,Facebook,Video,Fitness,2108,73,401,65749,9,0.78,20.96290650406504,Low,False
POST_01093,Facebook,Story,Travel,7914,137,562,29978,528,7.43,63.259654471544714,Moderate,False
POST_01830,Twitter,Poll,Business,1184,72,141,92115,451,0.63,41.29024144869216,Low,False
POST_03942,TikTok,Duet,Entertainment,40234,85,4902,204450,1598,107.03,64.21503957783641,High,True
POST_01431,Facebook,Live,Fashion,7177,165,718,24186,253,1.81,56.041666666666664,Moderate,False
POST_04274,Facebook,Video,Education,1182,203,712,2683,275,1.83,47.083333333333336,Low,False
POST_02035,Facebook,Video,Food,258,163,431,62361,156,0.41,28.49593495934959,Low,False
POST_02170,Twitter,Poll,Sports,205,144,1310,57202,132,1.82,40.10060362173038,Low,False
POST_04181,Twitter,Tweet,Gaming,4438,269,1831,24014,370,1.33,84.0040241448692,Very High,True
POST_02797,Instagram,Photo,Fashion,3192,43,299,49540,456,1.14,56.65627435697584,Moderate,False
POST_03615,Twitter,Thread,Gaming,2609,95,120,91620,275,0.65,34.07193158953722,Low,False
POST_01094,Facebook,Video,Travel,7668,163,293,62579,509,165.63,53.75762195121951,Moderate,False
POST_02254,TikTok,Duet,Health,7195,1793,3275,169898,2007,27.44,61.467678100263846,Moderate,False
POST_04771,Instagram,Reel,Fashion,108,355,27,21457,112,0.17,17.94037412314887,Low,False
POST_00992,LinkedIn,Poll,Sports,1426,15,38,29349,131,0.79,30.67231075697211,Low,False
POST_01608,TikTok,Duet,Lifestyle,42239,897,2535,242464,902,164.4,46.18733509234828,Low,False
POST_04664,TikTok,Video,Gaming,21904,1762,3591,24295,2851,18.71,77.60883905013192,Very High,True
POST_00337,TikTok,Duet,Lifestyle,33177,1986,3972,455096,1720,10.48,71.75131926121372,High,True
POST_01354,LinkedIn,Post,Gaming,513,85,420,27832,239,0.72,68.17729083665338,High,True
POST_02067,Instagram,Reel,Health,9574,228,45,23875,503,5.55,43.72564302416212,Low,False
POST_03707,LinkedIn,Poll,Food,1536,18,141,9089,86,1.34,32.82370517928287,Low,False
POST_01680,LinkedIn,Poll,Education,441,103,34,27620,93,0.16,27.285856573705182,Low,False
POST_04695,Twitter,Thread,Lifestyle,4759,120,50,61185,356,1.01,45.6212273641851,Low,False
POST_00695,Instagram,Photo,Travel,6277,35,162,10143,80,1.99,32.32657833203429,Low,False
POST_01008,TikTok,Stitch,Health,16590,388,4398,451732,2581,123.15,67.36477572559366,High,True
POST_02135,LinkedIn,Document,Sports,956,63,144,13543,296,2.03,57.624501992031874,Moderate,False
POST_04817,YouTube,Short,Health,7055,225,306,293042,1991,2.17,28.549060542797488,Low,False
POST_00553,Facebook,Video,Business,723,150,346,34062,30,0.3,20.271849593495933,Low,False
POST_02986,YouTube,Short,Fashion,10683,969,1364,842411,2500,29.24,64.61377870563675,High,True
POST_00023,Twitter,Poll,Education,323,192,1353,55708,442,3.17,65.28420523138833,High,True
POST_00404,TikTok,Stitch,Gaming,15345,1721,3049,96472,2476,9.25,66.36213720316621,High,True
POST_04211,Instagram,Reel,Health,2595,129,205,33910,30,1.34,32.66757599376461,Low,False
POST_04561,LinkedIn,Post,Lifestyle,1564,25,105,6463,293,6.31,55.298804780876495,Moderate,False
POST_02599,Twitter,Poll,Gaming,3977,164,1109,45619,67,8.76,44.11217303822937,Low,False
POST_00531,TikTok,Video,Education,14135,1319,2873,351300,130,3.83,34.44920844327177,Low,False
POST_03204,TikTok,Duet,Sports,24580,341,2614,344809,1729,20.95,47.467018469656985,Low,False
POST_00890,Instagram,Reel,Sports,4747,347,263,7722,775,2.92,75.33904910366329,High,True
POST_04851,YouTube,Community Post,Gaming,1378,10,338,217233,2011,0.45,21.90501043841336,Low,False
POST_02994,Twitter,Tweet,Business,1394,117,959,90100,409,2.7,55.306841046277654,Moderate,False
POST_04557,LinkedIn,Poll,Fashion,929,26,365,3148,96,1.72,46.41434262948208,Low,False
POST_03646,Instagram,Reel,Travel,7064,364,37,44555,661,2.04,49.39204988308651,Low,False
POST_00676,YouTube,Short,Food,6121,13,245,870061,2991,2.71,29.859081419624218,Low,False
POST_02742,Instagram,Story,Fashion,5151,34,267,2134,971,1.23,73.36126266562744,High,True
POST_02384,Twitter,Retweet,Technology,3229,52,1420,99738,296,1.16,58.282193158953724,Moderate,False
POST_01555,Instagram,Carousel,Food,5644,324,246,949,811,155.93,75.1792673421668,High,True
POST_04939,TikTok,Stitch,Food,877,1343,2137,134228,2438,3.7,52.71767810026384,Moderate,False
POST_00029,Facebook,Video,Lifestyle,904,210,941,37375,716,0.64,74.4359756097561,High,True
POST_03352,Twitter,Tweet,Lifestyle,3437,20,448,98956,372,1.6,44.87173038229376,Low,False
POST_04316,Instagram,Story,Sports,4730,332,111,8465,230,3.29,38.197583787996884,Low,False
POST_02484,Instagram,Story,Education,2247,35,101,14652,311,1.18,26.408807482462976,Low,False
POST_00887,LinkedIn,Post,Technology,672,109,412,6756,277,0.38,75.97111553784859,High,True
POST_03059,Instagram,Reel,Entertainment,6185,422,151,2599,252,3.15,48.35541699142634,Low,False
POST_04578,Instagram,Story,Technology,3565,471,260,34942,918,24.46,81.93491816056118,Very High,True
POST_00499,YouTube,Live,Technology,12800,734,1063,107968,99,99.97,40.94989561586639,Low,False
POST_02139,Instagram,Carousel,Sports,5355,52,209,36758,120,2.04,38.193686671862814,Low,False
POST_02401,Twitter,Poll,Fitness,897,69,1016,32734,356,0.99,48.38028169014084,Low,False
POST_02381,TikTok,Duet,Fashion,13985,1181,918,329751,152,4.36,19.84828496042216,Low,False
POST_01305,LinkedIn,Poll,Business,1033,72,404,8979,99,0.38,54.795816733067724,Moderate,False
POST_03235,Twitter,Thread,Lifestyle,3596,23,1102,43585,339,4.65,54.88430583501005,Moderate,False
POST_03253,Facebook,Live,Food,61,245,557,66627,622,0.33,56.16107723577235,Moderate,False
POST_03440,YouTube,Video,Fashion,19827,531,186,16009,3629,6.39,51.659707724425886,Moderate,False
POST_03394,Twitter,Retweet,Fashion,2583,225,1409,49429,207,1.14,58.465794768611666,Moderate,False
POST_01369,Instagram,Reel,Sports,3650,55,271,15662,604,0.89,59.8012470771629,Moderate,False
POST_00777,Instagram,Story,Gaming,5951,291,51,14000,306,1.92,34.238113795791115,Low,False
POST_00781,LinkedIn,Post,Food,321,17,205,22955,21,0.14,19.46713147410358,Low,False
POST_00532,YouTube,Community Post,Gaming,2205,325,1612,138901,365,0.97,37.63048016701461,Low,False
POST_01335,YouTube,Short,Sports,10399,332,1438,207068,1805,7.02,51.675365344467636,Moderate,False
POST_03534,Twitter,Thread,Health,3714,185,784,42129,366,1.06,59.74597585513077,Moderate,False
POST_00509,YouTube,Community Post,Education,12195,966,326,96149,3928,51.76,57.23903966597077,Moderate,False
POST_04207,Facebook,Video,Technology,4526,81,555,52935,393,2.25,48.229166666666664,Low,False
POST_02966,LinkedIn,Document,Business,724,98,117,19896,285,0.35,56.3496015936255,Moderate,False
POST_03728,Instagram,Photo,Sports,8807,331,222,29151,902,2.23,80.54754481683553,Very High,True
POST_00166,TikTok,Stitch,Food,27997,580,734,157890,2336,6.17,43.07058047493404,Low,False
POST_02121,TikTok,Video,Education,9780,1140,4295,462743,404,3.93,44.30738786279683,Low,False
POST_02158,Twitter,Thread,Sports,3632,228,1494,77519,308,2.06,70.56338028169013,High,True
POST_03470,Instagram,Photo,Gaming,2073,230,79,7139,440,1.28,34.516757599376454,Low,False
POST_00867,Instagram,Story,Travel,9320,484,35,22108,181,8.85,38.66134060795011,Low,False
POST_02143,LinkedIn,Document,Fashion,1658,36,267,14436,296,0.58,69.19820717131473,High,True
POST_04452,Facebook,Post,Health,5428,203,389,77212,318,3.18,45.08384146341463,Low,False
POST_04707,TikTok,Video,Lifestyle,25174,380,2766,251244,714,9.53,36.04551451187335,Low,False
POST_02359,Facebook,Video,Technology,3907,237,647,2231,61,1.69,41.15091463414634,Low,False
POST_04563,TikTok,Duet,Food,11494,1358,3373,444348,1923,17.91,58.994063324538246,Moderate,False
POST_03099,Instagram,Carousel,Health,6147,319,87,37434,354,1.86,41.326968043647696,Low,False
POST_04968,LinkedIn,Article,Sports,405,120,422,25439,220,16.56,68.88446215139442,High,True
POST_02427,Instagram,Photo,Gaming,3474,9,294,45129,223,1.13,46.99142634450506,Low,False
POST_04739,Twitter,Retweet,Health,150,112,528,61703,179,0.21,27.454728370221325,Low,False
POST_01355,Facebook,Video,Technology,1976,346,267,10908,296,4.96,38.849085365853654,Low,False
POST_03140,Instagram,Reel,Sports,649,97,175,4209,118,0.4,28.435307872174594,Low,False
POST_00581,Facebook,Video,Sports,3536,301,103,32135,379,0.97,37.58892276422764,Low,False
POST_02235,LinkedIn,Post,Sports,955,112,149,24832,207,0.36,52.5996015936255,Moderate,False
POST_03112,Instagram,Photo,Fitness,3640,367,46,40238,387,0.92,35.41114575214341,Low,False
POST_01469,TikTok,Stitch,Fitness,23793,621,3702,318142,1904,18.76,58.97097625329815,Moderate,False
POST_03193,YouTube,Short,Entertainment,16733,133,507,19290,2505,16.48,42.13987473903966,Low,False
POST_03954,Instagram,Photo,Lifestyle,7843,278,30,48318,11,3.04,23.95557287607171,Low,False
POST_01758,Facebook,Live,Food,2826,40,24,64822,428,15.95,26.30843495934959,Low,False
POST_01672,TikTok,Duet,Food,35002,1854,2556,9321,1730,9.01,61.84696569920845,Moderate,False
POST_01119,Twitter,Thread,Travel,1394,109,1268,83096,57,0.78,36.458752515090545,Low,False
POST_02491,Twitter,Tweet,Travel,207,263,1080,95859,23,0.6,34.01911468812877,Low,False
POST_04859,YouTube,Video,Education,12123,231,879,463073,4165,20.12,56.99373695198329,Moderate,False
POST_02310,Twitter,Thread,Food,3153,284,58,66035,140,6.14,34.28068410462777,Low,False
POST_00729,Instagram,Carousel,Technology,9017,117,147,14539,265,7.91,43.421667965705375,Low,False
POST_04199,Twitter,Poll,Entertainment,1997,272,1285,98164,436,0.99,72.90744466800805,High,True
POST_00083,Twitter,Retweet,Travel,4502,283,1721,49542,286,4.2,77.45975855130784,Very High,True
POST_03975,Twitter,Tweet,Technology,362,150,214,61527,146,0.21,22.354124748490946,Low,False
POST_01281,Facebook,Post,Travel,4883,58,571,2099,416,1.44,49.53506097560976,Low,False
POST_00577,Instagram,Reel,Technology,6288,477,14,47496,377,1.69,38.17614964925954,Low,False
POST_04237,Instagram,Story,Lifestyle,4254,139,292,12650,999,53.4,79.83047544816834,Very High,True
POST_03985,TikTok,Video,Health,33536,1126,1305,57772,210,13.56,28.139841688654354,Low,False
POST_03731,Instagram,Story,Education,3393,182,115,31626,35,1.09,25.691738113795793,Low,False
POST_04503,Twitter,Thread,Food,2132,55,1980,15407,380,0.85,70.74195171026156,High,True
POST_03960,Instagram,Reel,Food,4571,59,292,48044,43,1.99,44.33554169914263,Low,False
POST_01240,Instagram,Reel,Entertainment,1292,281,262,10608,940,0.75,73.58534684333593,High,True
POST_00461,Instagram,Carousel,Business,1130,424,143,17605,593,0.36,51.99922057677318,Moderate,False
POST_04151,Instagram,Carousel,Lifestyle,9148,272,33,33166,949,2.38,58.93413873733437,Moderate,False
POST_04197,Instagram,Carousel,Business,1178,48,27,45347,270,0.41,14.56352299298519,Low,False
POST_01971,Instagram,Carousel,Business,5446,142,133,44575,132,4.89,32.946219797349954,Low,False
POST_04885,Instagram,Story,Food,4784,162,280,30233,166,1.42,50.473499610288385,Moderate,False
POST_03152,Instagram,Reel,Entertainment,3219,387,112,10085,294,0.76,39.96492595479345,Low,False
POST_01586,Instagram,Story,Technology,4216,370,230,19877,72,2.3,46.86087295401403,Low,False
POST_01593,Instagram,Carousel,Technology,140,305,213,35210,743,0.19,60.16562743569758,Moderate,False
POST_00287,Facebook,Story,Fitness,571,117,94,36851,557,0.21,33.318089430894304,Low,False
POST_01168,Facebook,Live,Fitness,5813,58,706,76481,29,1.47,39.25050813008129,Low,False
POST_02431,Facebook,Live,Health,581,170,47,54226,464,0.78,29.547764227642276,Low,False
POST_02133,Facebook,Story,Technology,2010,131,921,28887,264,26.12,52.23069105691057,Moderate,False
POST_02683,Instagram,Story,Lifestyle,5566,93,235,19099,752,2.02,64.39984411535464,High,True
POST_02888,Twitter,Thread,Food,3215,183,380,84335,186,4.84,38.1715291750503,Low,False
POST_04367,Instagram,Photo,Travel,7840,167,112,13876,627,6.11,52.20187061574435,Moderate,False
POST_02970,Facebook,Live,Health,4115,299,334,29741,223,4.97,40.4395325203252,Low,False
POST_01211,Twitter,Thread,Travel,2654,216,372,89114,390,0.87,52.5251509054326,Moderate,False
POST_01702,Twitter,Retweet,Fashion,1752,192,1249,71647,14,2.37,37.92505030181087,Low,False
POST_03831,Twitter,Retweet,Entertainment,1545,35,333,69193,438,0.67,42.434607645875246,Low,False
POST_00690,Instagram,Photo,Sports,3545,231,187,12569,991,0.81,69.21473109898675,High,True
POST_01223,Twitter,Tweet,Fitness,408,68,1563,15012,78,0.54,37.36167002012072,Low,False
POST_04848,Instagram,Carousel,Entertainment,1377,71,282,1642,161,0.44,42.44738893219017,Low,False
POST_04637,Twitter,Thread,Sports,215,21,627,42617,196,0.2,25.384808853118713,Low,False
POST_01032,Facebook,Video,Business,3063,353,13,9524,365,2.1,35.05843495934959,Low,False
POST_03742,TikTok,Stitch,Gaming,46216,1153,2056,191258,2727,33.02,67.9287598944591,High,True
POST_03704,TikTok,Duet,Gaming,17651,563,4630,217886,426,11.12,44.91754617414247,Low,False
POST_03984,Instagram,Photo,Entertainment,5240,209,190,33930,17,1.42,36.84723304754481,Low,False
POST_03431,Facebook,Story,Travel,3771,20,385,50014,135,3.77,26.753048780487802,Low,False
POST_03319,TikTok,Video,Entertainment,48964,1351,222,496750,2741,214.29,57.78364116094987,Moderate,False
POST_01080,YouTube,Live,Entertainment,18122,780,83,631175,1657,25.91,38.99791231732777,Low,False
POST_00021,Facebook,Post,Lifestyle,309,21,599,9362,784,0.66,56.58028455284553,Moderate,False
POST_04435,Instagram,Story,Sports,2939,137,126,11051,841,0.66,52.86438035853468,Moderate,False
POST_02314,LinkedIn,Post,Business,1661,14,18,8960,223,3.15,40.38346613545817,Low,False
POST_04912,Facebook,Story,Sports,7148,32,77,66458,235,8.02,26.582825203252035,Low,False
POST_01585,YouTube,Community Post,Travel,4208,818,412,41693,2022,1.51,38.3455114822547,Low,False
POST_02074,TikTok,Stitch,Entertainment,48105,639,4909,127580,1646,13.99,71.57981530343007,High,True
POST_02602,Instagram,Story,Technology,5435,260,40,42511,923,4.35,53.10600155884645,Moderate,False
POST_00114,TikTok,Duet,Gaming,38765,1631,4596,264285,157,27.47,56.76121372031662,Moderate,False
POST_02637,YouTube,Short,Entertainment,7209,715,710,555827,3511,1.78,53.97181628392483,Moderate,False
POST_04481,Instagram,Photo,Education,2854,269,5,43949,558,1.88,32.81761496492596,Low,False
POST_01041,Facebook,Post,Lifestyle,5888,147,160,76737,631,2.31,49.96443089430894,Moderate,False
POST_01104,YouTube,Community Post,Travel,16701,731,811,38117,4985,17.91,73.0427974947808,High,True
POST_04816,YouTube,Community Post,Education,13386,236,1365,466501,3081,19.05,59.54070981210855,Moderate,False
POST_01170,Twitter,Poll,Gaming,1268,124,1066,67538,127,2.94,37.44215291750502,Low,False
POST_00017,Twitter,Tweet,Fitness,3680,46,1500,15706,347,4.0,64.04175050301811,High,True
POST_01785,LinkedIn,Document,Lifestyle,1643,90,366,25937,98,6.59,58.416334661354576,Moderate,False
POST_04738,Twitter,Poll,Lifestyle,621,204,744,77706,72,0.33,29.71076458752515,Low,False
POST_01191,Instagram,Story,Fashion,2104,418,4,18726,764,1.98,42.61301636788776,Low,False
POST_02514,Facebook,Story,Sports,100,270,575,24300,445,0.35,50.327743902439025,Moderate,False
POST_00625,Facebook,Live,Fitness,598,166,836,8464,617,1.35,63.887195121951216,Moderate,False
POST_01174,Twitter,Retweet,Technology,339,178,588,37368,333,0.32,43.43812877263581,Low,False
POST_02571,Twitter,Poll,Entertainment,4553,20,229,35409,58,3.67,22.678571428571427,Low,False
POST_02339,Instagram,Reel,Fitness,9068,218,99,23555,925,3.14,64.3004676539361,High,True
POST_03519,Instagram,Photo,Gaming,2954,233,101,13930,78,11.17,26.566640685892434,Low,False
POST_04874,Instagram,Story,Fashion,7838,326,31,39677,32,2.01,26.31917381137958,Low,False
POST_02241,TikTok,Stitch,Travel,16018,636,3820,301145,1847,6.0,57.25263852242743,Moderate,False
POST_01619,Facebook,Video,Entertainment,2758,120,10,71274,490,9.08,31.28302845528455,Low,False
POST_01930,Instagram,Story,Health,5229,312,141,6528,337,1.51,45.38191738113795,Low,False
POST_00437,Instagram,Story,Entertainment,8175,233,276,34883,224,29.29,58.85619641465316,Moderate,False
POST_02793,Facebook,Post,Health,7061,191,164,74363,409,8.74,43.849085365853654,Low,False
POST_04186,Facebook,Live,Fitness,4384,88,624,10457,636,2.76,61.821646341463406,Moderate,False
POST_04166,Twitter,Tweet,Health,3338,168,93,94499,15,0.9,21.101609657947687,Low,False
POST_00479,YouTube,Community Post,Entertainment,7766,524,1776,659764,4512,9.75,76.56576200417535,High,True
POST_00511,Facebook,Video,Travel,2463,17,235,4488,684,0.68,43.76778455284553,Low,False
POST_04304,Facebook,Live,Entertainment,3764,61,841,40309,177,1.29,46.4380081300813,Low,False
POST_04415,Twitter,Tweet,Travel,1075,232,195,74545,428,0.72,48.443158953722325,Low,False
POST_03994,Instagram,Photo,Technology,6795,7,281,39528,619,2.53,64.69602494154326,High,True
POST_01370,Instagram,Carousel,Gaming,4781,294,263,12128,58,4.17,48.96531566640686,Low,False
POST_01031,Instagram,Carousel,Entertainment,2137,93,126,46517,427,0.77,35.68784099766172,Low,False
POST_04761,Facebook,Post,Technology,3736,179,520,4469,54,2.37,33.99644308943089,Low,False
POST_00716,YouTube,Live,Travel,8900,861,1723,835372,1038,3.69,57.463465553235906,Moderate,False
POST_02531,LinkedIn,Document,Fashion,464,57,431,8302,244,0.24,66.97211155378486,High,True
POST_03276,TikTok,Duet,Business,25717,36,2603,227236,1724,6.19,45.66952506596306,Low,False
POST_00466,Twitter,Thread,Fashion,2050,158,1144,43425,176,9.13,46.51156941649899,Low,False
POST_02194,Facebook,Live,Health,7004,74,759,57250,464,21.67,63.38922764227641,Moderate,False
POST_01511,TikTok,Duet,Entertainment,32979,1817,612,209021,2956,8.3,61.45448548812664,Moderate,False
POST_01756,TikTok,Stitch,Food,10440,1130,1708,417585,2126,3.63,46.837071240105544,Low,False
POST_02727,Instagram,Photo,Fashion,3511,82,123,38311,267,0.9,31.502338269680436,Low,False
POST_00421,TikTok,Stitch,Travel,8304,1036,4077,16217,1023,4.03,50.343007915567284,Moderate,False
POST_00988,Twitter,Retweet,Gaming,1324,293,331,47025,190,1.45,37.1579476861167,Low,False
POST_01284,Instagram,Story,Entertainment,999,20,167,19366,435,0.24,35.79306313328137,Low,False
POST_00801,LinkedIn,Article,Education,106,115,101,26544,59,0.22,25.811752988047807,Low,False
POST_00247,Twitter,Tweet,Business,449,139,1202,3459,101,0.52,36.32545271629778,Low,False
POST_03460,Facebook,Video,Technology,4325,387,316,79205,319,3.39,47.65497967479675,Low,False
POST_02757,Facebook,Live,Technology,4049,161,344,66230,359,1.03,41.356707317073166,Low,False
POST_04565,Instagram,Carousel,Business,9742,462,70,10558,934,9.7,69.21667965705379,High,True
POST_01381,Instagram,Story,Food,5568,176,187,31945,315,1.28,46.10483242400624,Low,False
POST_01896,LinkedIn,Poll,Travel,488,25,246,12795,197,0.27,45.971115537848604,Low,False
POST_00226,Instagram,Reel,Fitness,3959,198,142,33887,824,8.38,57.46882307092751,Moderate,False
POST_01293,Facebook,Live,Education,3841,87,689,3719,692,1.24,65.8130081300813,High,True
POST_00872,Twitter,Retweet,Technology,3030,203,172,4685,90,3.24,28.976358148893354,Low,False
POST_01186,YouTube,Live,Lifestyle,2631,245,1622,676531,535,6.81,38.585594989561585,Low,False
POST_02109,Twitter,Retweet,Fitness,4781,54,1170,1975,398,1.83,65.0125754527163,High,True
POST_01845,YouTube,Short,Education,1081,222,1752,498229,3658,2.7,60.36534446764092,Moderate,False
POST_04281,Instagram,Carousel,Lifestyle,8037,207,128,22938,964,3.5,67.35775526110677,High,True
POST_04974,LinkedIn,Article,Food,1458,19,141,22026,67,1.23,30.926294820717125,Low,False
POST_04682,Instagram,Carousel,Education,8662,207,42,34639,570,2.25,44.4173811379579,Low,False
POST_03050,Twitter,Tweet,Fitness,3864,247,1351,74450,431,1.76,78.01056338028168,Very High,True
POST_04037,YouTube,Community Post,Gaming,15170,725,1899,246117,1579,3.91,67.47390396659708,High,True
POST_00682,Twitter,Thread,Fashion,2044,147,445,91998,425,1.46,51.35563380281689,Moderate,False
POST_00779,LinkedIn,Post,Travel,713,5,114,24937,40,1.54,18.05278884462151,Low,False
POST_02527,Instagram,Photo,Lifestyle,5001,431,279,5110,663,4.93,75.86905689789555,High,True
POST_03832,TikTok,Stitch,Travel,41647,1720,3225,175673,2095,16.87,70.97295514511873,High,True
POST_02387,Twitter,Thread,Fitness,4103,246,469,81982,413,1.04,61.99949698189135,Moderate,False
POST_03012,Twitter,Retweet,Fashion,704,30,301,78271,20,0.35,9.859154929577464,Low,False
POST_00757,Facebook,Live,Entertainment,1462,300,510,10036,465,11.05,52.482215447154466,Moderate,False
POST_02560,Facebook,Post,Education,5300,145,634,29163,391,2.77,54.77642276422764,Moderate,False
POST_01527,Twitter,Retweet,Education,2589,154,1340,71949,90,0.99,45.7771629778672,Low,False
POST_01536,Instagram,Reel,Lifestyle,8340,310,80,13088,208,5.44,38.68667186282151,Low,False
POST_04315,YouTube,Video,Education,19701,119,1430,674439,1606,10.07,53.68997912317327,Moderate,False
POST_03531,Twitter,Retweet,Travel,1729,84,673,16468,182,1.09,33.47082494969819,Low,False
POST_02398,Instagram,Photo,Travel,7834,406,148,36165,558,7.95,61.32307092751363,Moderate,False
POST_04834,Instagram,Reel,Fitness,6644,135,269,1150,829,1.53,74.04715510522213,High,True
POST_02936,Instagram,Photo,Travel,4187,184,52,3311,438,1.49,33.08456742010912,Low,False
POST_04519,Instagram,Photo,Travel,9696,284,78,25891,160,2.22,38.15081839438815,Low,False
POST_04443,Instagram,Reel,Entertainment,8359,372,107,3874,639,5.96,59.156274356975835,Moderate,False
POST_02685,Twitter,Tweet,Lifestyle,3724,49,1230,53282,189,9.61,48.158953722334,Low,False
POST_01176,Facebook,Post,Gaming,1828,113,762,33850,527,19.78,58.19867886178862,Moderate,False
POST_01992,Instagram,Story,Business,3516,471,163,3247,113,1.09,42.981293842556504,Low,False
POST_01157,Instagram,Reel,Lifestyle,2071,266,235,46954,556,1.04,57.80592361652377,Moderate,False
POST_03780,TikTok,Duet,Lifestyle,40390,895,4184,493774,200,10.35,48.94459102902374,Low,False
POST_02930,Twitter,Tweet,Business,1501,254,1229,15052,167,6.81,50.28420523138833,Moderate,False
POST_04590,LinkedIn,Poll,Sports,444,24,112,11855,16,0.12,14.417330677290838,Low,False
POST_00256,Facebook,Video,Sports,5966,126,809,42945,208,8.47,53.02845528455285,Moderate,False
POST_03613,Twitter,Poll,Technology,4626,282,802,40889,395,1.37,69.02162977867202,High,True
POST_02777,Instagram,Carousel,Lifestyle,8756,64,222,49589,358,8.24,52.89750584567419,Moderate,False
POST_03682,Instagram,Carousel,Food,5382,193,132,35662,821,1.52,58.04364770070147,Moderate,False
POST_04036,YouTube,Community Post,Gaming,18838,495,1666,699142,1291,10.92,60.06263048016702,Moderate,False
POST_03079,Instagram,Reel,Technology,7440,126,79,42298,609,20.89,45.8144972720187,Low,False
POST_04341,Twitter,Thread,Gaming,3956,17,324,10252,157,1.44,28.820422535211264,Low,False
POST_04035,Instagram,Story,Travel,9433,439,31,19725,606,10.22,52.06157443491814,Moderate,False
POST_01410,TikTok,Stitch,Entertainment,49801,655,4002,448612,2599,340.94,77.48680738786278,Very High,True
POST_04756,TikTok,Duet,Food,21936,584,2170,73083,877,18.02,34.28100263852242,Low,False
POST_03589,Instagram,Story,Business,2074,279,106,5493,869,2.73,54.49922057677319,Moderate,False
POST_02051,Facebook,Video,Business,4574,100,662,54752,246,3.19,46.21443089430894,Low,False
POST_04339,Twitter,Poll,Education,4466,6,944,36304,161,1.61,40.71931589537223,Low,False
POST_04898,Twitter,Retweet,Technology,4457,19,392,29675,169,1.13,32.26106639839034,Low,False
POST_03665,Facebook,Story,Sports,206,276,695,65952,644,1.33,64.23272357723577,High,True
POST_04890,LinkedIn,Article,Sports,1707,87,395,26726,98,2.36,60.652390438247004,Moderate,False
POST_01212,Facebook,Post,Entertainment,5292,38,504,41621,174,7.46,36.8775406504065,Low,False
POST_02465,Facebook,Post,Health,7277,312,39,58707,168,3.01,34.14634146341463,Low,False
POST_03826,Instagram,Photo,Lifestyle,1940,260,75,16079,664,6.68,42.792283710054555,Low,False
POST_00905,Twitter,Tweet,Fashion,3633,40,243,53236,126,3.48,26.154426559356136,Low,False
POST_01472,LinkedIn,Post,Fitness,1341,146,208,22155,283,0.85,71.16035856573704,High,True
POST_03507,YouTube,Live,Business,12600,476,176,786183,3245,6.08,42.5313152400835,Low,False
POST_00895,LinkedIn,Poll,Education,492,6,68,26673,137,0.22,25.478087649402394,Low,False
POST_00265,TikTok,Duet,Entertainment,33819,1067,4764,297157,2217,46.68,76.38522427440634,High,True
POST_02572,YouTube,Community Post,Business,10683,230,921,182607,4016,12.79,55.88726513569937,Moderate,False
POST_02791,LinkedIn,Article,Gaming,910,139,43,29654,123,0.32,39.07370517928287,Low,False
POST_00507,YouTube,Live,Food,387,949,932,582253,1885,0.51,44.64509394572025,Low,False
POST_03715,YouTube,Live,Technology,3999,424,1876,879737,36,1.89,42.80793319415448,Low,False
POST_03573,TikTok,Video,Technology,23215,1242,3405,52083,2123,580.22,64.01055408970976,High,True
POST_03750,TikTok,Video,Sports,24350,949,1486,54887,389,6.19,27.18007915567282,Low,False
POST_00945,Instagram,Story,Education,1193,460,19,41628,719,0.35,42.27201870615744,Low,False
POST_03258,Instagram,Reel,Fashion,2659,14,80,14360,68,0.73,16.159392049883085,Low,False
POST_01510,TikTok,Stitch,Health,21963,1294,1166,484462,2734,7.48,55.514511873350926,Moderate,False
POST_00619,TikTok,Duet,Health,39601,345,1401,96257,408,10.18,26.84036939313984,Low,False
POST_04878,LinkedIn,Article,Education,1690,83,156,5395,285,8.64,64.5418326693227,High,True
POST_01022,Twitter,Tweet,Gaming,492,253,118,14690,317,4.81,38.03319919517102,Low,False
POST_01201,TikTok,Duet,Gaming,7067,527,4244,71046,472,24.7,39.15237467018469,Low,False
POST_01492,Twitter,Thread,Education,3689,178,1799,56333,146,2.91,61.803319919517094,Moderate,False
POST_01357,YouTube,Community Post,Education,1273,940,1719,237486,985,0.8,52.38517745302713,Moderate,False
POST_00043,Instagram,Story,Fashion,1808,44,183,37121,708,0.76,49.50506625097428,Low,False
POST_01133,Instagram,Reel,Sports,3527,66,208,9869,795,1.25,59.09781761496492,Moderate,False
POST_01090,Instagram,Reel,Fashion,8157,285,280,27871,452,4.14,69.10561184723304,High,True
POST_02055,TikTok,Duet,Travel,15684,1668,1145,373903,969,4.13,35.32651715039577,Low,False
POST_04807,Instagram,Reel,Fitness,4522,403,204,3773,109,2.26,46.619251753702265,Low,False
POST_00969,Facebook,Video,Travel,4908,294,224,74644,338,1.76,42.708333333333336,Low,False
POST_00628,LinkedIn,Post,Entertainment,989,123,463,20123,29,0.43,54.57669322709163,Moderate,False
POST_04964,LinkedIn,Document,Gaming,1175,116,233,3735,39,0.43,40.51792828685258,Low,False
POST_03138,LinkedIn,Document,Technology,48,13,389,28755,113,0.12,42.091633466135455,Low,False
POST_02218,Twitter,Thread,Fashion,2476,62,170,26247,155,27.06,24.305835010060363,Low,False
POST_00534,Facebook,Story,Health,229,383,423,41467,314,0.21,42.98018292682927,Low,False
POST_02582,TikTok,Stitch,Food,27880,1085,3856,280212,2395,17.69,71.09828496042216,High,True
POST_01208,Twitter,Poll,Lifestyle,1860,279,1626,84481,222,13.82,63.760060362173036,Moderate,False
POST_01898,Instagram,Carousel,Sports,7106,143,178,44542,562,2.37,55.64497272018707,Moderate,False
POST_00806,LinkedIn,Post,Lifestyle,340,130,196,27134,126,1.22,44.03386454183267,Low,False
POST_01615,Twitter,Poll,Gaming,641,79,982,76265,325,1.25,45.24899396378269,Low,False
POST_04586,YouTube,Live,Lifestyle,15892,703,1829,700590,766,46.39,60.281837160751564,Moderate,False
POST_03521,Instagram,Carousel,Sports,7721,215,280,4146,895,2.54,81.78293063133279,Very High,True
POST_04088,Facebook,Story,Fitness,5553,227,963,8003,388,6.32,69.53252032520325,High,True
POST_00184,TikTok,Video,Technology,33994,1259,4690,306951,1379,33.2,67.44722955145119,High,True
POST_04262,TikTok,Stitch,Food,14788,1498,487,135560,1537,5.41,35.23746701846965,Low,False
POST_00082,Facebook,Video,Fitness,1816,333,169,26592,528,1.6,45.15497967479674,Low,False
POST_04948,LinkedIn,Poll,Fashion,1120,87,312,12741,158,0.43,56.44422310756971,Moderate,False
POST_01234,Instagram,Photo,Gaming,1018,246,140,27220,156,0.28,30.75409197194076,Low,False
POST_03595,Facebook,Story,Food,3697,225,257,72889,550,2.46,48.96595528455284,Low,False
POST_04518,TikTok,Video,Business,22574,1594,3330,165470,2469,8.61,69.50527704485488,High,True
POST_00778,LinkedIn,Poll,Gaming,1559,133,460,19675,265,0.45,87.17131474103586,Very High,True
POST_04277,Twitter,Retweet,Food,817,37,1559,51442,286,2.16,51.13430583501005,Moderate,False
POST_00113,YouTube,Short,Entertainment,17413,336,748,100280,1391,30.3,41.76931106471816,Low,False
POST_00602,Twitter,Tweet,Sports,2673,221,1838,46906,457,1.83,83.84054325955734,Very High,True
POST_03419,Instagram,Reel,Health,4781,153,99,49355,110,4.12,27.527279812938428,Low,False
POST_02236,Facebook,Story,Sports,1431,367,919,36695,323,53.59,62.573678861788615,Moderate,False
POST_01821,Instagram,Story,Fitness,3965,330,253,42805,385,31.75,58.39438815276695,Moderate,False
POST_01225,Twitter,Thread,Gaming,3058,3,282,52030,228,0.68,30.20875251509054,Low,False
POST_02754,Twitter,Tweet,Sports,2193,85,1594,51541,287,1.02,59.39134808853118,Moderate,False
POST_04732,Instagram,Reel,Fitness,7686,329,143,48505,281,11.56,48.03975058456742,Low,False
POST_02160,LinkedIn,Poll,Technology,1514,138,404,11736,168,5.65,72.2410358565737,High,True
POST_03978,Facebook,Live,Food,1143,112,905,4547,455,0.5,58.231707317073166,Moderate,False
POST_04808,YouTube,Short,Fashion,19903,454,1846,540439,1983,25.06,68.65344467640918,High,True
POST_02959,Twitter,Tweet,Education,4196,104,487,85559,411,0.97,55.28672032193158,Moderate,False
POST_04496,Facebook,Post,Health,2757,145,493,51193,665,1.79,57.17987804878049,Moderate,False
POST_00559,TikTok,Video,Travel,3554,760,4640,459013,1267,5.71,52.915567282321895,Moderate,False
POST_04127,LinkedIn,Poll,Gaming,430,63,158,25204,93,0.23,31.364541832669318,Low,False
POST_03670,Twitter,Poll,Entertainment,526,272,528,88533,99,0.44,31.348088531187123,Low,False
POST_04990,TikTok,Stitch,Lifestyle,7520,1667,4627,260023,2588,60.42,76.55672823218997,High,True
POST_03523,Twitter,Retweet,Health,817,258,1091,4463,32,1.54,36.55684104627767,Low,False
POST_00204,TikTok,Duet,Fashion,47032,630,804,118831,446,35.76,27.63852242744063,Low,False
POST_01773,TikTok,Stitch,Food,28305,1724,1822,348307,1470,7.61,49.739445910290236,Low,False
POST_02784,TikTok,Duet,Gaming,1765,784,2022,292179,2636,116.88,50.375989445910285,Moderate,False
POST_04363,TikTok,Video,Education,35494,649,4226,365938,1345,10.39,59.05013192612137,Moderate,False
POST_01860,LinkedIn,Document,Business,210,41,4,3785,36,0.07,10.189243027888445,Low,False
POST_01755,YouTube,Live,Gaming,14829,841,836,985365,3197,4.71,60.36534446764092,Moderate,False
POST_00400,TikTok,Stitch,Fitness,8197,858,81,321477,2519,3.38,37.5,Low,False
POST_02181,Twitter,Thread,Business,1724,68,334,90939,198,1.59,27.88229376257545,Low,False
POST_02917,LinkedIn,Poll,Fitness,1695,111,401,15552,80,2.61,60.831673306772906,Moderate,False
POST_03568,LinkedIn,Post,Sports,911,148,470,13565,87,0.37,64.41235059760956,High,True
POST_00262,YouTube,Community Post,Health,9995,915,316,351639,4251,5.3,56.200417536534445,Moderate,False
POST_04470,TikTok,Video,Food,43579,161,3947,8687,2081,9.73,65.67941952506597,High,True
POST_02768,Instagram,Reel,Business,2966,148,57,25695,872,41.29,45.980124707716286,Low,False
POST_01139,Facebook,Video,Technology,4284,163,258,43767,534,2.15,47.22560975609756,Low,False
POST_00983,Instagram,Carousel,Lifestyle,4850,214,233,5022,705,1.86,65.15003897116134,High,True
POST_01134,Instagram,Story,Entertainment,9914,5,236,10620,777,12.52,68.81527669524552,High,True
POST_00995,Twitter,Tweet,Entertainment,2585,261,303,28484,46,0.89,29.403923541247483,Low,False
POST_02750,Facebook,Video,Technology,133,261,312,46784,649,5.33,50.3785569105691,Moderate,False
POST_04430,TikTok,Duet,Lifestyle,48031,182,1147,59588,756,27.26,30.488126649076513,Low,False
POST_00097,Facebook,Video,Fashion,1869,201,5,27995,257,1.62,21.778455284552845,Low,False
POST_03039,Instagram,Photo,Technology,1845,325,163,28590,358,3.18,43.916601714731094,Low,False
POST_03862,Facebook,Post,Fitness,4896,264,859,79501,521,1.8,72.02235772357723,High,True
POST_03374,LinkedIn,Article,Fashion,1934,104,379,4291,226,0.58,76.6683266932271,High,True
POST_03795,Instagram,Story,Fitness,7271,139,152,34391,243,4.54,41.14380358534684,Low,False
POST_03240,Facebook,Video,Food,4204,383,577,16888,289,6.08,54.850101626016254,Moderate,False
POST_00528,Twitter,Thread,Food,380,88,720,5314,410,0.3,46.63229376257545,Low,False
POST_03250,Facebook,Post,Fitness,7438,232,906,6578,251,4.84,65.322662601626,High,True
POST_03790,YouTube,Live,Gaming,13015,258,950,580224,1622,3.01,42.84446764091857,Low,False
POST_03727,Instagram,Reel,Technology,4403,283,222,35873,500,2.53,58.46453624318004,Moderate,False
POST_03387,Instagram,Photo,Entertainment,5594,46,210,19398,941,1.76,66.87256430241621,High,True
POST_04244,Facebook,Story,Lifestyle,6700,24,349,23904,770,3.86,59.375,Moderate,False
POST_01219,LinkedIn,Document,Fashion,440,123,487,13682,88,0.38,60.12948207171315,Moderate,False
POST_01878,Facebook,Post,Entertainment,7695,271,488,18204,330,1.97,55.8104674796748,Moderate,False
POST_03749,Twitter,Poll,Technology,1958,148,368,16958,257,0.66,37.748993963782695,Low,False
POST_03658,Facebook,Story,Sports,1565,148,94,57000,146,1.32,17.804878048780488,Low,False
POST_00831,Instagram,Photo,Education,4517,117,253,25014,350,1.31,51.62314886983632,Moderate,False
POST_03153,LinkedIn,Post,Travel,1289,62,310,26728,180,31.48,57.026892430278885,Moderate,False
POST_02090,Twitter,Thread,Technology,2914,171,769,6465,464,0.81,63.69466800804828,Moderate,False
POST_00435,Instagram,Carousel,Gaming,1611,266,145,22063,877,4.12,58.18199532346063,Moderate,False
POST_03894,Twitter,Tweet,Health,1838,106,1203,19725,372,1.36,57.754024144869206,Moderate,False
POST_01653,Twitter,Tweet,Sports,2722,198,480,98504,399,0.82,54.97736418511066,Moderate,False
POST_04855,Facebook,Post,Health,5896,364,660,72555,93,8.02,52.20528455284552,Moderate,False
POST_00925,Twitter,Retweet,Sports,2735,179,1886,17007,422,3.4,79.89436619718309,Very High,True
POST_01324,Instagram,Photo,Food,2830,220,232,2952,178,0.93,43.87763055339048,Low,False
POST_03709,Twitter,Retweet,Business,1414,34,753,68957,340,0.69,42.585513078470825,Low,False
POST_02256,Facebook,Live,Fashion,2957,285,820,56369,546,1.47,69.0040650406504,High,True
POST_04868,Instagram,Reel,Travel,5137,447,229,5343,155,2.08,52.84684333593142,Moderate,False
POST_01834,LinkedIn,Poll,Sports,1342,91,116,12649,61,0.52,34.43725099601593,Low,False
POST_04718,YouTube,Community Post,Education,6643,244,1557,857878,3837,1.8,62.41127348643006,Moderate,False
POST_00175,Facebook,Video,Gaming,5709,381,82,12605,292,1.48,39.855182926829265,Low,False
POST_03007,YouTube,Community Post,Travel,3395,622,241,830984,4194,1.57,45.636743215031316,Low,False
POST_03357,LinkedIn,Post,Lifestyle,1005,6,284,7204,204,0.55,50.667330677290835,Moderate,False
POST_03409,Instagram,Photo,Education,1124,331,41,4774,560,1.08,36.07755261106781,Low,False
POST_02851,LinkedIn,Article,Gaming,1613,16,486,21641,296,2.36,82.13645418326692,Very High,True
POST_01073,Instagram,Carousel,Fashion,6406,163,101,2352,121,4.14,31.213951675759933,Low,False
POST_01900,TikTok,Duet,Business,34628,1876,4027,359052,2725,19.17,83.85554089709763,Very High,True
POST_00924,TikTok,Duet,Education,27526,906,1943,160964,1938,17.07,49.92084432717678,Moderate,False
POST_02660,LinkedIn,Document,Travel,1154,80,207,11304,160,1.65,49.37250996015935,Low,False
POST_01098,Instagram,Story,Sports,7755,463,25,33246,787,3.8,55.46765393608729,Moderate,False
POST_02275,YouTube,Live,Travel,2324,190,600,323775,2500,0.85,34.321503131524004,Low,False
POST_00958,Instagram,Story,Fitness,9071,348,153,15734,374,63.94,55.10522213561965,Moderate,False
POST_01187,LinkedIn,Document,Education,1873,128,46,16077,239,1.62,57.739043824701184,Moderate,False
POST_02642,Instagram,Photo,Entertainment,3458,142,83,47227,803,1.24,47.49415432579891,Low,False
POST_03824,Twitter,Tweet,Fitness,996,69,530,19973,114,0.41,24.29325955734406,Low,False
POST_04271,Facebook,Post,Fashion,3409,65,764,24817,660,1.22,65.38871951219511,High,True
POST_02676,Twitter,Tweet,Gaming,2377,275,1567,14127,394,0.85,75.66398390342052,High,True
POST_04883,TikTok,Video,Fitness,18161,1249,3032,122700,2750,180.07,67.33179419525067,High,True
POST_01883,Facebook,Story,Travel,5041,368,86,47772,335,7.27,40.50813008130081,Low,False
POST_01648,TikTok,Stitch,Technology,41704,1595,2155,354084,1697,164.74,57.892480211081796,Moderate,False
POST_03147,TikTok,Video,Technology,38310,1832,1375,37007,2314,25.07,60.253957783641155,Moderate,False
POST_00613,Facebook,Video,Travel,1339,252,838,30792,345,2.72,56.02134146341464,Moderate,False
POST_02086,Facebook,Video,Travel,1330,113,228,58090,777,0.42,48.90497967479674,Low,False
POST_00424,Facebook,Live,Entertainment,2802,5,695,65863,459,1.2,50.0,Moderate,False
POST_03653,TikTok,Stitch,Gaming,46624,272,2651,380796,2480,13.12,62.625329815303424,Moderate,False
POST_03341,TikTok,Stitch,Food,9607,1999,1168,136003,1736,3.29,44.96042216358839,Low,False
POST_01331,Facebook,Live,Sports,4861,152,472,68325,708,1.34,62.797256097560975,Moderate,False
POST_00249,YouTube,Community Post,Food,17484,406,1393,540707,2269,9.56,60.27661795407098,Moderate,False
POST_00224,Twitter,Retweet,Sports,1954,54,988,50855,451,56.03,57.39939637826962,Moderate,False
POST_04159,YouTube,Community Post,Lifestyle,9661,765,665,736002,375,18.55,34.274530271398746,Low,False
POST_04654,TikTok,Video,Health,2053,877,3313,262654,945,5.26,39.82849604221636,Low,False
POST_00497,Facebook,Post,Lifestyle,4748,3,557,24911,427,4.06,46.71747967479674,Low,False
POST_02965,TikTok,Video,Technology,5330,1154,2083,435818,1596,4.7,42.031662269129285,Low,False
POST_02407,Twitter,Retweet,Entertainment,247,18,1613,41533,184,0.38,42.1453722334004,Low,False
POST_04198,Twitter,Tweet,Entertainment,590,62,821,45944,74,2.68,23.90593561368209,Low,False
POST_04994,Facebook,Video,Health,1357,250,158,61752,452,0.45,37.15701219512195,Low,False
POST_04714,TikTok,Duet,Education,11552,1038,3377,432797,1467,6.58,50.91029023746702,Moderate,False
POST_02629,Facebook,Story,Fashion,4000,114,457,14427,329,7.33,41.65650406504064,Low,False
POST_01067,Instagram,Story,Travel,155,262,197,43652,986,0.18,65.59625876851129,High,True
POST_01668,YouTube,Short,Lifestyle,16273,111,107,199511,3590,3.52,40.33402922755741,Low,False
POST_04235,Instagram,Reel,Food,3818,229,149,30584,801,3.73,58.52299298519096,Moderate,False
POST_01102,YouTube,Community Post,Food,17174,308,1095,589345,4901,4.4,71.57620041753654,High,True
POST_02983,LinkedIn,Post,Technology,1245,118,446,23176,14,0.57,52.57470119521912,Moderate,False
POST_03019,Instagram,Story,Education,5246,488,238,45239,300,1.82,60.035074045206535,Moderate,False
POST_00717,TikTok,Duet,Lifestyle,25866,1668,3677,288374,2346,28.26,72.9518469656992,High,True
POST_04550,TikTok,Video,Fitness,40345,764,3142,116086,2506,14.84,67.14709762532982,High,True
POST_01721,Instagram,Photo,Travel,192,374,139,37849,446,0.25,43.46648480124708,Low,False
POST_04687,Instagram,Carousel,Travel,452,420,68,13414,378,0.32,33.79189399844115,Low,False
POST_04454,TikTok,Video,Entertainment,12918,1558,4132,327253,519,4.42,48.89841688654354,Low,False
POST_04425,Twitter,Retweet,Business,3675,17,1578,60056,449,1.93,70.99094567404426,High,True
POST_03003,Twitter,Thread,Lifestyle,3353,32,1133,91935,442,8.84,62.510060362173036,Moderate,False
POST_00011,Instagram,Carousel,Entertainment,5642,404,81,6777,430,6.98,45.00389711613405,Low,False
POST_04925,Instagram,Photo,Gaming,3482,438,124,19268,617,7.39,55.126656274356975,Moderate,False
POST_00605,Instagram,Reel,Entertainment,8589,244,59,24898,704,2.47,51.438035853468435,Moderate,False
POST_04825,Facebook,Live,Technology,1219,92,842,78379,445,1.46,54.989837398373986,Moderate,False
POST_02234,TikTok,Video,Technology,10794,723,198,117696,1979,4.3,32.20316622691293,Low,False
POST_00252,Twitter,Poll,Education,2674,230,1153,91945,491,2.2,74.55231388329979,High,True
POST_03087,Twitter,Thread,Lifestyle,1923,130,1251,50577,358,0.78,59.41901408450704,Moderate,False
POST_00297,TikTok,Video,Fitness,30428,1081,3101,449648,85,15.64,38.85883905013193,Low,False
POST_03867,Twitter,Tweet,Education,1127,27,1203,21096,426,0.51,55.44768611670019,Moderate,False
POST_03413,Instagram,Reel,Technology,368,47,160,44124,974,0.7,54.53039750584567,Moderate,False
POST_00206,Instagram,Story,Fitness,4605,65,122,23746,555,2.76,42.90140296180825,Low,False
POST_04702,Instagram,Carousel,Lifestyle,8942,246,64,23984,706,12.74,52.7435697583788,Moderate,False
POST_00272,TikTok,Video,Sports,44753,379,3670,274693,1159,12.97,54.84168865435356,Moderate,False
POST_01195,Instagram,Carousel,Sports,2465,396,297,11460,354,5.65,62.422057677318776,Moderate,False
POST_04515,Facebook,Post,Business,6554,338,482,26584,310,3.14,54.692581300813,Moderate,False
POST_03907,Facebook,Video,Business,1359,116,540,26180,469,1.31,46.39989837398374,Low,False
POST_00551,Facebook,Story,Entertainment,6657,339,726,77110,105,3.22,55.421747967479675,Moderate,False
POST_03583,Twitter,Retweet,Business,3274,62,444,80720,219,0.82,35.77213279678068,Low,False
POST_01915,Twitter,Retweet,Lifestyle,642,223,1980,49865,214,3.02,62.85965794768611,Moderate,False
POST_00006,Instagram,Photo,Travel,296,222,32,23586,655,0.17,33.52299298519096,Low,False
POST_03410,Instagram,Photo,Health,232,228,165,38764,714,0.15,51.36009353078722,Moderate,False
POST_02584,Twitter,Thread,Fitness,874,108,1937,68562,456,1.16,74.09708249496983,High,True
POST_00014,Instagram,Photo,Health,5746,225,287,23493,108,2.23,52.82540919719408,Moderate,False
POST_04183,LinkedIn,Post,Entertainment,110,60,44,14122,113,2.72,24.12848605577689,Low,False
POST_03599,Twitter,Tweet,Fashion,4555,241,553,86223,404,6.88,63.65442655935614,Moderate,False
POST_04729,LinkedIn,Post,Gaming,1106,50,310,11041,128,2.66,49.55677290836653,Low,False
POST_00158,TikTok,Duet,Technology,9717,1550,550,242225,2883,3.43,50.69591029023746,Moderate,False
POST_03069,Twitter,Retweet,Travel,36,64,1807,32734,43,3.78,37.61317907444668,Low,False
POST_01025,YouTube,Short,Entertainment,10882,270,1700,146780,1276,4.6,51.1795407098121,Moderate,False
POST_03391,Twitter,Poll,Business,1872,59,1041,6044,104,1.65,34.1172032193159,Low,False
POST_03799,Instagram,Carousel,Entertainment,1756,46,61,41834,598,0.4,31.638737334372564,Low,False
POST_04725,Instagram,Reel,Gaming,5981,117,195,10109,952,4.96,68.49961028838659,High,True
POST_00116,TikTok,Stitch,Technology,6977,884,3829,441587,2157,2.96,59.894459102902374,Moderate,False
POST_02809,Facebook,Video,Gaming,5643,145,586,55516,401,1.68,54.270833333333336,Moderate,False
POST_04209,Instagram,Carousel,Gaming,7468,436,148,27007,503,2.17,59.16601714731098,Moderate,False
POST_03146,Twitter,Retweet,Travel,1654,237,723,5076,203,0.81,43.15392354124748,Low,False
POST_02126,LinkedIn,Poll,Fashion,1678,138,337,27186,285,0.83,81.8227091633466,Very High,True
POST_02805,Facebook,Video,Fashion,6046,343,157,33108,452,1.51,49.52997967479675,Low,False
POST_04418,Instagram,Carousel,Sports,4794,110,70,45233,201,16.73,25.769680436477003,Low,False
POST_04472,YouTube,Short,Gaming,5158,175,859,927489,144,26.66,23.03235908141962,Low,False
POST_03212,LinkedIn,Document,Sports,457,68,127,13342,186,0.99,40.458167330677284,Low,False
POST_00788,Twitter,Retweet,Travel,1879,226,70,44148,450,1.06,50.14336016096579,Moderate,False
POST_03052,Facebook,Live,Lifestyle,3071,297,14,45033,264,4.14,28.498475609756095,Low,False
POST_02728,Instagram,Carousel,Gaming,6410,483,115,25312,485,4.25,54.588854247856574,Moderate,False
POST_03991,Instagram,Photo,Entertainment,6715,456,173,5632,734,2.16,69.63367108339828,High,True
POST_02136,TikTok,Duet,Health,2944,1213,2753,222412,2720,19.09,60.296833773087066,Moderate,False
POST_03336,LinkedIn,Article,Lifestyle,1401,54,337,26204,22,3.15,40.06474103585657,Low,False
POST_04223,TikTok,Duet,Business,11567,17,2539,113715,2193,8.4,46.59630606860158,Low,False
POST_03546,Instagram,Reel,Fitness,6207,285,45,26476,304,15.3,33.74707716289945,Low,False
POST_03139,Facebook,Story,Business,2181,356,747,43850,216,4.68,53.13516260162602,Moderate,False
POST_04656,Instagram,Story,Food,6529,30,122,30484,371,1.51,37.468823070927506,Low,False
POST_02638,TikTok,Duet,Fitness,19715,868,3571,325954,145,19.75,37.9254617414248,Low,False
POST_01063,TikTok,Duet,Health,3775,629,972,352364,2898,1.77,45.412269129287594,Low,False
POST_02648,Facebook,Video,Education,6797,209,868,2669,240,2.78,60.61737804878048,Moderate,False
POST_04124,YouTube,Community Post,Education,7108,546,906,84247,658,2.55,34.97390396659708,Low,False
POST_04504,Instagram,Reel,Travel,2571,172,187,19586,28,0.71,32.032346063912705,Low,False
POST_01315,Facebook,Post,Gaming,4782,99,792,47315,34,1.15,41.90802845528455,Low,False
POST_03251,Facebook,Live,Technology,7760,261,242,61461,352,1.78,48.27743902439025,Low,False
POST_04149,LinkedIn,Post,Lifestyle,268,53,101,5220,114,0.45,28.032868525896415,Low,False
POST_04828,Instagram,Photo,Fashion,3360,77,73,37943,526,8.61,34.31021044427124,Low,False
POST_00294,Twitter,Tweet,Gaming,587,106,136,3019,52,0.17,12.821931589537222,Low,False
POST_03028,Facebook,Post,Lifestyle,4214,377,401,13451,154,2.52,42.96747967479674,Low,False
POST_01341,Twitter,Tweet,Education,2880,213,588,99873,224,0.99,45.52565392354124,Low,False
POST_04957,Twitter,Thread,Food,953,29,229,6437,488,0.37,42.41197183098592,Low,False
POST_01427,Instagram,Carousel,Sports,2228,117,287,3346,939,0.77,73.11379579111457,High,True
POST_01264,Facebook,Post,Education,6561,281,785,19440,422,2.34,69.08790650406502,High,True
POST_03657,Twitter,Retweet,Gaming,4806,38,105,33286,194,2.31,30.5658953722334,Low,False
POST_00593,Instagram,Photo,Technology,8669,110,108,5254,271,1.83,38.08846453624318,Low,False
POST_00631,LinkedIn,Post,Sports,497,78,39,3965,32,0.15,18.207171314741036,Low,False
POST_03961,Facebook,Video,Food,2406,335,458,69795,771,1.68,66.65142276422765,High,True
POST_01235,LinkedIn,Poll,Fashion,1215,57,43,15701,203,0.35,41.45916334661354,Low,False
POST_00615,TikTok,Stitch,Sports,14319,1627,2076,448888,1633,15.76,48.70052770448549,Low,False
POST_00624,Facebook,Story,Fashion,6083,316,610,33864,613,2.07,71.79878048780488,High,True
POST_02308,Facebook,Post,Lifestyle,3417,116,171,75775,269,6.45,28.15548780487805,Low,False
POST_03480,Twitter,Thread,Technology,899,2,171,3063,149,0.31,15.704225352112678,Low,False
POST_02481,Twitter,Retweet,Business,965,295,1029,15118,31,1.06,37.64084507042253,Low,False
POST_01204,Twitter,Tweet,Fashion,820,279,1722,60757,8,0.62,46.888832997987926,Low,False
POST_04772,Twitter,Thread,Gaming,2600,81,843,33454,326,4.43,49.37625754527163,Low,False
POST_00199,TikTok,Video,Business,10512,884,236,382207,1659,3.32,29.551451187335093,Low,False
POST_04236,Twitter,Retweet,Gaming,246,287,1312,58012,439,0.51,68.83299798792756,High,True
POST_03448,LinkedIn,Article,Lifestyle,55,136,56,5697,163,0.45,37.05179282868526,Low,False
POST_02904,Twitter,Thread,Food,4937,148,29,32852,185,2.3,35.16599597585513,Low,False
POST_02759,LinkedIn,Post,Fashion,645,15,347,28575,49,0.22,35.30876494023904,Low,False
POST_02120,TikTok,Video,Entertainment,41320,1533,3212,386785,1313,115.19,60.003298153034294,Moderate,False
POST_03876,Twitter,Retweet,Health,3072,88,238,6322,36,1.28,20.94315895372233,Low,False
POST_03813,Instagram,Reel,Food,5835,82,141,34791,99,10.48,31.71862821512081,Low,False
POST_03992,Instagram,Carousel,Fitness,8914,236,161,40050,569,13.2,59.70576773187841,Moderate,False
POST_02867,Facebook,Video,Health,3779,262,880,70769,273,1.07,59.390243902439025,Moderate,False
POST_02790,YouTube,Community Post,Sports,1917,542,1209,737619,2843,0.99,51.257828810020875,Moderate,False
POST_00382,LinkedIn,Post,Gaming,435,94,107,4728,83,0.26,29.487051792828684,Low,False
POST_03526,Instagram,Carousel,Fitness,4597,465,264,32729,844,1.22,80.9489477786438,Very High,True
POST_04184,Twitter,Thread,Gaming,1648,217,1019,56760,167,0.66,45.20372233400401,Low,False
POST_01991,TikTok,Stitch,Entertainment,42099,737,4743,9213,2367,17.19,77.97163588390501,Very High,True
POST_00298,Instagram,Carousel,Technology,5173,48,57,49181,264,2.92,24.31021044427124,Low,False
POST_04508,Instagram,Carousel,Travel,9745,172,92,46670,732,20.53,56.174980514419325,Moderate,False
POST_01599,Instagram,Reel,Sports,789,93,93,46066,51,0.21,16.742010911925178,Low,False
POST_04380,Facebook,Live,Entertainment,2308,143,622,46620,56,1.18,33.427337398373986,Low,False
POST_02353,Facebook,Post,Entertainment,5195,91,702,74902,708,47.98,69.989837398374,High,True
POST_04623,Instagram,Photo,Gaming,1994,374,209,3883,953,0.58,72.03624318004677,High,True
POST_04426,Twitter,Retweet,Entertainment,1364,84,1462,13304,373,10.04,60.50301810865191,Moderate,False
POST_02455,Facebook,Story,Lifestyle,2029,55,644,78103,511,5.23,50.86382113821137,Moderate,False
POST_03564,Twitter,Retweet,Gaming,102,266,1257,13281,277,0.85,54.94215291750503,Moderate,False
POST_03030,Facebook,Post,Food,136,347,941,29762,356,0.33,62.083333333333336,Moderate,False
POST_01754,Instagram,Photo,Education,1130,244,258,37721,210,0.49,45.72096648480124,Low,False
POST_03535,Instagram,Story,Travel,6437,335,139,11791,528,59.99,54.89282930631333,Moderate,False
POST_01143,LinkedIn,Document,Technology,493,81,497,9462,253,0.29,76.3097609561753,High,True
POST_03956,TikTok,Stitch,Business,18641,688,3548,172399,1882,5.77,56.705145118733505,Moderate,False
POST_00300,Instagram,Carousel,Business,9520,470,278,21826,511,3.53,77.8526890101325,Very High,True
POST_02995,Instagram,Story,Lifestyle,2417,169,209,17131,441,2.85,48.09431021044427,Low,False
POST_03355,Instagram,Story,Health,9705,202,288,29736,378,3.33,66.86282151208106,High,True
POST_01982,TikTok,Duet,Fashion,41374,1469,3479,156628,2996,18.89,82.34828496042216,Very High,True
POST_02781,Instagram,Photo,Travel,7495,468,190,25993,187,2.32,53.971161340607956,Moderate,False
POST_00629,Instagram,Photo,Travel,1175,378,283,8475,815,1.26,74.32385035074046,High,True
POST_03010,Instagram,Carousel,Lifestyle,9679,298,36,16033,401,6.62,41.31332813717849,Low,False
POST_03483,Twitter,Poll,Technology,3977,282,355,97589,418,0.97,61.315392354124754,Moderate,False
POST_03326,TikTok,Video,Business,37675,1567,1781,105244,1856,9.28,55.83113456464379,Moderate,False
POST_03172,Twitter,Poll,Sports,2062,135,503,38260,491,0.67,56.690140845070424,Moderate,False
POST_04204,YouTube,Community Post,Health,17196,610,1413,796066,3034,4.16,68.29853862212943,High,True
POST_04861,Facebook,Story,Business,3389,197,770,20846,482,0.95,62.29674796747967,Moderate,False
POST_00638,Instagram,Photo,Education,2465,130,214,31919,693,0.69,56.925175370226036,Moderate,False
POST_00390,TikTok,Video,Technology,49422,222,1573,20861,1645,13.46,45.369393139841684,Low,False
POST_00725,Facebook,Live,Business,3697,201,559,69158,99,4.4,37.99542682926829,Low,False
POST_00637,Facebook,Post,Travel,2957,216,749,47412,22,54.62,40.67073170731707,Low,False
POST_04895,Twitter,Poll,Technology,3729,261,499,70986,218,0.9,48.44818913480885,Low,False
POST_01162,Instagram,Reel,Travel,5156,345,299,42740,733,1.7,78.88737334372564,Very High,True
POST_04863,Instagram,Photo,Entertainment,461,450,151,42807,408,0.72,45.711223694466085,Low,False
POST_01413,Twitter,Tweet,Food,3667,120,739,84611,182,1.75,42.1327967806841,Low,False
POST_00798,Facebook,Post,Education,5932,18,518,28093,37,1.36,31.196646341463413,Low,False
POST_04095,Twitter,Retweet,Health,4779,132,1654,14696,226,4.49,65.60865191146881,High,True
POST_03607,TikTok,Stitch,Technology,18362,19,3650,160126,1333,105.7,45.96306068601584,Low,False
POST_01217,Instagram,Carousel,Business,5388,278,148,16191,865,7.16,64.54014029618081,High,True
POST_02000,Twitter,Tweet,Technology,4611,4,700,42232,372,2.25,51.29778672032192,Moderate,False
POST_00674,Facebook,Video,Education,7990,28,181,53598,436,3.78,41.91819105691057,Low,False
POST_03636,Facebook,Story,Technology,6530,386,563,44797,716,2.35,77.9344512195122,Very High,True
POST_01818,TikTok,Duet,Health,44327,835,1105,272590,1979,90.12,49.323878627968334,Low,False
POST_02329,Facebook,Story,Entertainment,1569,364,862,18786,664,1.81,76.26270325203252,High,True
POST_01583,Facebook,Story,Health,1637,97,820,57105,333,0.83,49.59095528455285,Low,False
POST_01250,Facebook,Live,Sports,3903,50,321,27632,554,3.62,45.35060975609756,Low,False
POST_02164,TikTok,Duet,Sports,41419,185,504,235804,2130,11.41,40.580474934036936,Low,False
POST_02967,LinkedIn,Post,Health,358,111,353,29077,16,0.3,38.481075697211146,Low,False
POST_04021,Twitter,Retweet,Fitness,2816,116,812,62146,250,20.65,45.71177062374245,Low,False
POST_02368,Facebook,Story,Food,4506,318,541,28282,401,3.74,57.04268292682926,Moderate,False
POST_03486,Facebook,Story,Sports,2091,58,407,64629,206,5.86,29.044715447154466,Low,False
POST_00656,Instagram,Reel,Fashion,3072,29,147,34815,96,0.95,26.208106001558846,Low,False
POST_01374,Facebook,Live,Education,4654,175,978,32215,222,1.55,58.83130081300813,Moderate,False
POST_00862,Facebook,Video,Lifestyle,6871,80,394,41025,575,3.08,55.34552845528455,Moderate,False
POST_01621,Facebook,Live,Fashion,890,296,645,26375,399,0.56,52.95985772357723,Moderate,False
POST_03717,Twitter,Tweet,Education,3564,180,512,13740,274,1.02,48.35764587525151,Low,False
POST_03108,Instagram,Photo,Lifestyle,8067,260,142,13785,402,1.98,50.395557287607176,Moderate,False
POST_04791,Instagram,Carousel,Food,4986,382,72,45416,347,2.45,39.26539360872954,Low,False
POST_02714,Twitter,Tweet,Business,384,284,1363,89715,243,1.13,55.809859154929576,Moderate,False
POST_03888,Facebook,Video,Technology,2903,134,201,11074,427,38.54,36.09247967479675,Low,False
POST_03995,Facebook,Story,Entertainment,1215,342,891,39677,305,0.87,59.09552845528454,Moderate,False
POST_04619,Twitter,Tweet,Fashion,1130,268,720,76069,337,0.89,52.69114688128772,Moderate,False
POST_03122,Instagram,Photo,Technology,8258,307,63,26142,77,3.2,31.87451286048324,Low,False
POST_03205,LinkedIn,Post,Travel,1325,66,461,29902,60,0.4,55.18426294820718,Moderate,False
POST_00657,Twitter,Retweet,Fashion,4038,110,1451,35136,270,3.1,62.059859154929576,Moderate,False
POST_00214,Instagram,Story,Gaming,9443,440,27,7053,767,7.7,56.89010132501948,Moderate,False
POST_02906,Instagram,Reel,Sports,4784,50,195,7005,730,17.87,56.58028059236165,Moderate,False
POST_02341,TikTok,Stitch,Lifestyle,10874,563,347,274189,1238,5.59,22.747361477572557,Low,False
POST_01934,Facebook,Video,Education,2578,179,804,10734,222,0.9,49.0599593495935,Low,False
POST_03145,Twitter,Retweet,Technology,3622,93,655,7500,224,1.47,42.590543259557336,Low,False
POST_00355,Instagram,Story,Education,3655,489,73,44977,512,4.36,46.43803585346843,Low,False
POST_01667,Instagram,Photo,Fashion,5861,432,193,25472,225,4.78,52.03234606391269,Moderate,False
POST_02425,Twitter,Thread,Education,3378,293,1182,53123,137,3.22,54.95975855130785,Moderate,False
POST_00611,Instagram,Carousel,Fashion,1474,32,221,905,623,0.37,50.10132501948558,Moderate,False
POST_03752,YouTube,Video,Entertainment,10384,557,1453,63977,809,5.11,48.26200417536534,Low,False
POST_02724,Facebook,Post,Education,5651,179,119,6418,479,1.39,42.55335365853658,Low,False
POST_00804,Facebook,Post,Education,3207,38,420,11596,316,0.8,35.42936991869918,Low,False
POST_00561,LinkedIn,Article,Lifestyle,731,119,357,2007,264,0.48,72.45019920318725,High,True
POST_03249,TikTok,Duet,Education,13392,217,1343,261817,1052,4.25,26.503957783641162,Low,False
POST_00789,Facebook,Story,Lifestyle,3607,191,162,52669,253,1.17,30.111788617886177,Low,False
POST_00530,TikTok,Video,Entertainment,16452,803,4710,408562,630,6.8,49.577836411609496,Low,False
POST_01856,Twitter,Tweet,Business,115,108,636,66126,170,0.21,28.136317907444663,Low,False
POST_00710,LinkedIn,Article,Education,731,56,175,19362,260,0.2,52.81872509960159,Moderate,False
POST_04719,Twitter,Retweet,Fitness,3274,283,362,52575,433,2.12,60.49044265593562,Moderate,False
POST_03144,Facebook,Post,Gaming,6130,38,954,76627,495,3.12,68.26727642276423,High,True
POST_04155,Twitter,Thread,Education,807,86,121,42163,150,0.23,19.03672032193159,Low,False
POST_04403,Instagram,Carousel,Entertainment,9447,447,215,44139,408,30.11,66.36399064692128,High,True
POST_02293,Instagram,Carousel,Entertainment,9077,144,215,38834,27,3.44,43.978955572876075,Low,False
POST_02767,Facebook,Story,Gaming,1141,140,112,15670,151,0.86,17.77947154471545,Low,False
POST_04371,Instagram,Carousel,Food,5182,413,59,31093,865,18.66,57.15900233826967,Moderate,False
POST_02273,Facebook,Video,Business,1921,113,620,47406,789,1.49,63.945630081300806,High,True
POST_01620,LinkedIn,Post,Business,141,93,252,20477,55,0.23,34.32270916334661,Low,False
POST_03712,LinkedIn,Post,Entertainment,1027,58,5,1759,177,3.92,34.41235059760957,Low,False
POST_04570,TikTok,Duet,Entertainment,16947,1007,3026,170518,914,6.98,42.74406332453825,Low,False
POST_04288,Facebook,Post,Food,488,189,682,58770,416,0.36,50.47256097560976,Moderate,False
POST_01514,Instagram,Reel,Business,3853,234,266,23291,119,1.32,48.36126266562743,Low,False
POST_04622,TikTok,Stitch,Technology,7470,560,645,493268,1928,5.32,31.698548812664907,Low,False
POST_02609,LinkedIn,Document,Entertainment,1961,49,439,22659,89,0.63,60.55776892430278,Moderate,False
POST_02037,Instagram,Reel,Sports,9486,396,65,28877,805,2.02,61.683554169914245,Moderate,False
POST_04954,LinkedIn,Document,Sports,901,8,260,20305,93,0.83,36.24999999999999,Low,False
POST_03142,YouTube,Community Post,Travel,10366,99,278,445776,2597,19.38,32.55741127348642,Low,False
POST_03675,Facebook,Post,Gaming,4953,325,631,69934,279,1.43,55.612296747967484,Moderate,False
POST_03133,YouTube,Short,Fashion,1716,957,1043,80874,3905,0.92,61.696242171189986,Moderate,False
POST_02262,Facebook,Video,Education,2892,87,288,27725,139,10.83,25.236280487804873,Low,False
POST_02778,Instagram,Photo,Fashion,277,294,294,32029,202,1.23,50.574824629773964,Moderate,False
POST_01007,LinkedIn,Post,Fitness,958,16,112,7515,205,0.4,40.01992031872509,Low,False
POST_04677,Instagram,Story,Fashion,5287,346,280,48095,884,1.3,81.93686671862821,Very High,True
POST_00320,Twitter,Thread,Lifestyle,3023,188,880,55933,268,7.7,52.69114688128772,Moderate,False
POST_02433,YouTube,Video,Fitness,16450,116,1648,184097,2614,4.21,61.60751565762004,Moderate,False
POST_00105,YouTube,Live,Gaming,17997,30,1299,391659,1354,9.27,46.847599164926926,Low,False
POST_03746,Instagram,Carousel,Fashion,4494,409,8,13311,861,1.21,50.23772408417771,Moderate,False
POST_01636,Instagram,Carousel,Fitness,495,6,237,15937,481,0.2,44.187451286048315,Low,False
POST_04476,Facebook,Video,Lifestyle,5046,212,509,31502,322,1.24,48.981199186991866,Low,False
POST_00711,TikTok,Stitch,Travel,27186,110,3107,109132,1969,13.72,52.71767810026385,Moderate,False
POST_02536,TikTok,Video,Fashion,37560,164,3260,128675,321,15.46,37.25923482849604,Low,False
POST_01181,YouTube,Short,Travel,10906,478,68,986676,2634,21.74,35.135699373695196,Low,False
POST_00737,Twitter,Tweet,Lifestyle,197,57,1618,82165,210,5.22,46.00603621730382,Low,False
POST_04179,Twitter,Thread,Technology,2432,283,1431,22487,110,76.19,54.967303822937616,Moderate,False
POST_03604,Twitter,Thread,Health,1358,26,1946,73173,357,1.05,64.36368209255534,High,True
POST_02939,YouTube,Live,Health,16690,958,1870,622300,3674,6.28,85.57411273486429,Very High,True
POST_00870,YouTube,Community Post,Travel,5956,820,216,75180,1438,2.77,31.607515657620038,Low,False
POST_01077,Twitter,Tweet,Gaming,561,107,406,24533,334,0.25,37.391851106639834,Low,False
POST_00803,Facebook,Live,Fashion,2596,260,857,63483,759,3.31,77.6270325203252,Very High,True
POST_00724,LinkedIn,Article,Lifestyle,1618,27,473,16720,85,0.61,57.83366533864541,Moderate,False
POST_03587,Facebook,Story,Technology,2469,171,447,61446,157,1.65,33.35619918699187,Low,False
POST_04844,Instagram,Carousel,Gaming,3257,199,50,14419,516,120.4,34.58300857365549,Low,False
POST_00670,Twitter,Retweet,Entertainment,3345,257,1638,36989,492,2.93,86.53672032193158,Very High,True
POST_04843,Twitter,Thread,Fitness,3136,124,386,75432,344,2.61,46.42605633802817,Low,False
POST_04927,Facebook,Live,Business,36,122,391,18557,648,0.16,47.355182926829265,Low,False
POST_03454,Twitter,Retweet,Lifestyle,1983,57,676,94679,153,1.79,30.983400402414485,Low,False
POST_00306,YouTube,Community Post,Health,19798,298,1641,310642,4925,5.54,82.78183716075156,Very High,True
POST_02027,LinkedIn,Post,Technology,585,112,240,3715,24,0.2,34.30278884462151,Low,False
POST_02978,Instagram,Photo,Technology,5741,408,23,4979,135,4.25,28.45089633671083,Low,False
POST_00892,TikTok,Video,Technology,19154,1961,1821,179682,226,10.8,34.406332453825854,Low,False
POST_04240,Twitter,Poll,Food,4669,225,1491,94570,140,3.59,61.141851106639834,Moderate,False
POST_01290,Instagram,Reel,Business,8591,409,176,21521,64,37.16,48.08261886204209,Low,False
POST_01990,LinkedIn,Poll,Sports,1296,37,481,26528,90,0.79,57.27589641434263,Moderate,False
POST_01589,Twitter,Tweet,Lifestyle,1576,129,1223,18601,188,1.52,45.36971830985915,Low,False
POST_02690,Twitter,Retweet,Entertainment,1848,194,1940,11269,461,5.8,82.12273641851107,Very High,True
POST_04269,TikTok,Stitch,Lifestyle,4976,1716,4145,403544,1136,4.76,55.76517150395778,Moderate,False
POST_04039,LinkedIn,Article,Fitness,1327,143,492,11677,173,1.15,78.76494023904382,Very High,True
POST_01871,TikTok,Duet,Lifestyle,40529,536,4448,340209,223,32.24,47.65171503957784,Low,False
POST_01924,Twitter,Poll,Gaming,630,208,1548,42876,325,0.7,62.08249496981891,Moderate,False
POST_01899,Twitter,Retweet,Health,1735,195,200,9177,352,0.43,43.556338028169016,Low,False
POST_02323,Facebook,Video,Health,4118,225,874,65979,269,1.28,58.20630081300813,Moderate,False
POST_01251,TikTok,Stitch,Fashion,31962,586,773,13177,1109,14.19,30.4155672823219,Low,False
POST_03741,YouTube,Community Post,Business,12119,79,728,714163,1425,3.22,34.38413361169102,Low,False
POST_03071,LinkedIn,Post,Fashion,225,88,337,3236,269,1.53,64.23306772908366,High,True
POST_02776,Twitter,Thread,Travel,2073,223,1945,90897,85,3.63,58.327464788732385,Moderate,False
POST_01495,Facebook,Story,Lifestyle,1297,17,230,74210,300,0.37,23.615345528455283,Low,False
POST_03859,Twitter,Retweet,Travel,3145,209,946,59959,399,1.72,64.5145875251509,High,True
POST_00062,Twitter,Thread,Fashion,2616,135,1483,11265,494,1.76,75.7645875251509,High,True
POST_00523,YouTube,Video,Entertainment,15996,26,1165,46520,3393,3.48,57.18162839248434,Moderate,False
POST_00574,Facebook,Video,Health,6610,17,694,55449,594,2.23,63.66107723577235,Moderate,False
POST_02618,Twitter,Thread,Lifestyle,3830,242,62,12055,309,0.89,46.31036217303823,Low,False
POST_02107,TikTok,Video,Entertainment,36058,862,1644,82656,1661,9.14,46.04221635883905,Low,False
POST_01416,YouTube,Video,Lifestyle,14845,893,930,286797,1599,6.32,52.541753653444665,Moderate,False
POST_03511,Twitter,Poll,Sports,3409,244,21,93693,248,1.38,39.95724346076459,Low,False
POST_03443,Instagram,Carousel,Sports,9998,329,147,30128,269,9.1,51.40491036632891,Moderate,False
POST_03415,TikTok,Video,Business,15070,468,3906,103328,1204,5.13,48.64775725593666,Low,False
POST_02068,Twitter,Poll,Business,4554,139,1810,30030,40,7.28,54.91700201207242,Moderate,False
POST_04048,Facebook,Post,Business,3385,52,39,33791,675,19.93,39.45121951219512,Low,False
POST_03930,Instagram,Reel,Entertainment,8624,473,272,21100,416,2.39,72.68706157443492,High,True
POST_04812,TikTok,Stitch,Business,36599,1583,480,217902,2352,10.88,52.03166226912928,Moderate,False
POST_02594,Facebook,Video,Gaming,7167,61,200,5514,458,3.53,43.10975609756097,Low,False
POST_03270,LinkedIn,Post,Sports,1684,78,249,9956,110,0.51,50.6922310756972,Moderate,False
POST_04780,Instagram,Reel,Technology,5534,90,66,33321,639,1.26,41.2373343725643,Low,False
POST_01868,Instagram,Carousel,Business,8741,33,280,36808,601,2.88,67.23889321901792,High,True
POST_02806,YouTube,Short,Fitness,3231,462,837,622618,4880,3.22,58.62212943632568,Moderate,False
POST_04726,Instagram,Carousel,Gaming,68,344,94,9382,918,2.7,53.92244738893219,Moderate,False
POST_00973,LinkedIn,Post,Education,1566,112,172,18045,237,1.83,60.9312749003984,Moderate,False
POST_04323,LinkedIn,Post,Entertainment,1551,135,10,7000,65,2.48,33.85956175298805,Low,False
POST_00432,TikTok,Video,Fitness,38780,404,3617,329332,2382,18.12,66.42810026385224,High,True
POST_02804,YouTube,Short,Business,7897,190,384,746543,4189,5.88,44.88517745302714,Low,False
POST_01679,Instagram,Story,Fitness,457,186,147,29733,439,0.18,38.46648480124707,Low,False
POST_04067,Instagram,Photo,Lifestyle,2454,158,219,6159,139,1.05,39.06079501169135,Low,False
POST_00420,TikTok,Duet,Travel,36546,1824,356,334347,959,11.48,37.01517150395778,Low,False
POST_04265,LinkedIn,Document,Health,1908,13,97,772,65,0.85,30.28386454183267,Low,False
POST_00768,TikTok,Video,Food,38981,525,326,209739,581,11.21,21.912928759894456,Low,False
POST_03078,Instagram,Story,Travel,7866,369,166,6078,802,2.9,70.63912704598596,High,True
POST_01746,Facebook,Story,Fashion,2164,79,893,55554,153,0.72,45.1244918699187,Low,False
POST_03721,Twitter,Tweet,Technology,1193,71,1573,89859,348,4.72,59.08953722334004,Moderate,False
POST_01881,LinkedIn,Post,Fashion,1743,27,152,12578,272,0.51,58.27191235059761,Moderate,False
POST_00880,Instagram,Story,Education,2543,112,133,8088,913,1.1,54.97661730319563,Moderate,False
POST_04072,LinkedIn,Poll,Technology,610,58,106,27815,73,0.16,26.3097609561753,Low,False
POST_02518,Facebook,Story,Health,4974,245,674,53323,334,9.39,56.67174796747967,Moderate,False
POST_01301,Instagram,Story,Lifestyle,8791,449,88,25000,842,3.91,66.4672642244739,High,True
POST_01275,Facebook,Live,Sports,6268,276,557,31816,130,9.1,46.83943089430894,Low,False
POST_03013,Twitter,Tweet,Lifestyle,1695,67,962,49797,404,0.81,53.15392354124748,Moderate,False
POST_01645,Instagram,Story,Health,1245,90,47,25933,195,0.68,16.541309431021045,Low,False
POST_03456,Instagram,Carousel,Technology,8576,191,185,17808,990,201.71,74.91621200311769,High,True
POST_04839,Instagram,Photo,Gaming,8410,103,71,13960,638,6.39,46.51792673421667,Low,False
POST_04129,Twitter,Tweet,Food,2218,82,51,86993,208,1.42,26.224849094567404,Low,False
POST_04060,YouTube,Community Post,Sports,6493,751,1455,227610,4047,1.93,70.35490605427974,High,True
POST_02613,Instagram,Story,Lifestyle,4719,367,133,20508,210,1.43,41.36009353078721,Low,False
POST_00557,Instagram,Story,Fitness,8695,447,278,42907,485,3.78,75.26305533904909,High,True
POST_00978,Instagram,Reel,Education,4818,254,252,12698,288,5.77,53.743180046765396,Moderate,False
POST_02191,Twitter,Poll,Fitness,2591,51,1853,91033,253,2.4,60.00251509054326,Moderate,False
POST_01348,Twitter,Thread,Fashion,1954,205,1053,32676,45,0.93,37.96529175050302,Low,False
POST_03288,TikTok,Duet,Gaming,21406,603,773,231556,1637,8.1,33.53562005277045,Low,False
POST_00470,YouTube,Community Post,Health,2148,83,1731,214165,4039,1.24,61.88413361169102,Moderate,False
POST_02926,YouTube,Video,Business,13029,166,1830,663588,1128,3.6,52.41649269311065,Moderate,False
POST_03819,TikTok,Video,Fashion,2419,834,229,403050,2890,0.78,41.54353562005277,Low,False
POST_00299,Facebook,Live,Entertainment,2817,116,753,56492,181,0.79,44.204776422764226,Low,False
POST_01109,LinkedIn,Poll,Food,484,112,326,5975,94,0.21,48.157370517928285,Low,False
POST_04785,Twitter,Tweet,Fitness,3801,196,1950,88075,409,37.01,84.61016096579476,Very High,True
POST_04493,Facebook,Story,Education,2940,59,404,12398,141,1.72,28.018292682926827,Low,False
POST_02225,Instagram,Carousel,Business,1812,402,250,23522,502,0.6,60.89438815276695,Moderate,False
POST_01042,TikTok,Duet,Food,21296,1130,1420,144830,1523,5.39,40.8410290237467,Low,False
POST_03745,Instagram,Reel,Health,1983,101,8,28933,21,0.58,7.655884645362432,Low,False
POST_01508,Facebook,Story,Sports,4865,308,592,61904,464,4.42,61.9410569105691,Moderate,False
POST_00268,LinkedIn,Article,Business,531,28,378,12430,252,0.44,62.589641434262944,Moderate,False
POST_02747,Facebook,Post,Gaming,5623,98,207,38110,75,7.84,25.048272357723576,Low,False
POST_04989,LinkedIn,Document,Entertainment,1016,113,462,15553,162,0.95,69.82071713147411,High,True
POST_00715,Twitter,Tweet,Food,909,29,1882,6969,282,2.01,56.239939637826964,Moderate,False
POST_04017,TikTok,Video,Entertainment,5199,13,431,287873,1560,1.32,21.032321899736147,Low,False
POST_04087,Instagram,Story,Lifestyle,6368,275,64,1507,805,3.63,53.66328916601715,Moderate,False
POST_00469,Instagram,Story,Technology,799,273,87,46611,345,0.94,31.196414653156662,Low,False
POST_03178,TikTok,Duet,Technology,27874,374,3959,182195,568,24.68,43.82585751978891,Low,False
POST_01216,Instagram,Story,Fitness,8820,380,219,15362,282,4.26,59.91816056118472,Moderate,False
POST_01497,Facebook,Post,Health,7180,361,279,5971,381,2.19,53.80081300813008,Moderate,False
POST_03027,YouTube,Live,Fashion,1312,108,916,413525,1072,0.62,26.52400835073069,Low,False
POST_03834,Twitter,Poll,Gaming,2837,145,516,6507,307,1.82,46.71277665995975,Low,False
POST_04065,TikTok,Video,Health,18139,1714,2553,446923,108,6.03,36.84036939313984,Low,False
POST_04802,Instagram,Story,Gaming,6694,377,69,30141,675,18.61,53.56391270459859,Moderate,False
POST_01020,Instagram,Story,Fitness,4621,49,33,10619,127,1.01,16.65042868277475,Low,False
POST_01072,Instagram,Carousel,Health,7912,326,206,11163,770,1.71,72.49025720966485,High,True
POST_03582,TikTok,Duet,Sports,2500,1427,4390,94471,959,3.34,52.193271767810025,Moderate,False
POST_03161,Twitter,Thread,Health,2780,47,492,54866,174,3.32,31.182092555331987,Low,False
POST_01485,Twitter,Tweet,Travel,3458,187,1315,76355,110,9.41,51.375754527162975,Moderate,False
POST_04190,LinkedIn,Poll,Fashion,1468,101,424,3927,143,0.47,67.14641434262948,High,True
POST_04369,Instagram,Story,Gaming,6862,76,45,13901,142,3.23,23.224863600935308,Low,False
POST_01039,Instagram,Photo,Fitness,1672,403,99,18816,517,0.51,44.004286827747464,Low,False
POST_00231,TikTok,Video,Sports,12304,379,724,331958,875,2.69,19.706464379947228,Low,False
POST_00863,Facebook,Live,Education,1384,261,430,63965,13,0.96,27.45172764227642,Low,False
POST_03897,Instagram,Carousel,Food,9950,27,241,24539,730,2.98,68.5385814497272,High,True
POST_04876,Facebook,Story,Business,3514,164,696,48112,29,1.72,38.21138211382114,Low,False
POST_04092,Twitter,Tweet,Gaming,4736,62,493,38871,437,3.29,56.30281690140845,Moderate,False
POST_01682,YouTube,Video,Gaming,1738,472,578,895273,2442,0.7,37.18162839248434,Low,False
POST_03788,Facebook,Story,Entertainment,606,308,776,51707,187,0.49,48.56961382113821,Low,False
POST_00307,Facebook,Story,Lifestyle,7377,183,239,72286,344,1.74,44.354674796747965,Low,False
POST_00651,Instagram,Carousel,Gaming,6261,232,124,47264,345,4.75,42.89166017147311,Low,False
POST_03801,Twitter,Poll,Travel,873,213,1396,44347,266,1.05,56.68511066398389,Moderate,False
POST_00517,Twitter,Tweet,Entertainment,1146,122,423,46097,371,0.45,42.562877263581484,Low,False
POST_03048,Twitter,Retweet,Sports,2855,291,1907,89617,396,2.04,83.92605633802816,Very High,True
POST_04805,TikTok,Video,Technology,32741,971,4712,142045,1460,7.86,65.74868073878628,High,True
POST_00994,Facebook,Post,Business,1750,107,663,29692,381,0.73,47.355182926829265,Low,False
POST_02739,YouTube,Live,Gaming,16960,933,1020,906999,1802,3.99,58.30375782881001,Moderate,False
POST_02735,YouTube,Community Post,Technology,13416,160,1077,863800,3769,4.83,58.62212943632568,Moderate,False
POST_02657,TikTok,Duet,Gaming,43984,580,4879,88162,762,441.42,58.19261213720317,Moderate,False
POST_00869,TikTok,Duet,Business,34679,308,191,320438,675,58.18,19.62401055408971,Low,False
POST_03281,Facebook,Post,Business,7128,230,906,57214,431,7.04,72.79979674796748,High,True
POST_01482,Instagram,Photo,Health,1975,56,16,36663,450,2.02,21.72252533125487,Low,False
POST_01092,Facebook,Story,Entertainment,3025,188,173,51659,267,1.89,29.979674796747968,Low,False
POST_03933,Facebook,Live,Fashion,4066,194,560,18364,483,1.51,55.65294715447153,Moderate,False
POST_01947,Twitter,Retweet,Sports,562,275,1262,54787,256,0.45,55.13078470824949,Moderate,False
POST_02707,Instagram,Carousel,Fitness,3465,34,230,26068,605,2.25,53.63600935307872,Moderate,False
POST_00263,Instagram,Story,Entertainment,6078,436,4,6836,594,2.85,43.567809820732656,Low,False
POST_04287,TikTok,Stitch,Business,24612,1581,2823,457790,766,9.03,45.98614775725593,Low,False
POST_03347,Twitter,Poll,Lifestyle,4960,74,1116,48709,453,2.12,69.9371227364185,High,True
POST_04175,TikTok,Duet,Lifestyle,12593,1251,1479,355998,1395,6.58,38.21569920844327,Low,False
POST_03490,Twitter,Tweet,Health,1679,293,1019,91236,11,0.74,37.8420523138833,Low,False
POST_00877,LinkedIn,Poll,Technology,210,78,404,1938,250,0.19,66.24501992031873,High,True
POST_00827,Twitter,Poll,Sports,1703,187,1377,97085,182,1.08,51.36066398390341,Moderate,False
POST_02892,LinkedIn,Post,Food,1461,60,61,15352,185,0.51,42.69422310756972,Low,False
POST_00100,Instagram,Reel,Business,1866,257,133,26983,896,0.46,57.39282930631333,Moderate,False
POST_04946,YouTube,Live,Gaming,12130,717,588,258496,1169,2.76,39.561586638830896,Low,False
POST_03611,Facebook,Story,Health,704,345,118,34579,240,0.3,28.323170731707314,Low,False
POST_04456,Instagram,Story,Business,8825,338,163,10688,851,5.15,72.43764614185501,High,True
POST_04875,Twitter,Poll,Business,2676,40,177,30431,383,0.8,39.934607645875246,Low,False
POST_03457,Facebook,Story,Business,2975,264,931,6229,351,6.8,63.15548780487804,Moderate,False
POST_04194,LinkedIn,Document,Lifestyle,1208,89,136,8684,298,11.89,61.40438247011952,Moderate,False
POST_00713,Facebook,Post,Health,5816,289,173,4291,54,2.66,29.883130081300813,Low,False
POST_00445,TikTok,Stitch,Food,28276,1305,2076,351872,1274,10.04,46.59300791556728,Low,False
POST_03915,YouTube,Video,Entertainment,19238,441,1005,508731,2734,4.63,58.335073068893514,Moderate,False
POST_01096,Instagram,Photo,Fitness,1226,315,138,21764,158,0.58,33.127435697583785,Low,False
POST_00344,Twitter,Poll,Fashion,2435,294,1880,67299,378,1.26,81.14688128772636,Very High,True
POST_01849,TikTok,Duet,Gaming,29970,1887,1843,427698,2436,30.15,63.37401055408971,Moderate,False
POST_02305,YouTube,Live,Travel,6493,482,1116,761616,477,6.06,36.29436325678497,Low,False
POST_00756,TikTok,Video,Entertainment,23040,1676,3100,435538,1788,7.38,61.190633245382585,Moderate,False
POST_00884,Instagram,Photo,Health,479,73,32,20665,612,0.12,27.909197194076384,Low,False
POST_02497,Facebook,Video,Gaming,3563,233,399,29415,719,1.55,61.082317073170735,Moderate,False
POST_00513,YouTube,Short,Sports,13232,475,540,627627,2919,10.73,48.32463465553236,Low,False
POST_03586,Twitter,Thread,Lifestyle,341,191,1978,49987,237,0.78,61.808350100603626,Moderate,False
POST_01398,Instagram,Reel,Lifestyle,547,340,5,30523,107,0.44,15.479345284489476,Low,False
POST_02101,YouTube,Video,Fitness,6640,391,392,684284,1425,5.67,28.59081419624217,Low,False
POST_01003,TikTok,Stitch,Gaming,4258,518,2359,163810,1737,2.76,40.77836411609499,Low,False
POST_00959,Instagram,Photo,Business,7416,93,249,18742,88,2.65,46.06001558846453,Low,False
POST_04554,TikTok,Duet,Education,36696,575,2340,102196,950,19.76,41.07189973614776,Low,False
POST_01438,LinkedIn,Post,Entertainment,1065,67,5,27921,273,3.16,46.77290836653386,Low,False
POST_01531,Twitter,Thread,Fashion,1256,113,1113,96747,69,1.4,33.470824949698184,Low,False
POST_04011,Instagram,Story,Technology,4169,197,295,27252,562,2.64,66.54520654715512,High,True
POST_02821,YouTube,Community Post,Fashion,9707,700,1688,602643,3103,8.14,68.9144050104384,High,True
POST_00735,Twitter,Thread,Lifestyle,3962,163,1767,67480,468,3.34,84.0417505030181,Very High,True
POST_03724,Instagram,Reel,Sports,2422,155,35,18543,888,1.31,43.322291504286824,Low,False
POST_01614,Twitter,Thread,Technology,2831,181,1436,84804,499,4.94,78.45321931589537,Very High,True
POST_03602,Facebook,Story,Fashion,2901,263,391,42171,353,1.29,43.93038617886179,Low,False
POST_03879,Facebook,Post,Lifestyle,3042,359,495,71474,364,1.61,52.10111788617886,Moderate,False
POST_02281,Twitter,Retweet,Gaming,1665,134,905,93799,152,1.15,37.665995975855125,Low,False
POST_00324,Twitter,Thread,Travel,2977,54,1956,29767,480,1.84,79.93209255533199,Very High,True
POST_00436,LinkedIn,Article,Lifestyle,1813,75,4,26674,240,2.64,48.65039840637449,Low,False
POST_02672,Twitter,Thread,Sports,1113,183,869,48879,374,0.88,53.71730382293762,Moderate,False
POST_00578,YouTube,Short,Technology,114,232,763,924143,2055,0.71,32.54697286012526,Low,False
POST_04697,Facebook,Live,Entertainment,5544,318,804,53452,281,3.99,62.74390243902439,Moderate,False
POST_04359,Facebook,Video,Education,1714,94,586,63347,517,0.5,50.33028455284552,Moderate,False
POST_02861,TikTok,Video,Food,46835,1819,4929,97881,2628,56.51,92.22955145118733,Very High,True
POST_03977,Twitter,Poll,Fashion,30,189,513,93739,449,0.21,50.24396378269618,Moderate,False
POST_03119,Instagram,Carousel,Fashion,661,65,104,36791,402,0.71,28.406079501169135,Low,False
POST_03650,YouTube,Live,Food,10565,890,1601,590484,4418,17.56,79.87473903966597,Very High,True
POST_02991,Instagram,Carousel,Travel,6709,37,166,21429,548,12.08,49.7057677318784,Low,False
POST_00901,Instagram,Photo,Sports,3025,253,70,9745,636,7.41,42.86632891660172,Low,False
POST_04533,Instagram,Carousel,Business,4322,275,183,2224,195,3.43,43.09431021044427,Low,False
POST_02795,Twitter,Thread,Education,244,47,443,2573,210,0.87,24.68812877263581,Low,False
POST_00239,Facebook,Story,Gaming,1686,111,832,1046,441,2.97,55.744410569105696,Moderate,False
POST_03150,Facebook,Post,Technology,7778,51,827,5558,758,37.6,78.89989837398375,Very High,True
POST_00077,TikTok,Video,Fashion,47823,462,3484,89179,717,10.5,48.55540897097625,Low,False
POST_04831,TikTok,Duet,Travel,10334,81,510,314049,798,2.37,14.271108179419523,Low,False
POST_01962,Twitter,Retweet,Education,3056,203,678,82751,306,20.6,52.464788732394375,Moderate,False
POST_03822,Twitter,Thread,Fashion,2464,25,145,58635,309,4.54,32.65090543259557,Low,False
POST_04811,Instagram,Photo,Education,1092,268,160,20990,17,1.2,28.750974279033514,Low,False
POST_02858,Instagram,Reel,Fashion,7991,43,12,13411,418,1.95,28.587295401402958,Low,False
POST_00962,Facebook,Video,Gaming,1969,30,274,56172,742,0.5,47.190040650406495,Low,False
POST_02470,Facebook,Post,Lifestyle,7083,327,575,11735,497,2.87,67.70833333333333,High,True
POST_01726,Instagram,Carousel,Fitness,3221,148,83,23616,580,3.62,39.82852689010132,Low,False
POST_04279,Instagram,Reel,Education,9634,265,113,28097,636,2.05,58.20732657833203,Moderate,False
POST_01361,YouTube,Video,Fashion,13134,936,1980,267404,4848,3.97,92.59394572025053,Very High,True
POST_02557,Facebook,Post,Business,6400,65,175,69145,769,1.86,54.166666666666664,Moderate,False
POST_02127,Facebook,Post,Education,4169,155,930,29229,690,1.53,76.93343495934958,Very High,True
POST_02307,Instagram,Photo,Sports,8033,117,5,37337,117,9.77,20.55533904910366,Low,False
POST_04736,Instagram,Story,Business,1722,281,256,34555,688,0.92,64.71745908028059,High,True
POST_03567,Facebook,Live,Technology,4867,28,323,24510,285,89.36,33.83130081300813,Low,False
POST_00123,Twitter,Tweet,Business,4128,92,204,28209,260,27.62,38.81790744466801,Low,False
POST_04678,YouTube,Short,Gaming,8466,991,428,472819,4252,2.36,59.222338204592894,Moderate,False
POST_01000,Twitter,Tweet,Travel,2119,15,935,54177,34,2.75,25.78470824949698,Low,False
POST_01823,Facebook,Video,Business,449,51,308,35730,350,0.24,28.97103658536585,Low,False
POST_04329,Instagram,Photo,Business,4119,137,169,16104,286,3.37,39.78371005455962,Low,False
POST_04624,LinkedIn,Post,Fashion,1502,138,298,11611,215,0.72,69.35258964143426,High,True
POST_04648,Twitter,Retweet,Travel,1841,283,181,28132,54,0.47,26.86619718309859,Low,False
POST_01088,Instagram,Carousel,Technology,7496,289,99,15377,611,2.77,53.56391270459859,Moderate,False
POST_01207,LinkedIn,Poll,Gaming,957,93,461,14388,14,1.02,48.82470119521912,Low,False
POST_02088,LinkedIn,Document,Business,994,48,92,25467,188,0.41,40.26892430278885,Low,False
POST_00830,Facebook,Video,Technology,2090,49,155,59382,651,0.91,39.72052845528455,Low,False
POST_01587,LinkedIn,Article,Fitness,1330,7,394,1271,93,0.77,48.43625498007968,Low,False
POST_00766,Facebook,Video,Business,5058,205,612,75774,756,1.41,71.98678861788616,High,True
POST_01611,TikTok,Video,Entertainment,18606,1781,3363,359806,844,7.33,50.60026385224273,Moderate,False
POST_03042,YouTube,Community Post,Food,13672,208,1844,548514,3121,3.75,67.75574112734863,High,True
POST_01802,LinkedIn,Poll,Food,99,26,37,18078,130,0.12,22.061752988047807,Low,False
POST_00720,LinkedIn,Document,Education,1059,125,219,5601,14,0.59,35.80677290836653,Low,False
POST_04185,Instagram,Photo,Food,6544,238,168,5767,37,1.71,38.38269680436477,Low,False
POST_02920,Twitter,Poll,Health,2739,261,397,75327,373,0.92,54.421529175050296,Moderate,False
POST_00501,LinkedIn,Poll,Food,1941,93,289,14763,284,1.0,76.35956175298804,High,True
POST_02214,YouTube,Community Post,Technology,12523,330,1216,849268,1524,58.69,47.48434237995824,Low,False
POST_02123,YouTube,Community Post,Entertainment,654,185,183,81225,373,0.29,9.801670146137788,Low,False
POST_02079,YouTube,Video,Gaming,4796,426,895,407433,895,4.71,32.55741127348642,Low,False
POST_00478,Facebook,Post,Technology,6555,105,493,46916,661,3.97,62.751524390243894,Moderate,False
POST_04351,TikTok,Video,Fashion,25548,844,3344,349693,79,6.81,37.29551451187334,Low,False
POST_04580,Facebook,Story,Food,7619,261,629,43522,72,23.48,49.23780487804878,Low,False
POST_00419,LinkedIn,Poll,Travel,629,27,72,14215,54,1.05,19.297808764940235,Low,False
POST_02501,TikTok,Stitch,Health,42902,1583,4464,284315,1595,24.24,73.04089709762532,High,True
POST_02815,Facebook,Live,Health,2771,35,269,57432,47,21.33,17.98018292682927,Low,False
POST_03976,YouTube,Live,Business,10825,53,1833,218418,4480,3.67,72.19728601252609,High,True
POST_04751,Twitter,Tweet,Travel,1003,76,1506,32217,399,0.87,61.36569416498994,Moderate,False
POST_00936,Twitter,Retweet,Health,4921,299,809,20163,144,1.25,53.29979879275653,Moderate,False
POST_02144,Twitter,Thread,Travel,242,212,534,89304,138,0.36,30.43259557344064,Low,False
POST_00333,Instagram,Carousel,Entertainment,8140,442,5,34379,672,3.42,49.678487918939986,Low,False
POST_02062,Facebook,Video,Entertainment,7304,69,203,50465,776,2.32,57.78201219512196,Moderate,False
POST_00430,Instagram,Photo,Fashion,8881,108,187,5504,187,4.93,44.756430241621196,Low,False
POST_03214,LinkedIn,Article,Business,938,116,116,7095,146,2.27,44.08864541832669,Low,False
POST_00303,Facebook,Story,Fitness,3064,74,252,79748,709,0.87,49.20731707317073,Low,False
POST_04379,Instagram,Carousel,Lifestyle,4156,331,187,36689,388,1.16,51.4360872954014,Moderate,False
POST_02646,Twitter,Tweet,Technology,937,69,18,89161,283,0.45,26.10663983903421,Low,False
POST_02837,YouTube,Community Post,Food,1278,302,126,922523,1310,0.66,16.889352818371606,Low,False
POST_01345,LinkedIn,Document,Entertainment,740,59,285,10529,68,0.88,39.24800796812748,Low,False
POST_03493,TikTok,Duet,Travel,4678,1535,1986,212156,923,10.64,36.08179419525065,Low,False
POST_01671,Twitter,Tweet,Education,3491,168,1811,71780,165,2.81,62.32897384305836,Moderate,False
POST_03732,YouTube,Video,Entertainment,1383,688,242,24549,4664,1.05,48.82045929018789,Low,False
POST_02396,Twitter,Thread,Fitness,2873,155,580,31365,269,1.48,45.77213279678068,Low,False
POST_04810,TikTok,Video,Technology,31749,708,4228,42236,2396,84.9,71.01583113456464,High,True
POST_00112,Instagram,Reel,Gaming,3586,94,68,19386,757,8.23,42.76890101325019,Low,False
POST_00612,TikTok,Stitch,Entertainment,18802,1769,1694,308895,1012,8.91,41.50395778364116,Low,False
POST_02971,Twitter,Thread,Business,3281,76,1714,26692,57,1.03,48.020623742454724,Low,False
POST_02764,Twitter,Poll,Health,1414,68,1633,39458,191,1.21,49.56740442655936,Low,False
POST_00118,Instagram,Photo,Fashion,3096,37,45,33776,997,12.0,45.896336710833985,Low,False
POST_03630,Facebook,Live,Travel,479,59,431,66110,657,0.33,47.3170731707317,Low,False
POST_00617,Instagram,Reel,Health,6985,230,109,23060,32,2.04,31.677708495713176,Low,False
POST_01285,Twitter,Poll,Fashion,1323,159,937,19680,383,0.68,55.11569416498994,Moderate,False
POST_02801,TikTok,Video,Sports,23571,1115,4563,486167,1793,113.9,67.92546174142481,High,True
POST_01122,YouTube,Live,Travel,5021,966,207,18352,3928,1.31,49.58768267223382,Low,False
POST_04788,YouTube,Short,Entertainment,12092,906,1385,930230,3935,4.61,74.63465553235909,High,True
POST_03293,Twitter,Thread,Business,2203,192,351,86839,453,0.91,54.64285714285714,Moderate,False
POST_01833,Facebook,Story,Sports,5730,69,437,16209,321,1.4,42.286585365853654,Low,False
POST_04953,Twitter,Thread,Fitness,2549,56,1444,48443,288,0.84,56.16700201207243,Moderate,False
POST_00451,TikTok,Video,Entertainment,37290,1448,1441,186350,2733,86.57,62.631926121372025,Moderate,False
POST_02450,Twitter,Retweet,Lifestyle,4114,253,40,96641,293,1.46,46.15191146881287,Low,False
POST_04336,Instagram,Reel,Travel,490,478,285,17295,823,0.78,76.5452065471551,High,True
POST_03321,Facebook,Video,Entertainment,4591,227,178,46121,254,1.68,34.28353658536585,Low,False
POST_03968,Instagram,Photo,Lifestyle,9899,222,76,20286,246,2.17,38.63600935307872,Low,False
POST_00156,Instagram,Reel,Entertainment,294,309,170,32661,365,1.29,41.98947778643804,Low,False
POST_04365,Instagram,Story,Sports,5039,335,247,27025,318,1.31,57.15510522213562,Moderate,False
POST_00317,Twitter,Tweet,Fashion,1224,247,148,40986,372,0.43,44.592555331991946,Low,False
POST_01685,Instagram,Reel,Education,1536,272,127,26492,771,0.51,52.468823070927506,Moderate,False
POST_04206,Facebook,Video,Sports,3582,199,561,8437,387,1.4,50.317581300812996,Moderate,False
POST_04438,TikTok,Video,Entertainment,41255,210,4481,482902,1601,29.36,62.549472295514505,Moderate,False
POST_01329,LinkedIn,Document,Entertainment,1429,89,494,27858,270,0.75,85.59262948207171,Very High,True
POST_02374,Twitter,Tweet,Technology,632,188,1924,63778,380,0.73,71.39587525150905,High,True
POST_01288,Twitter,Thread,Fitness,4041,112,1362,23354,255,3.62,59.167505030181076,Moderate,False
POST_01771,Facebook,Video,Gaming,3978,355,905,15647,95,2.0,56.859756097560975,Moderate,False
POST_01271,LinkedIn,Article,Business,1636,133,124,22443,122,2.94,48.8894422310757,Low,False
POST_00908,Twitter,Retweet,Education,4049,243,1650,44826,306,19.08,74.5397384305835,High,True
POST_03718,Instagram,Photo,Food,7841,490,67,837,870,1.75,64.4680436477007,High,True
POST_04922,LinkedIn,Article,Gaming,1292,123,468,8651,115,0.51,68.3316733067729,High,True
POST_00342,Facebook,Story,Travel,4150,318,575,5620,675,1.06,70.01524390243902,High,True
POST_01607,Instagram,Carousel,Technology,3994,287,161,27078,677,0.98,57.67147310989868,Moderate,False
POST_02916,LinkedIn,Document,Lifestyle,547,142,353,10622,61,0.32,49.840637450199196,Low,False
POST_04404,Twitter,Thread,Food,3332,203,928,62731,58,2.06,40.44517102615694,Low,False
POST_04627,Twitter,Retweet,Education,1083,243,1068,59820,362,1.85,59.185110663983906,Moderate,False
POST_01465,YouTube,Community Post,Fashion,4274,451,623,453642,2886,7.36,42.49999999999999,Low,False
POST_04169,Twitter,Poll,Entertainment,48,191,192,84780,259,0.11,31.066398390342055,Low,False
POST_00391,YouTube,Live,Education,2887,412,1585,579668,4189,2.05,65.19311064718163,High,True
POST_04299,Twitter,Poll,Food,1980,106,1070,47255,249,0.83,47.079979879275655,Low,False
POST_03484,YouTube,Short,Technology,10208,765,1557,858370,1984,2.92,60.79331941544884,Moderate,False
POST_01851,Twitter,Tweet,Health,1823,205,857,24674,62,0.68,35.17102615694165,Low,False
POST_03291,Instagram,Story,Gaming,269,8,291,17263,911,0.24,65.69173811379578,High,True
POST_03167,YouTube,Community Post,Lifestyle,15360,951,1977,638606,4694,4.82,93.22546972860124,Very High,True
POST_04465,LinkedIn,Poll,Gaming,333,140,321,28994,193,0.47,60.41832669322709,Moderate,False
POST_01193,Twitter,Retweet,Lifestyle,3057,39,706,43949,342,3.69,46.96177062374245,Low,False
POST_02212,TikTok,Stitch,Education,45201,733,4655,112904,314,10.12,53.83905013192612,Moderate,False
POST_00825,Facebook,Post,Gaming,364,12,623,1910,586,0.65,48.95071138211382,Low,False
POST_00050,Instagram,Photo,Food,6718,351,173,6488,336,2.48,52.39672642244738,Moderate,False
POST_03246,Instagram,Reel,Lifestyle,4154,434,295,33280,784,1.69,80.94699922057677,Very High,True
POST_03847,YouTube,Video,Technology,17999,98,745,913699,2679,28.43,47.12943632567848,Low,False
POST_02616,Instagram,Photo,Technology,3190,462,29,43842,535,0.79,40.590413094310215,Low,False
POST_00380,Twitter,Tweet,Technology,1090,66,967,57241,290,1.11,43.12374245472837,Low,False
POST_03160,Twitter,Poll,Health,1750,37,1118,60341,300,0.9,47.34909456740443,Low,False
POST_05000,Facebook,Story,Lifestyle,683,394,28,26119,430,0.32,35.97306910569106,Low,False
POST_03491,Instagram,Photo,Lifestyle,2120,166,118,3053,891,1.87,53.3651597817615,Moderate,False
POST_04920,Twitter,Thread,Health,1502,260,1357,83373,291,0.85,61.68259557344064,Moderate,False
POST_03447,TikTok,Stitch,Education,29485,353,3627,436476,2007,59.38,59.79881266490765,Moderate,False
POST_04683,YouTube,Live,Health,4288,145,574,851026,2100,10.21,31.805845511482257,Low,False
POST_03299,Twitter,Retweet,Travel,1860,26,1262,64503,473,0.91,62.51509054325955,Moderate,False
POST_02771,Instagram,Photo,Fashion,6804,170,242,9528,519,3.34,61.5452065471551,Moderate,False
POST_03037,Twitter,Thread,Health,4528,58,1659,99267,169,1.82,56.924044265593565,Moderate,False
POST_03864,Twitter,Retweet,Technology,724,139,813,11283,350,0.43,47.7364185110664,Low,False
POST_03243,Facebook,Live,Fitness,771,167,759,10706,65,0.39,37.29674796747967,Low,False
POST_04947,Facebook,Video,Travel,5097,351,711,17096,693,8.45,79.17682926829268,Very High,True
POST_03540,Instagram,Photo,Technology,3393,316,67,31639,348,0.92,34.42907248636009,Low,False
POST_01302,YouTube,Community Post,Lifestyle,12724,967,677,510325,305,3.23,39.62421711899792,Low,False
POST_01198,YouTube,Community Post,Food,6126,533,1867,409519,1335,2.57,55.31837160751566,Moderate,False
POST_04516,Twitter,Tweet,Lifestyle,775,165,1672,43186,412,0.79,69.03169014084507,High,True
POST_03592,Instagram,Reel,Food,7378,467,279,18458,882,1.95,88.12548713951675,Very High,True
POST_03380,LinkedIn,Article,Lifestyle,742,117,266,8823,124,0.5,50.851593625498005,Moderate,False
POST_01573,LinkedIn,Post,Entertainment,880,85,147,18241,147,0.91,42.41533864541832,Low,False
POST_02689,Facebook,Video,Entertainment,4753,334,137,34556,426,2.75,44.70782520325203,Low,False
POST_01430,TikTok,Video,Lifestyle,42277,1474,4428,107478,2277,19.99,79.78562005277044,Very High,True
POST_02652,Twitter,Retweet,Travel,2785,184,1727,28268,34,1.25,50.643863179074444,Moderate,False
POST_03323,TikTok,Duet,Lifestyle,42504,980,4023,469443,303,277.59,50.375989445910285,Moderate,False
POST_00780,Facebook,Video,Fashion,4204,277,964,2101,681,4.47,82.27642276422765,Very High,True
POST_04285,Facebook,Video,Health,1028,333,726,26590,677,0.62,70.18292682926828,High,True
POST_02910,Twitter,Thread,Sports,4294,70,1907,45959,497,3.62,84.62776659959759,Very High,True
POST_03993,TikTok,Video,Education,27296,1667,4717,227566,2352,26.98,80.47163588390501,Very High,True
POST_01095,Instagram,Carousel,Fashion,1875,479,89,22466,492,0.92,44.74084177708495,Low,False
POST_02333,Facebook,Post,Sports,2191,40,458,21137,749,1.52,54.45121951219512,Moderate,False
POST_02233,YouTube,Video,Fashion,19042,432,428,452930,3608,9.09,53.99269311064718,Moderate,False
POST_01517,Facebook,Video,Food,840,287,270,69035,357,1.77,37.80487804878049,Low,False
POST_03973,Twitter,Poll,Health,160,209,1655,41653,460,1.05,72.56539235412475,High,True
POST_02614,LinkedIn,Post,Education,1644,55,285,16216,51,0.44,43.082669322709165,Low,False
POST_03716,Twitter,Poll,Travel,3042,244,483,54448,398,14.94,57.89486921529174,Moderate,False
POST_00405,Twitter,Tweet,Entertainment,4288,276,68,49228,326,2.23,50.22887323943662,Moderate,False
POST_03504,Instagram,Photo,Education,4463,167,191,36616,606,5.94,55.68784099766173,Moderate,False
POST_03115,Instagram,Photo,Food,4446,292,275,2816,909,1.1,79.29657053780201,Very High,True
POST_02244,YouTube,Short,Health,899,242,1924,190896,920,0.73,44.979123173277664,Low,False
POST_03346,LinkedIn,Post,Fashion,408,76,310,28136,27,0.23,33.939243027888445,Low,False
POST_03264,Instagram,Photo,Fitness,296,262,188,23448,133,0.17,35.003897116134056,Low,False
POST_00809,Facebook,Story,Business,4022,333,471,74363,648,1.45,65.32774390243902,High,True
POST_02938,Facebook,Live,Travel,2738,125,657,20437,796,1.64,67.7540650406504,High,True
POST_02981,Twitter,Thread,Food,4785,77,1047,30055,489,1.3,70.40241448692153,High,True
POST_04672,TikTok,Stitch,Gaming,42398,551,632,61898,949,10.78,29.980211081794188,Low,False
POST_02588,LinkedIn,Post,Entertainment,516,43,331,16650,83,5.35,40.169322709163346,Low,False
POST_02696,Facebook,Live,Lifestyle,4679,287,70,8624,639,2.11,50.17530487804878,Moderate,False
POST_01242,TikTok,Duet,Food,7260,1507,1233,147195,468,3.27,25.540897097625326,Low,False
POST_04196,Instagram,Photo,Sports,9583,77,260,5977,157,2.24,52.25448168355417,Moderate,False
POST_00669,Instagram,Story,Entertainment,6244,373,213,11096,12,2.98,46.15939204988308,Low,False
POST_02080,TikTok,Duet,Business,9233,1003,591,295869,654,16.11,19.637203166226914,Low,False
POST_02525,TikTok,Video,Gaming,3884,532,3857,427395,1735,2.81,51.49076517150395,Moderate,False
POST_01403,Instagram,Photo,Food,6437,182,66,22383,524,3.64,41.132112236944664,Low,False
POST_02473,YouTube,Video,Technology,2640,986,1726,392941,1968,1.74,61.47181628392484,Moderate,False
POST_02054,YouTube,Community Post,Education,10132,735,205,346161,1658,2.91,34.73903966597077,Low,False
POST_03998,Twitter,Poll,Technology,3455,172,434,85536,87,1.29,33.09859154929577,Low,False
POST_01997,YouTube,Live,Entertainment,4457,380,1379,523389,600,7.8,38.43423799582463,Low,False
POST_04535,Facebook,Post,Education,7239,287,984,38651,307,2.95,71.78099593495935,High,True
POST_00847,Instagram,Carousel,Gaming,7645,87,219,21717,791,3.67,66.99337490257209,High,True
POST_04327,Instagram,Reel,Entertainment,8880,187,120,10812,561,2.9,52.985190958690566,Moderate,False
POST_04059,TikTok,Video,Gaming,10763,1689,117,353097,1689,3.59,35.46833773087071,Low,False
POST_03553,Facebook,Story,Travel,1985,386,911,37633,715,1.45,81.85213414634147,Very High,True
POST_04581,YouTube,Community Post,Technology,18644,168,1711,60430,2732,7.14,65.62630480167014,High,True
POST_03626,Twitter,Tweet,Fitness,4840,212,1458,97444,304,1.33,72.10010060362173,High,True
POST_04759,Facebook,Story,Technology,3021,268,859,33225,490,1.34,66.9359756097561,High,True
POST_03473,Facebook,Story,Food,2087,319,396,32508,164,0.65,36.96392276422763,Low,False
POST_04595,Twitter,Poll,Business,4307,14,1064,58294,74,1.32,36.9466800804829,Low,False
POST_04284,Instagram,Story,Food,2204,67,246,19104,927,0.51,66.35035074045206,High,True
POST_03034,Instagram,Story,Technology,6826,458,108,2982,37,1.84,38.31839438815277,Low,False
POST_03283,TikTok,Video,Sports,3144,1845,2960,118655,1115,1.61,47.53627968337731,Low,False
POST_02423,TikTok,Video,Technology,1125,159,2071,35192,1944,13.44,37.86279683377308,Low,False
POST_03814,Facebook,Story,Business,2733,74,437,66000,355,1.84,38.4400406504065,Low,False
POST_03786,Instagram,Reel,Technology,2997,272,96,13656,373,9.31,36.979734996102884,Low,False
POST_00236,LinkedIn,Post,Fitness,1929,120,71,14735,103,0.57,43.88446215139442,Low,False
POST_03468,LinkedIn,Article,Technology,43,87,20,28177,53,0.92,16.90239043824701,Low,False
POST_00672,TikTok,Duet,Education,47001,1602,2795,414044,1640,59.68,63.61807387862797,Moderate,False
POST_02111,Instagram,Photo,Health,2478,48,63,48316,856,2.17,42.008963367108336,Low,False
POST_03234,Instagram,Carousel,Health,649,338,262,47585,191,1.75,48.0319563522993,Low,False
POST_02838,Instagram,Story,Food,2246,198,169,14635,895,4.36,60.33515198752924,Moderate,False
POST_03691,TikTok,Duet,Health,4823,564,3297,472353,1109,2.09,39.87796833773087,Low,False
POST_01471,Facebook,Live,Technology,7526,49,853,60061,238,1.76,55.46239837398373,Moderate,False
POST_03651,TikTok,Stitch,Technology,10543,354,1803,83649,1339,26.61,32.69129287598944,Low,False
POST_01956,YouTube,Short,Entertainment,15598,360,80,961774,4421,7.39,48.81002087682672,Low,False
POST_00008,TikTok,Video,Fitness,32115,692,3932,348625,305,25.56,44.525065963060676,Low,False
POST_00568,Twitter,Poll,Lifestyle,91,29,473,91875,378,0.13,35.98843058350101,Low,False
POST_04084,LinkedIn,Document,Education,835,56,438,8652,218,0.4,66.93227091633467,High,True
POST_03412,Instagram,Photo,Health,8926,397,38,47178,650,2.77,52.64224473889322,Moderate,False
POST_02183,Instagram,Reel,Gaming,6338,190,263,12186,795,7.74,73.52689010132501,High,True
POST_00141,YouTube,Video,Health,1601,277,169,122701,781,0.69,14.039665970772441,Low,False
POST_04398,Instagram,Story,Technology,2443,340,28,36962,242,1.89,25.181215900233827,Low,False
POST_04794,Twitter,Retweet,Business,1371,22,1125,11030,5,0.88,25.201207243460765,Low,False
POST_03644,Facebook,Post,Food,5775,25,874,74841,283,14.55,54.15142276422764,Moderate,False
POST_02666,Twitter,Retweet,Business,2039,32,1358,40860,294,1.52,52.15040241448692,Moderate,False
POST_03640,Instagram,Reel,Entertainment,8952,132,154,16740,792,3.11,62.99688230709274,Moderate,False
POST_01853,TikTok,Duet,Fashion,7815,1779,4937,87990,554,4.35,54.970316622691286,Moderate,False
POST_00425,Instagram,Carousel,Lifestyle,1892,239,258,17378,426,0.49,54.25370226032735,Moderate,False
POST_01727,Facebook,Post,Fitness,6402,93,870,73898,520,3.62,68.83638211382113,High,True
POST_00664,Instagram,Reel,Lifestyle,3817,189,82,20329,165,1.55,27.285658612626655,Low,False
POST_00907,TikTok,Stitch,Sports,27098,1324,4322,459555,2068,9.66,71.11477572559366,High,True
POST_00754,Twitter,Poll,Fitness,630,177,778,86180,276,0.58,43.370221327967805,Low,False
POST_02045,TikTok,Duet,Travel,32457,300,2271,215121,615,119.6,32.9320580474934,Low,False
POST_00125,Instagram,Carousel,Fitness,8013,134,44,42184,632,1.74,43.454793452844896,Low,False
POST_01891,Instagram,Story,Fitness,2649,89,189,19683,879,3.39,59.53819173811379,Moderate,False
POST_01972,TikTok,Duet,Fitness,48363,1400,1169,180542,1860,10.72,54.1622691292876,Moderate,False
POST_01864,Facebook,Post,Fitness,3945,211,69,60765,472,3.25,38.30792682926829,Low,False
POST_03967,Twitter,Tweet,Sports,296,221,1253,75852,346,0.51,58.21680080482897,Moderate,False
POST_01436,Instagram,Reel,Travel,7147,282,113,16702,482,3.19,49.42127825409197,Low,False
POST_03906,Facebook,Live,Lifestyle,7949,209,761,2428,628,33.6,77.90904471544715,Very High,True
POST_00898,TikTok,Stitch,Food,9278,1735,2113,182605,1751,26.38,49.90435356200527,Moderate,False
POST_04589,LinkedIn,Article,Lifestyle,712,21,83,8686,225,0.22,38.65537848605577,Low,False
POST_00644,Twitter,Poll,Entertainment,2533,41,307,17040,179,5.78,27.03470824949698,Low,False
POST_03807,Twitter,Thread,Food,2611,66,1989,95564,428,1.81,76.23239436619717,High,True
POST_03549,Twitter,Tweet,Health,4151,280,1244,3353,59,1.57,52.50754527162977,Moderate,False
POST_01016,YouTube,Live,Food,7166,654,1499,922887,3956,3.88,69.70772442588726,High,True
POST_01237,TikTok,Duet,Travel,38125,1650,2971,325217,2428,374.77,71.45778364116096,High,True
POST_01807,LinkedIn,Article,Fashion,1399,125,398,10540,237,1.2,76.71812749003983,High,True
POST_00193,YouTube,Video,Gaming,9005,531,744,680290,1662,2.48,40.68893528183716,Low,False
POST_04529,Facebook,Live,Food,5972,30,993,59972,219,1.82,56.176321138211385,Moderate,False
POST_01408,TikTok,Video,Health,47279,658,3292,247493,2580,60.54,70.91029023746701,High,True
POST_03269,Facebook,Story,Fashion,6556,46,777,14803,303,4.5,54.26575203252032,Moderate,False
POST_02105,TikTok,Video,Health,31911,1467,378,315250,2894,9.38,56.18073878627968,Moderate,False
POST_01282,LinkedIn,Poll,Fashion,349,53,399,14255,115,0.55,49.43725099601593,Low,False
POST_00215,LinkedIn,Poll,Gaming,540,9,318,6151,110,0.22,39.77091633466135,Low,False
POST_03685,LinkedIn,Post,Travel,977,89,240,2548,114,0.33,46.57868525896414,Low,False
POST_04424,LinkedIn,Article,Education,19,132,63,6007,266,0.05,48.80478087649402,Low,False
POST_02601,Facebook,Live,Food,2903,194,546,9148,494,1.1,53.23932926829269,Moderate,False
POST_04144,TikTok,Duet,Sports,37409,246,3880,448882,1117,33.82,52.84630606860158,Moderate,False
POST_01928,Facebook,Live,Sports,7476,200,674,67878,255,6.26,56.54217479674797,Moderate,False
POST_00614,Instagram,Carousel,Fashion,9572,432,14,12621,501,4.05,45.96453624318004,Low,False
POST_04120,LinkedIn,Article,Business,1935,25,408,20811,105,0.52,58.21215139442231,Moderate,False
POST_01901,Facebook,Story,Food,7154,152,634,69572,259,3.29,52.4364837398374,Moderate,False
POST_01182,Twitter,Poll,Fashion,2634,130,908,25660,218,0.75,45.28672032193158,Low,False
POST_02827,LinkedIn,Document,Lifestyle,1861,74,464,18756,95,0.71,65.05478087649402,High,True
POST_03990,TikTok,Stitch,Fashion,4627,677,653,20622,1755,7.36,29.87796833773087,Low,False
POST_01695,Twitter,Thread,Business,3172,47,1077,78248,302,1.1,51.504024144869206,Moderate,False
POST_02186,YouTube,Live,Health,14632,816,1056,436128,834,6.36,49.03966597077244,Low,False
POST_01018,Facebook,Live,Gaming,2055,249,252,36458,717,11.35,53.922764227642276,Moderate,False
POST_03722,TikTok,Video,Lifestyle,5479,1355,2144,36536,945,2.85,36.434696569920845,Low,False
POST_03912,Twitter,Thread,Sports,1662,285,1216,13904,116,2.56,49.217806841046276,Low,False
POST_00795,Instagram,Photo,Entertainment,3054,335,14,37307,290,0.71,26.303585346843334,Low,False
POST_01975,Twitter,Retweet,Lifestyle,2896,81,478,95584,361,0.73,46.6976861167002,Low,False
POST_01942,Twitter,Thread,Education,3241,297,1009,98572,338,1.32,65.74446680080483,High,True
POST_04499,Twitter,Thread,Lifestyle,1128,168,1547,58724,411,2.62,68.04325955734406,High,True
POST_02058,Twitter,Poll,Food,2358,218,1899,18985,261,1.22,69.70321931589537,High,True
POST_00092,LinkedIn,Post,Fashion,243,22,478,7060,170,0.35,57.211155378486055,Moderate,False
POST_02082,Instagram,Story,Lifestyle,1567,260,224,37910,880,1.28,66.72252533125487,High,True
POST_01322,Instagram,Story,Lifestyle,7825,401,85,21719,308,3.74,44.298519095869054,Low,False
POST_00903,Instagram,Photo,Fitness,5096,418,37,48671,164,1.73,30.36827747466874,Low,False
POST_03316,LinkedIn,Article,Fashion,1480,87,428,11557,244,0.95,77.12649402390439,Very High,True
POST_00747,Twitter,Poll,Entertainment,1192,250,772,94141,46,0.66,32.598088531187116,Low,False
POST_03634,Twitter,Retweet,Entertainment,4250,21,224,24583,94,1.01,24.290744466800803,Low,False
POST_04468,Instagram,Photo,Food,4300,320,48,25269,233,1.99,29.838269680436476,Low,False
POST_01447,LinkedIn,Document,Technology,1865,30,393,19163,80,0.49,53.93426294820717,Moderate,False
POST_00722,Instagram,Carousel,Business,4090,75,177,26301,257,1.22,37.7630553390491,Low,False
POST_03345,Facebook,Post,Business,2246,336,638,61203,243,0.65,49.05487804878049,Low,False
POST_03706,TikTok,Duet,Gaming,4169,1569,4417,174511,1823,2.49,64.18535620052769,High,True
POST_04015,Facebook,Story,Lifestyle,4204,33,520,22250,637,1.2,55.64786585365853,Moderate,False
POST_02580,Facebook,Post,Health,6835,395,768,22588,691,10.15,85.635162601626,Very High,True
POST_03659,Facebook,Video,Fitness,4220,121,882,44439,393,3.44,60.70630081300812,Moderate,False
POST_03662,Facebook,Story,Fitness,6250,236,834,60777,491,9.29,71.17886178861788,High,True
POST_02819,Instagram,Reel,Travel,1204,162,174,40435,26,7.63,27.607170693686673,Low,False
POST_00315,TikTok,Duet,Education,27166,610,1180,107903,2228,14.93,44.930738786279676,Low,False
POST_00084,Instagram,Reel,Gaming,5661,221,106,5291,339,1.72,38.98674980514419,Low,False
POST_01634,TikTok,Duet,Food,45824,1526,866,359373,2913,55.4,64.65039577836411,High,True
POST_04049,TikTok,Duet,Food,47596,417,3794,129291,1769,426.71,63.93799472295514,High,True
POST_01388,Instagram,Photo,Lifestyle,1853,308,31,28244,260,1.08,24.37256430241621,Low,False
POST_02412,Instagram,Story,Travel,6325,6,116,37844,990,3.94,58.06897895557288,Moderate,False
POST_00928,Facebook,Live,Fitness,1744,131,287,15915,37,0.45,20.005081300813007,Low,False
POST_00842,LinkedIn,Article,Fitness,1969,5,35,8459,149,0.49,35.776892430278885,Low,False
POST_03988,Facebook,Video,Lifestyle,7106,272,875,26429,323,11.64,67.82012195121952,High,True
POST_04387,YouTube,Short,Food,17665,728,520,96490,757,5.27,39.895615866388304,Low,False
POST_00388,Instagram,Carousel,Food,992,213,287,3286,195,0.4,47.70459859703819,Low,False
POST_03669,Instagram,Photo,Business,4008,93,38,42313,904,2.81,44.97272018706157,Low,False
POST_01468,Twitter,Thread,Entertainment,1475,139,1297,21195,205,0.75,48.38531187122736,Low,False
POST_01013,YouTube,Live,Travel,4263,930,968,335705,3059,3.61,56.04906054279749,Moderate,False
POST_03280,TikTok,Duet,Gaming,23463,711,1474,369234,2177,7.51,46.37532981530343,Low,False
POST_04283,Instagram,Carousel,Gaming,8101,332,190,30932,112,1.76,48.69056897895557,Low,False
POST_01768,Facebook,Story,Entertainment,687,86,34,62215,584,0.17,31.773373983739834,Low,False
POST_01955,YouTube,Live,Sports,2036,963,888,172140,1627,1.11,43.643006263048015,Low,False
POST_01190,LinkedIn,Article,Travel,864,137,387,4146,120,0.72,61.12549800796812,Moderate,False
POST_02677,Twitter,Tweet,Technology,2526,222,1662,89424,73,1.05,53.52364185110664,Moderate,False
POST_02161,LinkedIn,Document,Lifestyle,1933,75,234,15764,288,1.92,71.27988047808765,High,True
POST_03686,Facebook,Live,Gaming,5999,277,887,1693,753,1.72,85.83333333333331,Very High,True
POST_00241,YouTube,Community Post,Lifestyle,2418,927,1849,53055,4415,6.82,78.72129436325679,Very High,True
POST_02708,Twitter,Retweet,Fashion,1916,190,1049,89612,250,1.91,51.0135814889336,Moderate,False
POST_04842,YouTube,Community Post,Sports,17552,125,135,310796,4801,5.23,50.71503131524009,Moderate,False
POST_04255,Instagram,Story,Technology,1736,266,81,9045,628,0.62,42.390880748246296,Low,False
POST_01875,LinkedIn,Post,Business,725,115,207,16145,109,0.89,43.95916334661354,Low,False
POST_03025,Instagram,Story,Education,1965,416,40,7576,488,6.6,36.93102104442712,Low,False
POST_00301,Instagram,Photo,Lifestyle,4586,73,231,37430,313,1.13,46.22174590802806,Low,False
POST_02500,Twitter,Tweet,Entertainment,4695,188,1779,76993,112,1.51,62.58802816901409,Moderate,False
POST_04405,YouTube,Short,Technology,3266,360,1631,339902,2544,1.13,54.81210855949895,Moderate,False
POST_00354,Instagram,Photo,Gaming,6197,329,238,18442,25,1.68,47.84879189399844,Low,False
POST_01647,Instagram,Carousel,Gaming,5971,151,296,6597,278,1.3,57.49415432579891,Moderate,False
POST_01629,Instagram,Story,Education,2311,414,136,30139,839,1.47,61.145752143413866,Moderate,False
POST_02943,Twitter,Thread,Lifestyle,566,210,797,6474,151,0.32,36.32293762575453,Low,False
POST_01422,Facebook,Post,Lifestyle,5757,295,150,70835,9,5.66,26.951219512195117,Low,False
POST_00675,Twitter,Thread,Gaming,4962,168,1253,68136,73,11.43,50.43762575452716,Moderate,False
POST_04107,YouTube,Short,Business,777,248,18,92897,731,1.24,10.21920668058455,Low,False
POST_03256,Instagram,Reel,Fitness,8688,352,279,11733,541,4.03,75.01169134840218,High,True
POST_03854,YouTube,Video,Entertainment,1105,268,122,932645,4574,1.04,38.59081419624217,Low,False
POST_01113,Instagram,Story,Education,5593,191,206,31135,625,1.38,59.95323460639127,Moderate,False
POST_00639,Twitter,Thread,Entertainment,4120,232,1229,72540,406,4.75,74.15744466800804,High,True
POST_02541,LinkedIn,Document,Gaming,431,88,482,18860,296,0.44,80.00498007968126,Very High,True
POST_04477,Twitter,Thread,Lifestyle,1328,169,1292,98925,433,0.91,65.85010060362173,High,True
POST_02479,Instagram,Carousel,Lifestyle,3671,285,289,18562,534,1.74,66.794621979735,High,True
POST_02698,Twitter,Tweet,Entertainment,2929,228,1268,21914,216,0.99,58.05583501006036,Moderate,False
POST_00974,Instagram,Story,Entertainment,2429,34,162,18309,599,3.0,44.52260327357755,Low,False
POST_02297,Instagram,Photo,Technology,1403,325,169,41946,558,1.17,51.227591582229145,Moderate,False
POST_00918,YouTube,Video,Food,14096,873,25,916239,1149,48.29,32.134655532359076,Low,False
POST_04596,Facebook,Video,Travel,6462,107,720,65418,660,2.82,71.02896341463413,High,True
POST_02691,Facebook,Video,Business,2375,63,462,62188,311,1.51,35.84095528455285,Low,False
POST_04543,Instagram,Carousel,Food,1597,296,30,47230,446,5.28,30.060405300077942,Low,False
POST_01066,LinkedIn,Poll,Food,836,97,301,15763,15,0.29,36.897410358565736,Low,False
POST_02574,Facebook,Post,Education,6587,357,461,27121,538,1.78,65.71900406504064,High,True
POST_01954,LinkedIn,Article,Fashion,887,19,63,22330,208,0.37,37.4203187250996,Low,False
POST_00930,Twitter,Thread,Technology,1860,261,1732,15002,95,1.02,55.87776659959758,Moderate,False
POST_02220,Instagram,Story,Entertainment,1522,336,265,31302,786,3.78,70.36632891660172,High,True
POST_03442,Facebook,Post,Fitness,1151,377,174,55061,63,2.18,24.865345528455286,Low,False
POST_00442,YouTube,Video,Education,4528,721,1906,696494,4447,1.73,78.97703549060542,Very High,True
POST_03198,TikTok,Duet,Fashion,17346,1178,2382,418920,1967,4.73,53.18601583113456,Moderate,False
POST_02399,Facebook,Story,Education,6255,14,8,26954,58,1.47,14.209857723577235,Low,False
POST_00702,Instagram,Carousel,Food,6144,36,99,21022,902,2.04,53.13717848791894,Moderate,False
POST_00693,Facebook,Live,Business,2621,144,255,72773,617,1.54,46.65904471544715,Low,False
POST_03072,Facebook,Story,Food,1976,107,385,75512,178,0.59,28.897357723577233,Low,False
POST_04635,Instagram,Story,Health,5709,383,262,43183,408,1.86,64.48558067030396,High,True
POST_02818,Instagram,Carousel,Travel,7216,259,226,17605,544,12.67,63.862042088854245,Moderate,False
POST_01131,LinkedIn,Article,Fitness,910,143,347,23195,243,1.71,72.12649402390437,High,True
POST_04692,Twitter,Tweet,Sports,4515,231,607,51073,463,1.36,68.30482897384304,High,True
POST_03955,Instagram,Story,Business,5247,328,232,13909,638,3.22,67.05962587685113,High,True
POST_01394,Facebook,Live,Health,3912,23,903,54294,418,2.38,58.01575203252032,Moderate,False
POST_03771,Facebook,Live,Fitness,7385,142,525,11785,99,48.73,42.14939024390244,Low,False
POST_04342,Instagram,Reel,Health,1722,400,91,11691,227,0.92,32.996882307092754,Low,False
POST_02985,Facebook,Live,Sports,2458,95,524,16572,766,1.04,60.22103658536585,Moderate,False
POST_01074,Instagram,Story,Fashion,6668,40,113,44618,192,5.83,31.005455962587682,Low,False
POST_01464,LinkedIn,Post,Gaming,959,49,33,4400,174,0.84,34.93525896414342,Low,False
POST_02122,Facebook,Video,Food,5059,311,731,17772,744,3.42,80.02032520325201,Very High,True
POST_03655,Instagram,Story,Fitness,6759,163,229,39884,381,2.04,54.52065471551052,Moderate,False
POST_04386,Facebook,Story,Health,3999,307,803,59412,636,1.1,75.51067073170731,High,True
POST_00069,Instagram,Reel,Fashion,9693,244,144,4432,372,2.12,51.44388152766952,Moderate,False
POST_03051,Instagram,Photo,Food,8001,103,36,48798,119,2.28,23.694466095089634,Low,False
POST_02379,Twitter,Retweet,Travel,4811,247,527,21121,224,1.86,51.692655935613686,Moderate,False
POST_00124,Instagram,Carousel,Business,3577,452,277,45371,850,1.0,80.67030397505846,Very High,True
POST_00604,Instagram,Photo,Health,6668,120,235,20468,511,2.93,58.433359314107555,Moderate,False
POST_00956,Twitter,Retweet,Food,1289,38,1604,93890,346,1.07,57.92756539235412,Moderate,False
POST_00567,Twitter,Retweet,Gaming,2120,295,1460,87067,220,1.78,62.66348088531187,Moderate,False
POST_03035,Twitter,Tweet,Health,2771,250,1392,96956,25,21.1,47.56539235412474,Low,False
POST_02862,Twitter,Poll,Lifestyle,1849,294,1503,95063,466,1.72,79.9119718309859,Very High,True
POST_03476,TikTok,Duet,Fashion,47673,263,1589,491546,2837,14.94,59.45580474934036,Moderate,False
POST_00234,Facebook,Story,Sports,4765,126,662,4265,671,1.57,66.91819105691057,High,True
POST_01372,Instagram,Carousel,Entertainment,6116,378,130,45952,692,316.48,60.49493374902571,Moderate,False
POST_01888,Instagram,Story,Entertainment,51,275,144,40111,873,0.17,55.91971940763835,Moderate,False
POST_03763,Facebook,Story,Education,2205,360,82,44581,89,0.54,24.057418699186993,Low,False
POST_02319,Twitter,Retweet,Health,3054,283,534,34443,396,1.26,60.513078470824944,Moderate,False
POST_02115,LinkedIn,Poll,Health,1897,119,54,4359,236,0.85,56.71812749003984,Moderate,False
POST_01123,TikTok,Video,Travel,21248,1118,2524,455011,1326,23.6,47.23614775725593,Low,False
POST_02866,Facebook,Live,Business,5167,291,677,23213,429,2.92,63.706808943089435,Moderate,False
POST_02859,Instagram,Photo,Lifestyle,6301,496,95,39495,67,36.15,38.04559625876851,Low,False
POST_03074,Twitter,Tweet,Business,192,174,798,86061,327,0.62,45.84758551307847,Low,False
POST_00932,TikTok,Video,Food,17410,112,642,473423,283,12.58,12.087730870712402,Low,False
POST_02713,Twitter,Retweet,Fitness,2965,41,683,5698,76,0.88,28.013078470824947,Low,False
POST_03959,Instagram,Reel,Lifestyle,3029,282,140,45384,386,1.49,43.04559625876851,Low,False
POST_04587,Twitter,Poll,Food,980,227,934,66744,249,0.76,47.58551307847082,Low,False
POST_04689,Facebook,Post,Fashion,2414,283,37,77123,350,2.48,31.35162601626016,Low,False
POST_04469,YouTube,Short,Fitness,2496,753,289,221115,1419,1.02,28.93006263048017,Low,False
POST_00264,Facebook,Post,Business,1468,363,122,50617,216,0.95,29.697662601626018,Low,False
POST_01757,YouTube,Video,Lifestyle,1511,383,82,816042,4631,1.32,40.32881002087683,Low,False
POST_04600,Twitter,Poll,Sports,1611,257,1239,82689,493,0.78,74.16750503018108,High,True
POST_01914,Twitter,Retweet,Gaming,2219,214,1020,88273,355,1.78,60.402414486921515,Moderate,False
POST_02298,Instagram,Story,Entertainment,9680,223,210,15216,96,8.53,49.321901792673415,Low,False
POST_03389,Instagram,Carousel,Lifestyle,765,114,32,14450,834,1.33,36.89594699922058,Low,False
POST_00449,Twitter,Retweet,Sports,374,73,1526,20056,111,20.12,39.64285714285714,Low,False
POST_04991,YouTube,Video,Health,5158,531,1161,599225,643,1.72,37.99060542797495,Low,False
POST_00034,YouTube,Live,Business,14396,953,17,569728,2099,20.66,40.683716075156575,Low,False
POST_01993,Facebook,Video,Fashion,5802,169,304,23355,431,14.44,47.15193089430893,Low,False
POST_01340,Instagram,Story,Fitness,298,13,35,37591,594,3.29,25.20849571317225,Low,False
POST_01780,TikTok,Video,Entertainment,45806,1094,313,178889,1372,78.08,38.726912928759894,Low,False
POST_01725,LinkedIn,Poll,Health,892,40,236,25907,93,0.43,37.77888446215139,Low,False
POST_04099,Twitter,Thread,Food,2469,48,669,95957,429,2.16,51.272635814889334,Moderate,False
POST_02679,Instagram,Story,Fitness,8999,200,33,22982,630,3.45,45.420888542478565,Low,False
POST_00746,TikTok,Stitch,Health,25014,1231,4474,78071,2266,14.31,73.37071240105541,High,True
POST_04419,Twitter,Tweet,Business,1022,279,1572,97430,262,1.17,62.6861167002012,Moderate,False
POST_03328,Facebook,Story,Fashion,6946,281,855,48169,294,16.85,65.6910569105691,High,True
POST_04314,TikTok,Video,Lifestyle,38297,1928,1712,122458,330,8.39,39.62401055408971,Low,False
POST_04911,TikTok,Stitch,Entertainment,25305,1170,4694,243470,1899,10.05,70.97295514511873,High,True
POST_03103,YouTube,Live,Food,15991,368,1741,598124,4497,21.94,79.59290187891439,Very High,True
POST_02921,Twitter,Tweet,Travel,3275,17,760,45537,90,2.2,30.065392354124747,Low,False
POST_01652,Twitter,Retweet,Business,401,178,265,2316,339,0.28,38.568913480885314,Low,False
POST_02138,LinkedIn,Document,Entertainment,1486,148,454,13719,244,0.46,85.5328685258964,Very High,True
POST_00331,Twitter,Retweet,Food,2248,255,617,9888,95,0.73,37.220824949698184,Low,False
POST_01078,LinkedIn,Post,Fashion,1712,94,155,27962,11,8.54,33.36653386454183,Low,False
POST_00508,TikTok,Duet,Lifestyle,27813,801,3631,119587,1566,9.26,56.73482849604221,Moderate,False
POST_00020,Twitter,Tweet,Fitness,1407,180,242,53076,394,0.74,45.208752515090545,Low,False
POST_02944,LinkedIn,Post,Gaming,498,31,82,6122,54,0.16,19.382470119521912,Low,False
POST_01268,Facebook,Video,Food,1673,191,182,22618,27,2.24,17.609247967479675,Low,False
POST_00059,Instagram,Photo,Education,1243,43,70,16095,569,1.63,30.923616523772406,Low,False
POST_02675,TikTok,Duet,Entertainment,42623,1460,4704,471606,1927,102.94,78.48284960422164,Very High,True
POST_04052,LinkedIn,Article,Health,696,84,229,26072,257,0.48,58.41633466135458,Moderate,False
POST_01228,Twitter,Tweet,Fashion,2164,53,179,49465,186,0.64,25.1307847082495,Low,False
POST_03232,Facebook,Story,Education,6639,296,175,5951,270,1.5,41.173780487804876,Low,False
POST_00522,Twitter,Thread,Technology,633,84,1584,64043,52,4.36,37.74396378269617,Low,False
POST_04188,Facebook,Video,Food,3546,284,457,15832,411,5.76,50.95782520325203,Moderate,False
POST_02998,Twitter,Thread,Health,4027,37,467,79651,150,2.04,32.06991951710262,Low,False
POST_04383,Facebook,Live,Health,2557,224,227,29740,325,0.62,34.984756097560975,Low,False
POST_01300,LinkedIn,Article,Fashion,1966,125,12,26638,87,0.6,38.64043824701196,Low,False
POST_01036,LinkedIn,Document,Technology,992,103,30,11282,23,0.23,21.83764940239044,Low,False
POST_02578,Facebook,Video,Technology,2812,95,9,45269,173,1.38,16.460873983739837,Low,False
POST_01069,Twitter,Thread,Fitness,4375,64,1569,72442,351,2.02,68.15643863179075,High,True
POST_02010,Facebook,Story,Technology,1590,155,249,37143,227,0.5,27.157012195121954,Low,False
POST_02187,TikTok,Stitch,Gaming,9840,153,2797,287294,912,4.15,32.54287598944591,Low,False
POST_03828,Facebook,Video,Health,1836,24,694,47208,698,1.22,59.629065040650396,Moderate,False
POST_02042,Facebook,Live,Lifestyle,1469,205,233,4646,79,0.72,22.078252032520325,Low,False
POST_00046,LinkedIn,Post,Gaming,1051,16,13,24864,196,0.26,33.09760956175298,Low,False
POST_00951,Facebook,Story,Fitness,3881,343,263,63598,92,2.38,33.755081300813,Low,False
POST_04320,Facebook,Story,Fashion,2757,346,429,72627,739,1.57,65.38871951219511,High,True
POST_04406,LinkedIn,Document,Travel,31,75,293,28383,33,0.12,31.150398406374503,Low,False
POST_04688,Instagram,Carousel,Food,5969,109,26,46632,256,1.22,23.57365549493375,Low,False
POST_00197,LinkedIn,Post,Technology,1959,93,21,12052,104,1.78,38.4113545816733,Low,False
POST_00274,YouTube,Community Post,Gaming,14782,900,364,128922,2355,4.07,47.94363256784968,Low,False
POST_04484,Facebook,Video,Health,5338,211,17,53912,169,1.62,26.04674796747968,Low,False
POST_01034,Instagram,Reel,Technology,4847,240,38,17667,814,73.36,47.437646141855026,Low,False
POST_00094,Facebook,Post,Education,3229,197,855,26030,402,1.36,60.77489837398373,Moderate,False
POST_02294,Facebook,Live,Gaming,5203,370,613,42505,247,3.66,55.89430894308942,Moderate,False
POST_03340,LinkedIn,Post,Entertainment,875,31,337,11236,262,0.41,62.91832669322708,Moderate,False
POST_00080,Instagram,Carousel,Health,5856,263,212,9974,623,5.08,63.4353078721746,Moderate,False
POST_00701,Facebook,Live,Education,527,395,898,1504,340,1.41,61.999491869918685,Moderate,False
POST_02221,LinkedIn,Document,Gaming,933,78,381,11982,150,0.3,58.74999999999999,Moderate,False
POST_02292,Twitter,Retweet,Lifestyle,4715,275,305,92246,84,14.83,38.88581488933602,Low,False
POST_01603,Instagram,Photo,Fashion,9636,261,186,30993,963,3.66,77.52143413873733,Very High,True
POST_00545,Facebook,Post,Fashion,4383,236,340,27832,31,1.15,30.167682926829265,Low,False
POST_01158,TikTok,Duet,Food,38837,1982,4006,261196,2122,11.53,78.3278364116095,Very High,True
POST_02937,TikTok,Duet,Sports,36289,129,1118,199549,2771,13.21,50.90369393139842,Moderate,False
POST_01969,Twitter,Tweet,Travel,1624,137,100,82014,378,0.5,39.59758551307847,Low,False
POST_01923,Facebook,Post,Business,673,141,369,70889,382,0.41,36.138211382113816,Low,False
POST_02213,Instagram,Reel,Business,3143,260,192,26549,985,1.22,69.79150428682775,High,True
POST_04744,YouTube,Video,Health,10320,263,1708,758079,4423,9.56,72.50521920668058,High,True
POST_03914,YouTube,Video,Lifestyle,9701,862,302,697974,3004,5.73,46.27870563674322,Low,False
POST_01626,LinkedIn,Article,Fashion,1301,140,290,18119,181,0.57,64.00398406374501,High,True
POST_04856,Instagram,Reel,Health,8468,367,57,42051,33,68.97,31.775136399064692,Low,False
POST_00402,YouTube,Community Post,Travel,2703,435,1148,39575,3212,1.26,51.75887265135699,Moderate,False
POST_00250,TikTok,Stitch,Travel,35677,883,4696,484177,2467,28.4,77.54287598944592,Very High,True
POST_01112,Instagram,Photo,Food,550,130,53,8583,112,0.71,14.902572096648479,Low,False
POST_01909,Twitter,Retweet,Gaming,665,291,724,84442,105,0.45,36.38329979879275,Low,False
POST_04007,Twitter,Thread,Health,4604,88,1792,43950,226,7.72,65.26911468812877,High,True
POST_02129,TikTok,Stitch,Technology,20677,1922,683,183373,2882,16.07,57.98812664907651,Moderate,False
POST_02337,Facebook,Video,Education,4511,300,934,74109,260,1.82,63.879573170731696,Moderate,False
POST_00772,TikTok,Video,Gaming,19046,814,961,116119,2495,14.63,46.03891820580475,Low,False
POST_01957,Facebook,Video,Business,6731,226,332,46443,81,8.47,36.0594512195122,Low,False
POST_02049,Facebook,Live,Entertainment,4505,145,744,62778,82,4.88,43.8160569105691,Low,False
POST_00145,Twitter,Tweet,Gaming,581,111,1484,76863,24,1.21,34.94215291750503,Low,False
POST_04399,Instagram,Reel,Entertainment,1039,68,98,11155,914,0.36,46.77708495713172,Low,False
POST_01040,Twitter,Thread,Travel,4581,98,1126,17673,360,1.28,63.41800804828973,Moderate,False
POST_01525,Facebook,Story,Fitness,7968,386,379,72685,496,2.18,64.83739837398373,High,True
POST_03676,Twitter,Tweet,Health,649,96,1475,45874,266,0.58,51.27766599597585,Moderate,False
POST_00005,Instagram,Reel,Education,865,432,174,15566,473,0.48,50.46960249415432,Moderate,False
POST_01214,TikTok,Video,Sports,46364,167,3713,349162,2338,72.38,67.76055408970976,High,True
POST_02004,Instagram,Story,Fitness,1255,9,146,26447,488,1.1,35.639127045985965,Low,False
POST_04847,YouTube,Live,Fashion,1968,246,496,146354,259,1.28,16.73277661795407,Low,False
POST_01307,LinkedIn,Article,Food,284,53,180,10648,244,0.49,47.80876494023904,Low,False
POST_01457,LinkedIn,Poll,Food,1336,34,3,17245,199,0.33,36.66334661354582,Low,False
POST_01111,TikTok,Duet,Fitness,11321,1877,2355,106978,530,215.24,38.7401055408971,Low,False
POST_03117,LinkedIn,Post,Lifestyle,1275,14,253,15189,288,0.56,61.15039840637451,Moderate,False
POST_02813,LinkedIn,Article,Education,1482,143,85,2761,38,0.46,35.34362549800797,Low,False
POST_04571,Facebook,Video,Technology,1220,59,654,27750,536,2.77,51.349085365853654,Moderate,False
POST_00257,YouTube,Community Post,Gaming,15863,406,1495,546042,4321,4.06,74.01356993736951,High,True
POST_01397,Twitter,Retweet,Fashion,3540,213,1104,54648,147,2.58,50.905432595573444,Moderate,False
POST_02621,TikTok,Video,Food,37378,403,3706,296544,407,15.01,43.321240105540895,Low,False
POST_01010,Facebook,Story,Entertainment,828,261,802,22452,397,0.39,56.81910569105691,Moderate,False
POST_03414,Twitter,Tweet,Travel,4344,218,1292,9752,356,3.46,71.74547283702213,High,True
POST_02756,Twitter,Poll,Health,21,147,534,28955,457,0.47,49.25553319919517,Low,False
POST_02230,Twitter,Retweet,Health,1867,96,177,38336,447,1.0,45.12826961770623,Low,False
POST_04345,Facebook,Story,Business,3564,222,463,69574,329,0.86,44.98983739837398,Low,False
POST_03095,Instagram,Reel,Lifestyle,9405,371,129,40786,156,2.71,46.245128604832416,Low,False
POST_00237,Twitter,Poll,Fitness,3901,152,1866,2999,6,3.42,52.41197183098591,Moderate,False
POST_01800,Instagram,Carousel,Education,664,11,165,36758,481,0.22,36.56858924395947,Low,False
POST_02786,Instagram,Story,Food,1415,181,131,5252,92,0.57,26.264614185502726,Low,False
POST_02019,Instagram,Story,Gaming,8850,313,213,2864,194,2.24,54.36477007014808,Moderate,False
POST_00407,Twitter,Thread,Fitness,3350,206,1454,12218,428,2.55,76.40845070422534,High,True
POST_04608,Instagram,Story,Fitness,348,343,105,16661,971,0.24,57.22915042868277,Moderate,False
POST_02018,TikTok,Duet,Fitness,46013,1368,2181,102052,968,46.41,49.84828496042216,Low,False
POST_02348,Twitter,Thread,Entertainment,2858,4,1157,37994,232,1.22,45.18863179074447,Low,False
POST_01215,LinkedIn,Poll,Travel,1524,122,118,7763,238,0.56,58.70019920318725,Moderate,False
POST_00397,TikTok,Stitch,Technology,44520,856,1943,438714,2661,30.23,63.01451187335092,Moderate,False
POST_00108,TikTok,Stitch,Education,43127,1302,352,141746,956,43.38,34.87467018469657,Low,False
POST_01496,LinkedIn,Poll,Fitness,730,125,114,11508,222,0.29,50.92629482071713,Moderate,False
POST_04414,Facebook,Live,Travel,852,130,536,66502,243,9.17,35.355691056910565,Low,False
POST_00326,LinkedIn,Document,Food,113,77,205,3067,286,0.29,55.353585657370516,Moderate,False
POST_01518,TikTok,Duet,Fashion,1119,987,3548,287414,2185,2.7,57.100923482849595,Moderate,False
POST_00819,Instagram,Story,Education,2896,159,187,26508,78,1.42,33.94777864380358,Low,False
POST_03125,LinkedIn,Document,Lifestyle,1151,91,341,14612,285,3.65,73.53585657370517,High,True
POST_02389,LinkedIn,Post,Fitness,744,70,228,11507,184,0.9,49.133466135458164,Low,False
POST_01687,YouTube,Community Post,Gaming,9820,682,1587,385891,2523,2.81,63.64300626304802,Moderate,False
POST_04945,TikTok,Video,Fitness,35901,745,2956,207267,1031,8.78,47.63192612137203,Low,False
POST_00162,Facebook,Post,Technology,5680,222,946,18813,770,3.78,86.03150406504064,Very High,True
POST_03199,Instagram,Reel,Health,6102,308,69,18526,343,6.8,38.26188620420888,Low,False
POST_00571,Facebook,Story,Fashion,4504,250,899,17262,392,1.62,66.51676829268293,High,True
POST_00362,Facebook,Post,Travel,5109,241,585,47909,227,1.49,48.676321138211385,Low,False
POST_01257,Instagram,Carousel,Gaming,750,61,110,18424,994,0.21,50.65081839438814,Moderate,False
POST_04411,Instagram,Story,Fitness,6862,44,174,17770,403,6.03,45.321512081060014,Low,False
POST_03398,TikTok,Stitch,Education,18101,588,3736,387907,1126,15.49,48.133245382585756,Low,False
POST_00413,YouTube,Live,Technology,15584,750,958,61155,2362,12.91,57.19728601252609,Moderate,False
POST_02807,TikTok,Duet,Sports,12371,1106,4327,299319,773,9.16,49.32058047493404,Low,False
POST_04016,Twitter,Retweet,Health,4181,288,1204,98510,47,7.04,51.23993963782696,Moderate,False
POST_01140,Facebook,Story,Sports,5698,157,490,50955,19,2.03,34.1285569105691,Low,False
POST_00431,Instagram,Carousel,Fashion,5175,345,37,15162,365,1.46,35.01753702260327,Low,False
POST_03600,LinkedIn,Article,Entertainment,1246,60,190,18174,130,0.67,43.34661354581674,Low,False
POST_04080,Instagram,Photo,Travel,5964,6,23,23239,245,15.03,19.442712392829304,Low,False
POST_03671,Instagram,Story,Fashion,3100,452,32,23976,359,0.94,34.09976617303195,Low,False
POST_01889,LinkedIn,Post,Education,1886,111,181,8202,41,84.58,42.37051792828685,Low,False
POST_02440,Instagram,Reel,Technology,1323,486,76,25276,463,0.6,41.04832424006235,Low,False
POST_02007,Twitter,Retweet,Business,602,159,23,13342,448,1.77,41.49396378269618,Low,False
POST_01904,Instagram,Reel,Entertainment,1831,271,140,18760,253,0.49,36.044427123928294,Low,False
POST_01184,YouTube,Community Post,Lifestyle,2126,347,1578,970846,4807,3.63,68.0741127348643,High,True
POST_00205,Facebook,Story,Lifestyle,7377,60,484,17092,598,3.26,59.636686991869915,Moderate,False
POST_02378,TikTok,Video,Technology,28725,169,3645,128950,1519,7.96,51.95580474934036,Moderate,False
POST_00087,LinkedIn,Poll,Business,1991,72,487,11149,31,0.7,59.835657370517936,Moderate,False
POST_00148,Facebook,Live,Lifestyle,7352,80,82,55616,795,4.34,54.481707317073166,Moderate,False
POST_03158,Instagram,Photo,Business,123,443,124,7449,152,1.61,33.50545596258768,Low,False
POST_00826,YouTube,Short,Health,16495,391,1179,216192,4734,4.08,72.63569937369519,High,True
POST_03295,YouTube,Live,Sports,128,562,1788,434951,2182,8.78,55.835073068893514,Moderate,False
POST_01602,Twitter,Tweet,Gaming,1786,122,1162,43801,212,0.93,46.408450704225345,Low,False
POST_03939,Instagram,Story,Entertainment,7648,260,249,5128,50,1.69,50.01363990646921,Moderate,False
POST_02766,YouTube,Community Post,Lifestyle,8375,389,65,350152,3205,3.87,35.05741127348643,Low,False
POST_02796,Facebook,Live,Education,415,11,257,78500,105,0.17,14.969512195121947,Low,False
POST_01944,LinkedIn,Article,Health,769,137,322,23766,48,6.13,46.49402390438247,Low,False
POST_03812,Facebook,Video,Gaming,7127,197,763,65820,375,3.03,64.13617886178862,High,True
POST_04997,Instagram,Reel,Lifestyle,2360,162,119,24501,777,1.06,49.596648480124706,Low,False
POST_00591,Instagram,Story,Fitness,6316,231,84,5360,667,3.02,50.161730319563524,Moderate,False
POST_01643,Facebook,Live,Business,3942,359,524,44884,405,3.51,57.177337398373986,Moderate,False
POST_03155,Twitter,Retweet,Fashion,1282,101,1025,76439,354,0.58,51.637323943661976,Moderate,False
POST_04385,TikTok,Stitch,Education,34091,1917,1382,343623,1764,22.67,53.38060686015831,Moderate,False
POST_00117,TikTok,Duet,Food,44613,1283,579,340988,923,10.15,36.071899736147756,Low,False
POST_03623,Instagram,Carousel,Entertainment,8101,466,83,7613,256,29.64,44.719407638347626,Low,False
POST_00037,Twitter,Retweet,Entertainment,3409,284,1785,28180,109,3.26,63.606639839034194,Moderate,False
POST_03632,Instagram,Story,Gaming,9211,278,12,47221,447,5.46,39.150428682774745,Low,False
POST_00506,Instagram,Reel,Business,1992,425,298,18215,732,1.94,76.13406079501168,High,True
POST_02142,Facebook,Story,Health,2411,77,797,12475,526,0.7,58.922764227642276,Moderate,False
POST_01861,TikTok,Duet,Travel,31379,1360,1807,80974,1989,8.13,54.56464379947229,Moderate,False
POST_04022,Instagram,Story,Technology,4130,403,33,11271,62,1.34,24.471940763834763,Low,False
POST_03038,YouTube,Live,Health,11361,666,493,512133,170,51.62,29.51983298538622,Low,False
POST_01729,TikTok,Duet,Health,5163,1595,2010,355579,1308,2.07,41.388522427440634,Low,False
POST_00352,TikTok,Video,Business,597,1779,4663,206664,181,4.5,47.45712401055409,Low,False
POST_02417,Twitter,Tweet,Sports,2873,236,612,81263,496,3.1,66.19718309859155,High,True
POST_01238,Facebook,Story,Lifestyle,6790,129,269,68071,771,2.78,61.006097560975604,Moderate,False
POST_01846,Instagram,Reel,Gaming,4140,471,229,12875,19,1.15,47.32462977396727,Low,False
POST_03433,TikTok,Stitch,Fitness,12566,238,902,300305,2789,10.31,43.70712401055409,Low,False
POST_02406,Facebook,Live,Gaming,5674,331,224,57125,758,1.76,64.3775406504065,High,True
POST_03920,TikTok,Duet,Fashion,45348,236,4566,84029,981,61.31,58.41358839050132,Moderate,False
POST_03471,Instagram,Reel,Food,7424,39,251,32826,422,2.08,55.35268901013251,Moderate,False
POST_03758,Twitter,Tweet,Business,3581,262,372,53956,315,1.64,52.502515090543255,Moderate,False
POST_01732,Facebook,Live,Fashion,4912,299,601,45897,639,55.26,69.9974593495935,High,True
POST_01084,TikTok,Stitch,Sports,10007,472,32,456095,2367,6.41,32.872691292875984,Low,False
POST_01189,Twitter,Thread,Gaming,1711,246,1900,67640,251,1.09,68.07092555331991,High,True
POST_02178,Facebook,Video,Lifestyle,7981,146,255,21207,87,8.02,33.72967479674796,Low,False
POST_03197,YouTube,Community Post,Food,19860,533,95,478060,4808,8.86,58.376826722338194,Moderate,False
POST_04734,YouTube,Short,Education,4797,301,1152,790266,4736,1.78,62.463465553235906,Moderate,False
POST_04577,Twitter,Poll,Sports,3389,25,114,50203,431,0.76,43.40291750503018,Low,False
POST_03364,Twitter,Tweet,Sports,3914,264,88,15481,497,1.64,61.31287726358148,Moderate,False
POST_01258,Facebook,Post,Business,6197,223,964,15429,17,4.45,54.02184959349593,Moderate,False
POST_00172,Instagram,Reel,Business,933,13,192,9915,855,0.24,53.32034294621979,Moderate,False
POST_00942,Facebook,Video,Gaming,7655,97,497,53021,157,1.76,42.6905487804878,Low,False
POST_00163,Facebook,Video,Fitness,6935,284,748,63309,515,5.74,73.05132113821138,High,True
POST_04798,TikTok,Duet,Entertainment,44692,807,2523,338393,1975,29.91,59.680079155672814,Moderate,False
POST_00009,Facebook,Post,Health,7278,270,132,20146,242,4.38,38.34095528455284,Low,False
POST_00514,TikTok,Duet,Fashion,9738,357,4809,149294,962,45.04,49.614116094986805,Low,False
POST_01927,Facebook,Video,Food,3672,289,68,46623,567,0.86,44.94664634146341,Low,False
POST_02311,Facebook,Post,Gaming,2407,146,440,21415,496,0.63,47.06808943089431,Low,False
POST_02478,TikTok,Duet,Business,30896,1051,1577,88127,1730,10.81,46.77440633245382,Low,False
POST_00810,Instagram,Carousel,Fitness,9196,201,43,22231,203,13.25,31.88425565081839,Low,False
POST_02633,Instagram,Reel,Entertainment,7200,358,88,14361,574,5.05,52.692907248636004,Moderate,False
POST_03297,Facebook,Story,Gaming,2650,319,106,3473,181,2.37,28.310467479674795,Low,False
POST_04396,TikTok,Stitch,Travel,10065,1339,333,59784,1756,2.49,34.56134564643799,Low,False
POST_00583,Facebook,Post,Sports,5997,233,243,65271,260,4.85,39.6875,Low,False
POST_04305,TikTok,Stitch,Business,2986,1066,815,188552,2912,0.99,48.19261213720316,Low,False
POST_00952,LinkedIn,Post,Entertainment,1555,33,303,16430,266,0.57,66.3496015936255,High,True
POST_01562,Instagram,Reel,Education,9565,183,98,1391,478,2.77,47.46102883865939,Low,False
POST_03809,Instagram,Photo,Food,2848,440,10,34761,641,1.63,41.463367108339824,Low,False
POST_04646,LinkedIn,Poll,Education,1037,115,352,17234,141,0.39,59.905378486055774,Moderate,False
POST_02189,TikTok,Stitch,Lifestyle,27415,638,1309,184577,605,7.79,26.563324538258577,Low,False
POST_02430,TikTok,Video,Technology,41653,1434,1946,464608,1942,63.38,58.176121372031666,Moderate,False
POST_03532,TikTok,Duet,Entertainment,37213,774,3658,155170,140,19.18,42.915567282321895,Low,False
POST_01019,YouTube,Video,Education,3823,385,518,803251,1548,1.83,30.09394572025052,Low,False
POST_00851,Instagram,Reel,Gaming,4518,492,260,28117,540,1.31,70.46570537802026,High,True
POST_01009,Instagram,Photo,Technology,6860,77,198,38630,607,2.95,57.3012470771629,Moderate,False
POST_01542,Instagram,Reel,Food,7043,466,159,41525,982,1.66,77.78254091971941,Very High,True
POST_01213,Instagram,Carousel,Technology,7965,264,193,22205,783,3.12,69.7252533125487,High,True
POST_01156,TikTok,Video,Food,2264,467,2632,249525,2142,2.49,46.49736147757256,Low,False
POST_02832,LinkedIn,Post,Education,1998,60,366,3811,100,61.12,58.66533864541833,Moderate,False
POST_04423,Facebook,Live,Food,1127,286,575,58292,513,1.26,55.731707317073166,Moderate,False
POST_02543,TikTok,Duet,Education,46736,997,4348,373793,956,11.19,61.56002638522426,Moderate,False
POST_00653,Facebook,Post,Sports,2500,28,943,5699,708,2.36,70.21595528455285,High,True
POST_03121,Twitter,Tweet,Fashion,1648,14,1768,4372,441,0.82,67.05482897384304,High,True
POST_04584,TikTok,Duet,Health,41964,173,1156,334705,155,23.23,22.110817941952504,Low,False
POST_01572,Instagram,Carousel,Gaming,3404,202,33,5243,769,2.82,41.856975837879965,Low,False
POST_04203,Instagram,Story,Technology,1330,446,285,14647,370,1.48,60.6215900233827,Moderate,False
POST_01526,Twitter,Poll,Travel,2011,121,596,88081,25,1.43,24.522132796780685,Low,False
POST_03849,LinkedIn,Article,Lifestyle,623,91,366,11267,114,1.76,53.06772908366534,Moderate,False
POST_00463,LinkedIn,Poll,Health,224,71,205,4236,71,0.11,31.195219123505975,Low,False
POST_02060,Facebook,Story,Education,2945,245,256,22836,314,9.03,37.05792682926829,Low,False
POST_03699,YouTube,Video,Travel,18852,282,525,151407,289,5.58,30.72025052192067,Low,False
POST_03350,Instagram,Story,Education,1716,226,154,12642,993,4.52,62.51558846453624,Moderate,False
POST_02017,Twitter,Thread,Technology,727,159,1785,47579,370,0.59,66.99698189134809,High,True
POST_01432,Facebook,Post,Fitness,2075,16,103,25632,41,8.46,9.042174796747968,Low,False
POST_02030,LinkedIn,Document,Business,173,94,250,28215,25,0.11,30.12948207171315,Low,False
POST_03335,TikTok,Duet,Technology,41086,236,3887,271116,1641,20.06,59.614116094986805,Moderate,False
POST_01649,TikTok,Duet,Entertainment,16594,593,3245,407894,818,6.12,39.20184696569921,Low,False
POST_04776,TikTok,Duet,Entertainment,24664,652,3977,378698,543,7.11,44.66358839050131,Low,False
POST_00041,Instagram,Carousel,Sports,9321,19,186,41261,428,15.31,50.30592361652376,Moderate,False
POST_01569,Facebook,Story,Fashion,3702,79,652,26293,117,1.8,37.825203252032516,Low,False
POST_02248,TikTok,Video,Travel,45677,1232,4349,105146,2341,1334.84,79.43271767810025,Very High,True
POST_01473,TikTok,Stitch,Health,6383,672,4136,204933,2161,23.31,59.854881266490764,Moderate,False
POST_04815,TikTok,Video,Health,39319,146,1138,39281,1976,39.35,42.49999999999999,Low,False
POST_04031,LinkedIn,Poll,Business,1983,111,178,22366,26,2.01,40.49800796812749,Low,False
POST_03156,Facebook,Post,Sports,4056,251,592,69488,368,2.6,53.71697154471544,Moderate,False
POST_04972,TikTok,Duet,Education,19504,1054,3312,355940,2851,8.52,69.37994722955145,High,True
POST_04033,Instagram,Story,Fashion,7421,406,247,13398,280,16.54,61.57638347622758,Moderate,False
POST_04450,LinkedIn,Post,Sports,1566,49,191,8896,48,0.52,34.92529880478087,Low,False
POST_01676,Twitter,Retweet,Technology,4374,141,1093,88834,367,1.36,64.56740442655935,High,True
POST_04074,Facebook,Video,Technology,5082,17,110,45929,292,5.88,25.93241869918699,Low,False
POST_03515,TikTok,Duet,Food,31462,1670,344,385322,2148,9.24,48.073878627968334,Low,False
POST_04135,Facebook,Live,Business,3353,182,104,31411,592,0.74,42.67530487804878,Low,False
POST_03551,TikTok,Duet,Technology,36025,1996,1454,415556,762,11.56,42.22295514511873,Low,False
POST_00376,Twitter,Tweet,Health,2042,68,225,10695,459,0.61,46.24748490945674,Low,False
POST_01396,TikTok,Stitch,Travel,30141,485,3390,328870,1958,15.25,58.364116094986805,Moderate,False
POST_04064,Twitter,Retweet,Travel,965,260,404,99573,324,0.37,45.39989939637827,Low,False
POST_02669,LinkedIn,Article,Gaming,263,74,336,10115,170,0.14,51.3695219123506,Moderate,False
POST_00357,Instagram,Story,Gaming,6456,55,66,34629,310,2.42,29.489477786438034,Low,False
POST_01828,YouTube,Video,Education,17957,119,1840,564200,572,5.32,52.09812108559498,Moderate,False
POST_03228,Twitter,Retweet,Business,3314,197,604,10514,21,1.88,32.112676056338024,Low,False
POST_00129,Instagram,Carousel,Lifestyle,5683,176,285,46030,63,2.12,49.31995323460639,Low,False
POST_03853,Facebook,Video,Food,7152,45,233,23254,451,1.87,43.39430894308942,Low,False
POST_00889,Instagram,Reel,Food,5428,277,190,805,387,1.27,52.04403741231488,Moderate,False
POST_02780,Instagram,Photo,Technology,2712,402,147,16628,318,1.15,44.48947778643804,Low,False
POST_03502,TikTok,Duet,Education,39402,618,469,475383,1334,204.3,33.15303430079155,Low,False
POST_02447,Twitter,Tweet,Business,4931,232,731,10017,105,1.9,46.62474849094567,Low,False
POST_02441,Facebook,Video,Food,7701,36,830,9102,756,2.44,78.26473577235771,Very High,True
POST_00095,TikTok,Stitch,Fitness,49362,99,782,444575,1406,99.95,36.09828496042216,Low,False
POST_03377,TikTok,Video,Entertainment,38299,1477,4398,290697,2171,13.32,77.1701846965699,Very High,True
POST_03044,Twitter,Thread,Business,2858,192,246,49917,449,34.59,54.60261569416498,Moderate,False
POST_03870,Instagram,Reel,Food,5723,356,111,34063,135,939.3,37.6734216679657,Low,False
POST_01723,Twitter,Poll,Food,2738,15,638,9463,29,6.21,21.97937625754527,Low,False
POST_00434,Instagram,Photo,Gaming,9974,382,253,10315,834,20.16,84.87918939984411,Very High,True
POST_00855,Instagram,Reel,Fitness,3189,210,7,49452,40,3.23,13.688620420888538,Low,False
POST_03296,Instagram,Photo,Travel,9227,466,115,31345,611,158.35,62.98129384255651,Moderate,False
POST_01606,Facebook,Story,Technology,7289,84,741,54126,669,4.52,73.2545731707317,High,True
POST_02573,Twitter,Retweet,Business,34,49,1679,38867,38,1.9,34.25804828973843,Low,False
POST_00667,Instagram,Photo,Health,8310,98,187,11643,691,4.15,61.37568199532346,Moderate,False
POST_03755,Twitter,Thread,Technology,649,11,541,70616,177,1.65,23.976358148893357,Low,False
POST_02094,Facebook,Live,Sports,4042,207,503,13682,569,1.84,58.2520325203252,Moderate,False
POST_02534,Instagram,Carousel,Lifestyle,7893,31,184,46265,858,2.67,63.6671862821512,Moderate,False
POST_03905,TikTok,Stitch,Sports,24710,166,3364,122702,445,39.64,35.87730870712401,Low,False
POST_03740,Facebook,Live,Gaming,7745,256,512,4545,28,3.1,43.11737804878049,Low,False
POST_04228,Facebook,Story,Fitness,7361,351,984,25219,650,4.48,90.55132113821138,Very High,True
POST_04376,Facebook,Post,Technology,5312,63,9,60651,224,1.27,22.068089430894307,Low,False
POST_01011,Instagram,Reel,Gaming,2061,420,191,11980,937,1.42,70.7560405300078,High,True
POST_01952,Instagram,Reel,Technology,2239,210,200,47498,180,1.31,39.24785658612626,Low,False
POST_02009,Instagram,Carousel,Sports,3653,24,121,2644,129,1.26,25.079890880748245,Low,False
POST_03703,Twitter,Retweet,Fitness,3101,213,753,83447,493,6.91,68.00050301810865,High,True
POST_00921,TikTok,Video,Gaming,15269,1402,50,389828,753,6.21,22.193271767810025,Low,False
POST_03032,Twitter,Retweet,Technology,1810,51,872,98225,214,0.81,37.65593561368209,Low,False
POST_02204,Instagram,Carousel,Health,942,54,108,19964,754,1.61,41.59976617303195,Low,False
POST_03330,LinkedIn,Post,Business,1064,99,206,14289,295,0.37,65.92131474103586,High,True
POST_01509,Facebook,Video,Sports,6874,304,50,40752,585,4.61,51.915650406504064,Moderate,False
POST_04978,Instagram,Carousel,Gaming,4378,52,209,39126,510,1.26,49.814886983632114,Low,False
POST_03120,Instagram,Reel,Technology,3752,21,192,10439,87,1.4,31.866718628215118,Low,False
POST_01805,Twitter,Poll,Sports,4644,141,1794,95870,350,25.37,76.67756539235413,High,True
POST_03667,TikTok,Duet,Gaming,11479,254,4775,53731,134,7.38,39.81860158311345,Low,False
POST_01988,Facebook,Video,Lifestyle,4424,203,139,18328,76,4.19,23.98882113821138,Low,False
POST_02216,Twitter,Tweet,Education,3274,45,905,52188,267,3.63,46.041247484909455,Low,False
POST_00480,Facebook,Live,Gaming,2373,109,864,46809,537,1.25,62.35264227642276,Moderate,False
POST_02650,Facebook,Story,Technology,3698,308,912,57582,790,1.7,85.03302845528455,Very High,True
POST_03175,Instagram,Photo,Fashion,4447,289,228,30407,365,1.39,54.296570537802026,Moderate,False
POST_04988,Facebook,Video,Food,7031,149,277,35093,42,18.04,30.241361788617887,Low,False
POST_04463,YouTube,Short,Gaming,12951,653,1437,174548,3313,231.83,68.33507306889352,High,True
POST_02482,TikTok,Video,Food,25223,169,3004,462102,2640,30.89,59.80540897097626,Moderate,False
POST_04355,Facebook,Post,Health,3011,123,746,42617,10,0.95,36.73018292682927,Low,False
POST_01210,YouTube,Community Post,Education,14121,530,1706,527406,683,33.71,54.1544885177453,Moderate,False
POST_01239,YouTube,Live,Food,17472,230,993,102216,4860,27.09,68.36638830897704,High,True
POST_01055,YouTube,Live,Travel,17146,709,857,633465,1353,4.13,48.06889352818371,Low,False
POST_00254,Twitter,Tweet,Travel,3444,69,1201,17363,335,5.11,58.43058350100604,Moderate,False
POST_00385,LinkedIn,Poll,Travel,419,100,169,7860,191,3.04,46.35956175298804,Low,False
POST_02238,Instagram,Carousel,Health,3391,355,221,24559,237,7.61,49.78371005455962,Low,False
POST_04986,Instagram,Reel,Sports,4717,423,243,26640,596,7.86,69.16796570537802,High,True
POST_04850,Instagram,Story,Technology,912,456,133,25432,657,0.56,53.43725643024162,Moderate,False
POST_02451,Twitter,Thread,Entertainment,3470,101,1352,30000,140,1.32,48.936116700201204,Low,False
POST_02219,TikTok,Video,Fashion,49362,1521,1046,311658,393,25.12,36.622691292875984,Low,False
POST_00194,Facebook,Post,Entertainment,2327,91,129,68496,144,0.72,18.5619918699187,Low,False
POST_02453,Facebook,Live,Health,139,151,410,65985,706,0.16,51.81656504065041,Moderate,False
POST_02258,Twitter,Tweet,Fitness,3534,121,1253,89633,259,2.6,56.841046277665995,Moderate,False
POST_01429,Facebook,Live,Sports,7579,273,938,24758,699,14.46,88.6204268292683,Very High,True
POST_04312,YouTube,Video,Business,2032,395,490,601884,4229,0.62,46.069937369519835,Low,False
POST_01838,Twitter,Poll,Business,631,117,1886,87089,284,0.63,60.19366197183098,Moderate,False
POST_01344,LinkedIn,Poll,Health,1031,43,51,1014,236,0.29,42.300796812749006,Low,False
POST_02145,Facebook,Story,Technology,3833,393,106,19912,505,8.92,47.61178861788618,Low,False
POST_04891,Twitter,Retweet,Fashion,1544,173,630,86000,303,0.86,45.387323943661976,Low,False
POST_04679,LinkedIn,Post,Fitness,235,78,230,23350,112,0.12,38.81474103585657,Low,False
POST_02810,LinkedIn,Article,Fitness,521,80,110,6334,189,0.17,41.1503984063745,Low,False
POST_00588,Instagram,Photo,Sports,9396,361,174,37193,894,9.74,76.51402961808262,High,True
POST_02680,Facebook,Story,Lifestyle,1918,3,186,7629,688,0.95,40.65802845528456,Low,False
POST_02854,YouTube,Community Post,Travel,14270,167,1316,190287,854,6.9,43.53340292275574,Low,False
POST_03229,Instagram,Carousel,Education,1561,215,233,32089,704,1.39,60.00584567420108,Moderate,False
POST_01024,YouTube,Short,Fashion,6067,609,1997,524764,4677,2.02,81.70146137787056,Very High,True
POST_03884,Instagram,Story,Food,2457,68,254,44281,965,1.0,69.01208106001559,High,True
POST_03333,Instagram,Carousel,Gaming,1654,112,36,12634,53,0.43,11.936866718628213,Low,False
POST_01892,Twitter,Poll,Food,1531,20,863,26992,329,0.67,43.22434607645875,Low,False
POST_02634,Instagram,Carousel,Lifestyle,9805,81,201,14206,440,3.01,55.47739672642245,Moderate,False
POST_02072,Facebook,Post,Entertainment,4977,326,180,64003,374,4.35,44.2530487804878,Low,False
POST_03927,Facebook,Video,Lifestyle,1997,329,216,78932,115,0.66,28.46290650406504,Low,False
POST_02945,TikTok,Stitch,Education,31930,1736,3092,254212,699,28.52,50.138522427440634,Moderate,False
POST_02824,Instagram,Story,Gaming,9955,265,236,47744,492,5.53,67.15120810600155,High,True
POST_03225,Instagram,Carousel,Entertainment,4028,354,38,32902,956,1.61,54.92400623538581,Moderate,False
POST_00494,Instagram,Photo,Fitness,4140,19,161,31424,990,1.05,60.29033515198753,Moderate,False
POST_00652,Facebook,Post,Education,1206,269,673,4247,450,25.76,55.99847560975609,Moderate,False
POST_00212,LinkedIn,Document,Business,1101,84,468,1230,61,0.84,56.394422310756966,Moderate,False
POST_04010,Instagram,Photo,Technology,5649,369,271,4758,964,2.5,84.93764614185501,Very High,True
POST_00120,Facebook,Story,Business,6005,388,803,71307,744,1.67,86.72510162601625,Very High,True
POST_04347,TikTok,Video,Food,43382,150,4740,45725,402,26.91,50.70910290237467,Moderate,False
POST_02022,Facebook,Video,Gaming,306,204,218,38171,82,0.23,19.509654471544714,Low,False
POST_03379,Instagram,Photo,Gaming,390,283,202,38680,807,0.29,60.77552611067809,Moderate,False
POST_02538,Instagram,Carousel,Travel,1490,27,64,12089,489,2.57,26.703039750584566,Low,False
POST_00665,Instagram,Story,Food,2884,287,250,10886,490,1.02,59.25370226032736,Moderate,False
POST_03066,Twitter,Thread,Travel,2864,60,1683,10515,230,80.0,57.24094567404426,Moderate,False
POST_04691,Twitter,Poll,Lifestyle,323,159,273,16018,499,0.29,48.9612676056338,Low,False
POST_02968,Facebook,Video,Fashion,7157,23,643,68668,640,1.78,65.03048780487804,High,True
POST_04871,Twitter,Tweet,Food,3509,43,649,35620,48,1.7,27.245975855130784,Low,False
POST_03171,LinkedIn,Document,Technology,1321,76,492,29426,130,9.42,67.40039840637449,High,True
POST_02046,LinkedIn,Post,Entertainment,491,24,413,6921,20,46.52,36.10557768924302,Low,False
POST_02357,YouTube,Live,Gaming,9873,62,1137,992543,3737,2.78,54.692066805845506,Moderate,False
POST_00761,Instagram,Photo,Sports,8031,265,114,13193,995,2.85,68.83086515978177,High,True
POST_02445,Twitter,Thread,Health,2855,168,667,37392,304,7.38,49.82142857142857,Low,False
POST_01912,TikTok,Duet,Fashion,18640,1810,4575,212113,1211,12.46,64.90765171503958,High,True
POST_00685,YouTube,Community Post,Education,5104,921,32,881520,1801,1.58,31.14300626304801,Low,False
POST_02504,YouTube,Live,Technology,9899,909,616,342016,2596,3.14,51.21085594989562,Moderate,False
POST_03455,YouTube,Short,Lifestyle,4914,465,148,415556,2359,1.71,30.13048016701461,Low,False
POST_00990,TikTok,Stitch,Technology,5415,1295,1325,230648,1256,2.31,33.90171503957784,Low,False
POST_03501,Twitter,Tweet,Travel,4099,282,887,11988,200,1.17,55.14587525150905,Moderate,False
POST_03304,Twitter,Poll,Lifestyle,1025,167,400,59147,32,0.38,20.77464788732394,Low,False
POST_03989,Twitter,Tweet,Lifestyle,4852,165,930,55285,283,6.6,58.46327967806842,Moderate,False
POST_04615,Instagram,Photo,Technology,9754,135,82,28514,68,7.14,30.871005455962585,Low,False
POST_00468,TikTok,Stitch,Business,41576,627,1321,340732,661,64.51,31.33245382585752,Low,False
POST_00912,Twitter,Retweet,Travel,1928,152,1745,84710,493,2.36,78.96881287726359,Very High,True
POST_00881,Instagram,Story,Fashion,5133,202,48,43223,766,1.38,45.984021823850355,Low,False
POST_00048,Facebook,Story,Technology,2380,31,474,61004,84,4.42,25.630081300813007,Low,False
POST_01015,LinkedIn,Article,Education,546,95,443,8602,50,0.69,50.60756972111553,Moderate,False
POST_00917,Twitter,Poll,Technology,1985,150,603,27015,12,35.96,24.924547283702207,Low,False
POST_03130,TikTok,Stitch,Food,33089,746,3957,217151,1437,91.22,58.568601583113455,Moderate,False
POST_04951,Twitter,Thread,Business,2374,77,1050,1059,390,1.15,56.45875251509054,Moderate,False
POST_00132,Instagram,Carousel,Technology,4005,414,236,7305,414,2.11,59.810989867498044,Moderate,False
POST_03979,Instagram,Carousel,Fitness,6911,36,75,49902,459,1.97,35.92556508183944,Low,False
POST_01480,Twitter,Poll,Sports,2084,224,1322,40305,314,0.75,63.420523138833,Moderate,False
POST_02029,Twitter,Thread,Lifestyle,3672,187,1707,15028,496,1.74,85.397384305835,Very High,True
POST_01532,Facebook,Video,Lifestyle,3419,348,636,10258,144,2.75,48.20884146341463,Low,False
POST_02871,TikTok,Duet,Education,17379,1186,3773,201012,1826,8.87,61.46437994722955,Moderate,False
POST_00047,Twitter,Tweet,Technology,3696,219,1306,31048,491,3.62,80.03269617706236,Very High,True
POST_01101,Instagram,Carousel,Business,6397,481,150,6718,389,6.93,55.11496492595479,Moderate,False
POST_00253,TikTok,Video,Technology,23565,245,2229,91569,2885,28.1,57.65831134564643,Moderate,False
POST_03383,Instagram,Reel,Sports,5604,111,9,42661,251,2.72,21.247077162899455,Low,False
POST_01995,TikTok,Duet,Health,1244,1989,2719,358807,2918,1.24,68.17941952506597,High,True
POST_01737,Twitter,Poll,Fashion,2793,62,1391,43078,334,1.19,59.5397384305835,Moderate,False
POST_04143,Instagram,Reel,Travel,9777,178,53,27123,299,13.14,36.373733437256426,Low,False
POST_03009,LinkedIn,Article,Business,337,41,179,19315,236,0.35,45.04980079681275,Low,False
POST_01890,YouTube,Community Post,Sports,14186,101,290,96341,4664,3.41,50.32881002087682,Moderate,False
POST_00565,Twitter,Tweet,Fitness,2757,28,1148,49408,312,1.3,51.52665995975855,Moderate,False
POST_02589,Instagram,Story,Gaming,1817,105,163,29792,444,0.82,40.25915822291504,Low,False
POST_02192,YouTube,Short,Sports,4714,186,1995,406255,4221,1.9,70.65762004175366,High,True
POST_01557,Facebook,Story,Fitness,5310,142,497,4459,538,1.76,56.796239837398375,Moderate,False
POST_02174,TikTok,Video,Fashion,39565,1083,2179,396313,279,13.0,36.89973614775725,Low,False
POST_00541,YouTube,Video,Food,17477,582,1004,50966,2214,6.84,56.283924843423804,Moderate,False
POST_00954,YouTube,Video,Fitness,2421,929,1262,23205,3687,1.28,64.4572025052192,High,True
POST_04568,Instagram,Story,Health,4068,207,12,7574,668,2.85,37.27591582229151,Low,False
POST_03792,Instagram,Reel,Technology,3582,116,216,5334,751,1.91,60.379968823070925,Moderate,False
POST_01399,Facebook,Video,Fashion,2443,219,467,23355,720,0.75,60.764735772357724,Moderate,False
POST_01153,LinkedIn,Article,Food,125,88,319,17637,44,0.44,36.08565737051793,Low,False
POST_00836,Twitter,Thread,Fashion,1791,167,1727,98449,56,1.6,48.28470824949698,Low,False
POST_02274,LinkedIn,Article,Fashion,1704,27,86,10748,280,0.58,54.218127490039834,Moderate,False
POST_03148,LinkedIn,Document,Technology,1734,44,435,17686,193,0.74,70.0597609561753,High,True
POST_03558,Facebook,Live,Food,248,7,915,26102,714,0.86,64.39786585365853,High,True
POST_01083,Twitter,Poll,Food,2386,129,372,1366,292,1.21,40.55835010060362,Low,False
POST_00525,TikTok,Duet,Technology,344,30,413,182561,1036,0.16,14.492084432717679,Low,False
POST_03318,Instagram,Carousel,Technology,1539,300,288,24574,346,2.93,56.54520654715511,Moderate,False
POST_01765,Instagram,Reel,Business,6691,92,204,20136,821,2.58,65.12665627435696,High,True
POST_00356,Facebook,Post,Entertainment,7129,232,111,16548,727,3.49,57.703252032520325,Moderate,False
POST_03714,Facebook,Post,Food,816,298,844,51850,537,0.49,66.05945121951218,High,True
POST_01937,Twitter,Thread,Lifestyle,161,146,796,62684,446,0.28,52.645875251509054,Moderate,False
POST_02617,Twitter,Retweet,Technology,2625,17,1964,94639,213,1.15,57.925050301810856,Moderate,False
POST_01313,Facebook,Live,Health,3620,114,52,58971,40,1.25,14.291158536585364,Low,False
POST_03388,Facebook,Story,Gaming,7501,75,396,74889,271,1.66,42.79471544715447,Low,False
POST_01627,Instagram,Carousel,Lifestyle,4166,320,53,22441,432,1.18,37.15900233826967,Low,False
POST_00012,YouTube,Short,Health,2310,904,491,722243,185,1.27,26.007306889352815,Low,False
POST_03734,Facebook,Story,Technology,7835,338,388,21246,323,9.63,55.03556910569105,Moderate,False
POST_01776,Twitter,Tweet,Sports,4888,243,1415,37498,274,6.83,70.81740442655935,High,True
POST_04562,Twitter,Retweet,Fitness,1080,245,47,48112,18,0.34,17.42454728370221,Low,False
POST_00334,Instagram,Carousel,Fashion,8417,215,260,38134,933,2.11,81.8082618862042,Very High,True
POST_02052,Facebook,Live,Technology,5191,224,712,63039,17,3.98,44.16158536585366,Low,False
POST_02124,Twitter,Poll,Fitness,3310,144,1343,99737,397,3.01,68.47082494969818,High,True
POST_03259,Twitter,Retweet,Food,3179,105,835,94518,467,18.31,62.46730382293764,Moderate,False
POST_02089,TikTok,Stitch,Sports,36105,155,1325,21350,1622,53.73,38.41688654353562,Low,False
POST_02047,Instagram,Story,Fitness,4501,322,88,26166,868,2.17,57.46297739672641,Moderate,False
POST_02400,Facebook,Live,Travel,5410,136,977,37001,575,1.49,75.0660569105691,High,True
POST_00440,Instagram,Carousel,Gaming,5341,227,218,28392,345,4.22,51.915432579890876,Moderate,False
POST_01827,Instagram,Reel,Health,7516,252,298,46532,973,7.1,88.02416212003118,Very High,True
POST_01540,Facebook,Video,Food,4355,170,813,61387,367,2.67,58.8719512195122,Moderate,False
POST_03031,Instagram,Story,Gaming,5902,80,228,13764,597,25.15,58.65159781761496,Moderate,False
POST_04985,Facebook,Story,Gaming,3150,379,36,1826,385,0.86,37.944613821138205,Low,False
POST_01455,Instagram,Photo,Business,77,140,242,9547,963,0.17,65.87685113016369,High,True
POST_02843,YouTube,Short,Business,9545,136,402,980424,3604,2.27,41.17432150313152,Low,False
POST_03596,Facebook,Video,Education,384,203,969,41299,375,1.55,58.546747967479675,Moderate,False
POST_01061,TikTok,Duet,Lifestyle,27373,1799,1560,135223,2507,14.67,60.214379947229546,Moderate,False
POST_04446,YouTube,Live,Education,11590,65,982,444318,3626,6.56,52.390396659707726,Moderate,False
POST_02092,YouTube,Short,Fashion,12046,57,127,46420,155,60.74,13.09498956158664,Low,False
POST_04309,TikTok,Duet,Entertainment,13993,1516,2779,496578,820,5.68,42.77704485488126,Low,False
POST_00304,Facebook,Story,Food,125,386,286,3169,403,0.16,43.125,Low,False
POST_01538,LinkedIn,Document,Technology,1110,56,113,15696,174,0.35,41.86752988047808,Low,False
POST_00848,YouTube,Community Post,Health,18885,294,429,877882,2844,5.37,46.94154488517746,Low,False
POST_03002,TikTok,Duet,Business,30501,773,2329,142702,2551,606.44,59.83179419525065,Moderate,False
POST_02730,Facebook,Story,Entertainment,2587,167,281,31776,139,0.8,27.240853658536583,Low,False
POST_04903,Instagram,Reel,Fitness,4042,455,283,28733,737,1.31,78.34762275915823,Very High,True
POST_04378,TikTok,Stitch,Business,11019,970,3355,450014,645,3.95,39.68337730870712,Low,False
POST_03904,Twitter,Poll,Technology,1790,281,1357,90976,110,0.71,51.1996981891348,Moderate,False
POST_02935,LinkedIn,Article,Travel,824,98,407,12944,166,0.54,63.251992031872504,Moderate,False
POST_01362,Instagram,Reel,Education,8822,313,225,8815,957,1092.18,82.25253312548713,Very High,True
POST_02974,LinkedIn,Document,Sports,276,25,444,12747,159,1.01,54.3227091633466,Moderate,False
POST_00130,Facebook,Video,Entertainment,5607,69,424,45445,639,2.93,56.33384146341462,Moderate,False
POST_01781,Instagram,Photo,Fitness,6608,116,292,6114,109,6.18,51.51013250194856,Moderate,False
POST_02706,TikTok,Stitch,Education,41863,669,2386,345047,1526,16.39,50.58047493403694,Moderate,False
POST_04710,Facebook,Live,Fashion,3108,186,120,65241,30,1.04,17.809959349593495,Low,False
POST_04445,Twitter,Retweet,Business,2149,17,905,83112,215,0.79,37.69114688128773,Low,False
POST_03512,Instagram,Carousel,Technology,1999,85,145,23463,17,0.68,23.326188620420886,Low,False
POST_03424,Instagram,Photo,Education,8935,163,288,7317,272,2.26,60.99571317225254,Moderate,False
POST_04860,TikTok,Duet,Travel,47929,1925,2456,175927,1854,189.55,67.60554089709761,High,True
POST_03701,Facebook,Post,Fitness,6737,21,329,4988,780,579.48,59.072662601626014,Moderate,False
POST_01641,Facebook,Story,Gaming,1572,307,698,78732,331,5.71,53.516260162601625,Moderate,False
POST_03262,Facebook,Video,Travel,457,369,347,40058,103,0.46,31.656504065040647,Low,False
POST_02466,Instagram,Carousel,Entertainment,2937,439,27,15060,455,1.23,36.33476227591582,Low,False
POST_02632,LinkedIn,Document,Health,543,17,213,6279,239,0.84,47.49003984063745,Low,False
POST_02956,LinkedIn,Post,Fitness,1400,7,485,3359,117,6.71,59.38247011952191,Moderate,False
POST_03903,YouTube,Live,Health,16119,863,1139,108620,1402,71.93,55.913361169102295,Moderate,False
POST_01006,LinkedIn,Article,Lifestyle,1843,30,144,17209,187,0.42,48.710159362549796,Low,False
POST_04917,Twitter,Tweet,Travel,3902,153,491,4207,79,1.53,34.19265593561368,Low,False
POST_01283,Facebook,Story,Health,3081,206,116,52324,265,1.05,28.577235772357724,Low,False
POST_04366,LinkedIn,Article,Fitness,1603,143,423,7973,145,0.77,72.68924302788845,High,True
POST_02770,LinkedIn,Document,Health,1340,106,346,5234,125,0.58,58.49601593625498,Moderate,False
POST_00191,Instagram,Carousel,Fitness,9431,297,69,28373,179,15.12,37.52922837100545,Low,False
POST_02765,Instagram,Story,Technology,284,73,99,17883,320,0.15,24.924006235385814,Low,False
POST_00055,Facebook,Video,Gaming,288,309,851,73967,253,2.61,52.67530487804878,Moderate,False
POST_00353,LinkedIn,Article,Food,1357,90,133,9212,34,0.9,31.42430278884462,Low,False
POST_00313,Instagram,Carousel,Gaming,5046,225,118,26169,907,6.93,60.085736554949335,Moderate,False
POST_03593,Facebook,Story,Entertainment,198,70,11,76262,139,0.07,9.63160569105691,Low,False
POST_02162,Facebook,Post,Entertainment,2557,379,771,34543,16,0.88,46.74288617886179,Low,False
POST_04835,Facebook,Live,Sports,2316,194,131,18125,548,0.96,40.16260162601626,Low,False
POST_03461,Twitter,Tweet,Sports,4681,260,355,50179,371,1.14,58.596579476861166,Moderate,False
POST_00704,Instagram,Photo,Gaming,9678,435,64,18254,914,12.12,66.84528448947779,High,True
POST_02295,Instagram,Carousel,Technology,1994,422,55,22751,132,2.12,26.895946999220577,Low,False
POST_00914,Twitter,Poll,Fitness,1108,3,1160,27957,36,0.46,26.169517102615693,Low,False
POST_02516,YouTube,Live,Education,19617,383,323,665990,3831,5.57,52.875782881002074,Moderate,False
POST_01319,Instagram,Photo,Gaming,3781,188,228,28951,557,1.87,57.3012470771629,Moderate,False
POST_00883,Instagram,Photo,Travel,4931,344,262,24564,95,1.48,51.77318784099766,Moderate,False
POST_02831,Facebook,Post,Travel,6636,291,279,78638,48,3.12,35.24136178861789,Low,False
POST_00381,Instagram,Photo,Sports,9647,70,6,28240,874,6.99,47.67731878409977,Low,False
POST_03804,YouTube,Community Post,Technology,2855,625,1121,264367,3362,1.46,55.610647181628394,Moderate,False
POST_01185,Instagram,Photo,Fashion,6106,155,134,40762,194,3.34,36.42439594699921,Low,False
POST_01224,YouTube,Short,Lifestyle,17462,923,1496,812089,795,11.2,59.06576200417535,Moderate,False
POST_01056,Twitter,Retweet,Business,3218,176,1162,55337,397,1.47,66.69265593561369,High,True
POST_03466,LinkedIn,Post,Technology,131,126,355,532,95,0.27,49.35756972111554,Low,False
POST_04582,Twitter,Retweet,Business,2427,270,328,40237,79,1.18,32.21076458752515,Low,False
POST_04326,YouTube,Community Post,Health,3679,603,13,376561,1083,1.51,19.92171189979123,Low,False
POST_02167,Facebook,Post,Fashion,5595,76,100,13260,413,5.99,34.7459349593496,Low,False
POST_00422,TikTok,Video,Food,20754,1932,1428,47903,2338,6.14,56.48746701846965,Moderate,False
POST_02097,Facebook,Story,Technology,4440,306,905,72718,734,1.89,84.1310975609756,Very High,True
POST_03895,LinkedIn,Poll,Travel,560,143,376,5045,64,24.43,52.64940239043825,Moderate,False
POST_04391,Instagram,Story,Technology,5848,250,246,47387,924,15.2,77.26422447388931,Very High,True
POST_03170,Twitter,Thread,Technology,4997,20,114,19936,38,4.74,20.1056338028169,Low,False
POST_03381,Twitter,Poll,Health,1262,161,509,85076,242,1.99,37.72887323943662,Low,False
POST_04886,TikTok,Stitch,Travel,35203,1145,1745,210914,1939,11.1,52.32519788918205,Moderate,False
POST_01717,Instagram,Carousel,Health,8196,69,191,8270,959,2.95,70.26500389711613,High,True
POST_02156,Instagram,Carousel,Sports,3577,263,271,18372,43,10.68,46.53156664068588,Low,False
POST_04933,YouTube,Live,Lifestyle,9554,53,1485,861675,4803,2.86,67.42693110647183,High,True
POST_03882,LinkedIn,Poll,Education,1675,16,15,11891,64,0.74,23.35159362549801,Low,False
POST_01385,LinkedIn,Poll,Entertainment,1542,60,75,20004,275,3.76,54.417330677290835,Moderate,False
POST_01698,Instagram,Carousel,Lifestyle,9689,473,113,6691,444,3.45,57.279812938425565,Moderate,False
POST_04302,YouTube,Live,Fashion,17071,215,1130,281372,66,8.38,36.69102296450939,Low,False
POST_04567,Twitter,Retweet,Gaming,2620,107,590,15907,302,0.69,44.758551307847085,Low,False
POST_03221,Facebook,Video,Lifestyle,4870,211,54,24412,250,2.41,29.4359756097561,Low,False
POST_01570,Facebook,Story,Travel,6526,303,95,37575,421,3.18,44.89075203252032,Low,False
POST_04318,Instagram,Photo,Gaming,3536,103,171,19633,627,2.23,50.615744349181604,Moderate,False
POST_03610,YouTube,Community Post,Fitness,19698,17,1937,45561,2313,36.81,65.68893528183716,High,True
POST_03569,TikTok,Duet,Travel,45574,547,3674,41388,2489,15.46,71.16754617414247,High,True
POST_01081,TikTok,Stitch,Health,14770,1880,4748,462391,624,4.37,57.75065963060686,Moderate,False
POST_01938,TikTok,Video,Fashion,27426,1323,1734,268279,2311,18.29,55.547493403693935,Moderate,False
POST_02627,Instagram,Reel,Lifestyle,7314,51,192,25215,624,1.71,56.843335931410756,Moderate,False
POST_04742,Instagram,Photo,Travel,7844,23,36,49699,754,2.67,42.56625097427903,Low,False
POST_03268,Facebook,Video,Gaming,205,31,681,75845,484,1.48,47.15701219512195,Low,False
POST_04256,LinkedIn,Poll,Fashion,1699,37,206,24167,21,1.94,32.25099601593626,Low,False
POST_02118,Facebook,Post,Food,6226,175,951,76325,386,151.62,68.38922764227642,High,True
POST_03850,Instagram,Story,Education,721,257,90,2130,281,0.27,28.778254091971938,Low,False
POST_03136,Facebook,Post,Food,7304,90,976,3503,378,1.83,67.6930894308943,High,True
POST_04034,YouTube,Video,Business,17443,48,1767,469908,4663,8.92,77.42693110647181,Very High,True
POST_01206,TikTok,Stitch,Travel,34354,595,3318,140542,1573,10.24,54.15567282321899,Moderate,False
POST_04427,Instagram,Carousel,Gaming,8824,259,132,37924,542,5.59,55.51052221356196,Moderate,False
POST_00383,Facebook,Video,Lifestyle,7409,10,163,28715,668,4.23,49.54014227642276,Low,False
POST_04618,TikTok,Duet,Entertainment,38667,891,337,137602,2619,10.37,49.653693931398415,Low,False
POST_01089,YouTube,Community Post,Fitness,12993,71,1978,512844,4091,4.41,73.97703549060542,High,True
POST_00802,Instagram,Photo,Education,2521,319,129,23059,102,4.55,32.7182385035074,Low,False
POST_00153,Instagram,Story,Travel,6391,220,185,12814,175,1.91,44.03936087295401,Low,False
POST_00850,Facebook,Story,Entertainment,5356,176,700,8725,43,2.84,43.59756097560975,Low,False
POST_02558,Twitter,Poll,Travel,2374,239,572,78482,412,43.55,58.39285714285714,Moderate,False
POST_02647,YouTube,Community Post,Gaming,539,989,970,320346,1802,0.74,46.18475991649269,Low,False
POST_04936,Twitter,Retweet,Entertainment,1164,7,1052,66191,381,0.51,48.57142857142856,Low,False
POST_03743,TikTok,Video,Lifestyle,34612,945,2378,374871,1227,443.11,47.34828496042216,Low,False
POST_02180,Facebook,Video,Fashion,3081,168,600,53516,567,2.34,58.231707317073166,Moderate,False
POST_01001,Instagram,Reel,Lifestyle,9355,395,168,11090,78,4.4,48.439204988308646,Low,False
POST_04192,TikTok,Duet,Business,19448,771,3333,380503,2977,27.42,69.17875989445909,High,True
POST_02553,TikTok,Stitch,Fitness,27616,1305,74,473668,2960,6.12,52.833113456464375,Moderate,False
POST_00283,Twitter,Poll,Education,2080,36,563,75965,416,1.18,47.23340040241448,Low,False
POST_00485,Facebook,Video,Entertainment,621,143,478,22334,70,0.37,26.034044715447152,Low,False
POST_04775,Twitter,Tweet,Entertainment,244,36,1898,95395,228,3.23,51.03118712273642,Moderate,False
POST_02040,Twitter,Poll,Technology,3112,183,1347,26757,463,3.14,75.135814889336,High,True
POST_04555,Facebook,Video,Health,2208,11,728,7577,121,0.63,35.142276422764226,Low,False
POST_00864,Twitter,Retweet,Gaming,25,192,152,16065,483,0.09,46.24748490945674,Low,False
POST_00079,Twitter,Retweet,Gaming,2130,291,1133,68396,19,1.02,42.331488933601605,Low,False
POST_04441,TikTok,Stitch,Travel,27559,851,2934,250108,1722,22.84,53.594986807387855,Moderate,False
POST_04631,Instagram,Reel,Gaming,2361,210,19,42847,772,2.15,38.82501948558066,Low,False
POST_03129,YouTube,Video,Entertainment,19753,146,411,562023,842,167.95,31.41440501043841,Low,False
POST_04977,Instagram,Photo,Entertainment,8801,352,273,4514,616,44.47,77.37724084177708,Very High,True
POST_00797,YouTube,Live,Health,6715,203,1797,395289,1185,2.38,47.84446764091857,Low,False
POST_04475,LinkedIn,Poll,Technology,1980,125,17,25113,247,0.71,57.44023904382469,Moderate,False
POST_01655,Instagram,Reel,Technology,992,108,159,20193,312,0.41,33.50935307872175,Low,False
POST_00740,Twitter,Tweet,Travel,4733,190,1304,4145,14,1.86,47.47233400402414,Low,False
POST_00033,Instagram,Reel,Gaming,6401,261,206,4338,959,3.8,74.96297739672642,High,True
POST_04768,Instagram,Photo,Technology,1470,42,174,25180,561,0.47,42.96570537802026,Low,False
POST_00596,Facebook,Video,Health,1650,282,249,38987,369,0.61,38.62804878048781,Low,False
POST_02820,Twitter,Retweet,Fitness,1011,186,1419,18830,338,0.72,61.35311871227365,Moderate,False
POST_00515,Instagram,Reel,Fitness,4292,378,177,1939,696,2.61,63.1605611847233,Moderate,False
POST_03011,Facebook,Post,Lifestyle,3203,326,297,38772,208,1.45,37.84044715447154,Low,False
POST_01373,TikTok,Stitch,Gaming,48254,720,1415,209674,1170,987.63,42.00197889182058,Low,False
POST_00358,Facebook,Post,Technology,4503,177,967,42235,273,3.93,60.64532520325203,Moderate,False
POST_00223,Instagram,Story,Education,7791,50,88,30806,816,2.42,51.98168355416991,Moderate,False
POST_01879,Twitter,Retweet,Sports,867,233,700,15694,279,0.89,45.794768611670015,Low,False
POST_01273,TikTok,Duet,Education,29494,1808,3423,235611,136,9.16,46.952506596306065,Low,False
POST_03638,Instagram,Carousel,Gaming,8283,293,124,16910,471,1.92,52.38698363211224,Moderate,False
POST_03889,Facebook,Video,Gaming,4502,222,902,70295,704,4.62,79.62906504065039,Very High,True
POST_00982,TikTok,Video,Technology,44944,537,2563,295846,211,15.2,36.79749340369393,Low,False
POST_00828,Twitter,Tweet,Fashion,506,267,1689,24798,258,0.87,62.02967806841046,Moderate,False
POST_01571,Facebook,Video,Sports,4827,75,689,77297,305,1.16,49.194613821138205,Low,False
POST_04610,Twitter,Poll,Lifestyle,468,175,1702,43942,136,2.36,49.07193158953722,Low,False
POST_00926,Instagram,Carousel,Gaming,7568,447,156,20739,515,3.66,60.796960249415434,Moderate,False
POST_02552,Instagram,Carousel,Fashion,6764,189,45,36519,85,3.59,24.514809041309434,Low,False
POST_00146,Instagram,Story,Gaming,2230,429,297,38421,901,0.79,82.34801247077164,Very High,True
POST_04998,Twitter,Thread,Business,2775,15,465,46272,209,0.91,31.504024144869213,Low,False
POST_01232,Instagram,Carousel,Lifestyle,1284,453,162,18478,123,0.48,38.828916601714724,Low,False
POST_04069,LinkedIn,Post,Food,1440,21,104,20364,41,7.32,24.541832669322705,Low,False
POST_03227,Instagram,Carousel,Gaming,2705,198,297,33419,955,0.72,78.12353858144972,Very High,True
POST_02229,Twitter,Thread,Food,1318,142,1972,16615,374,0.79,71.92907444668008,High,True
POST_00904,Facebook,Video,Lifestyle,1130,80,617,16597,439,0.51,46.521849593495936,Low,False
POST_02723,TikTok,Duet,Business,2367,172,990,46607,2666,2.51,39.12269129287599,Low,False
POST_03053,Twitter,Thread,Gaming,3353,182,434,63970,70,2.27,31.888832997987926,Low,False
POST_02267,Facebook,Live,Food,7816,107,75,70350,91,1.86,25.210873983739834,Low,False
POST_02532,TikTok,Video,Fashion,22201,1209,3154,7598,2235,6.03,62.64182058047494,Moderate,False
POST_02317,Twitter,Poll,Fashion,2712,126,1593,29247,102,8.87,49.87424547283702,Low,False
POST_01549,Instagram,Carousel,Fitness,3563,40,3,11634,370,1.83,19.02182385035074,Low,False
POST_02263,TikTok,Stitch,Sports,19675,1761,3227,183803,2670,30.08,72.05145118733509,High,True
POST_01563,TikTok,Duet,Technology,47953,1197,4568,271336,2406,11.45,82.82981530343008,Very High,True
POST_01596,Facebook,Video,Travel,109,53,462,13701,183,0.27,26.333841463414632,Low,False
POST_01164,LinkedIn,Document,Entertainment,159,121,179,23840,124,1.36,40.463147410358566,Low,False
POST_01515,Instagram,Story,Lifestyle,2404,204,227,47788,973,0.69,70.12665627435698,High,True
POST_02057,Facebook,Post,Business,256,275,942,10914,93,0.65,48.231707317073166,Low,False
POST_03325,TikTok,Duet,Food,5556,1375,3381,25563,1190,2.55,48.733509234828496,Low,False
POST_03349,Twitter,Tweet,Business,4636,14,1947,49544,397,1.48,75.93812877263582,High,True
POST_00846,Twitter,Tweet,Health,3541,220,1653,67836,456,11.05,83.33501006036217,Very High,True
POST_02114,TikTok,Video,Sports,33408,1449,2442,292010,2140,7.66,62.0910290237467,Moderate,False
POST_01406,Facebook,Story,Gaming,6562,27,828,43416,609,2.49,68.93038617886178,High,True
POST_02840,Twitter,Thread,Education,1048,15,284,19930,328,0.51,31.45372233400402,Low,False
POST_03928,LinkedIn,Document,Gaming,186,19,323,23445,252,0.11,54.59661354581673,Moderate,False
POST_04663,Facebook,Live,Gaming,3038,330,250,53614,633,0.88,55.002540650406495,Moderate,False
POST_00302,Facebook,Story,Business,5097,38,421,58292,34,1.39,26.994410569105693,Low,False
POST_04541,Instagram,Carousel,Gaming,5360,51,252,30189,784,3.34,65.76383476227592,High,True
POST_02015,Facebook,Story,Technology,2905,62,481,28035,8,1.9,24.40294715447154,Low,False
POST_02409,YouTube,Video,Travel,13910,633,1292,467401,1307,3.72,52.792275574112736,Moderate,False
POST_02741,Twitter,Thread,Lifestyle,2693,82,354,62068,34,1.08,21.028672032193157,Low,False
POST_02732,Facebook,Story,Technology,716,211,720,32542,526,0.47,58.27489837398374,Moderate,False
POST_03571,Twitter,Tweet,Fitness,4357,201,1747,80066,309,2.8,75.16096579476861,High,True
POST_02996,TikTok,Stitch,Education,25359,1686,663,185702,2810,6.67,56.711741424802106,Moderate,False
POST_02488,TikTok,Video,Gaming,31312,979,122,219075,1159,166.53,29.940633245382585,Low,False
POST_01121,TikTok,Stitch,Travel,40482,1570,3735,468026,444,36.12,53.7631926121372,Moderate,False
POST_02567,Instagram,Photo,Fitness,7713,464,285,13646,415,4.83,72.64809041309431,High,True
POST_03300,TikTok,Duet,Sports,42224,1981,3547,169139,2436,11.5,79.44261213720316,Very High,True
POST_00452,Facebook,Video,Fitness,1810,381,872,42992,435,7.04,67.16209349593495,High,True
POST_01794,LinkedIn,Post,Business,683,145,147,15940,47,0.34,35.069721115537845,Low,False
POST_02284,Instagram,Story,Technology,4295,18,30,23491,249,16.54,18.193686671862817,Low,False
POST_04528,YouTube,Live,Travel,12118,720,1244,684233,2799,4.01,61.93110647181628,Moderate,False
POST_03438,Facebook,Post,Gaming,6746,394,874,45355,554,9.04,82.47205284552845,Very High,True
POST_00635,Instagram,Reel,Education,6387,161,155,26214,405,4.35,46.504286827747464,Low,False
POST_04491,Twitter,Thread,Business,3509,138,1656,23878,165,1.26,58.08350100603621,Moderate,False
POST_04904,Twitter,Poll,Business,3537,222,1649,51091,347,2.53,75.40995975855131,High,True
POST_04071,Twitter,Tweet,Travel,1602,196,107,85295,175,0.56,28.31237424547284,Low,False
POST_02949,Twitter,Poll,Gaming,1459,146,449,67153,329,4.89,42.66851106639839,Low,False
POST_01994,Instagram,Reel,Education,3905,54,157,14135,357,1.71,37.93647700701481,Low,False
POST_03102,LinkedIn,Document,Lifestyle,1502,92,270,6677,170,3.46,58.70019920318725,Moderate,False
POST_01171,Facebook,Post,Gaming,3257,396,305,65120,74,2.61,34.94156504065041,Low,False
POST_03759,Twitter,Thread,Food,4846,90,1513,21494,250,2.48,62.849597585513074,Moderate,False
POST_03677,Instagram,Carousel,Sports,9146,440,59,27865,117,3.5,37.99103663289165,Low,False
POST_00919,TikTok,Stitch,Gaming,37246,1137,4476,295449,1108,10.68,62.53957783641161,Moderate,False
POST_01869,Instagram,Carousel,Entertainment,9377,365,91,29400,159,29.5,41.66406858924396,Low,False
POST_04790,Twitter,Tweet,Health,1697,84,1417,23114,285,3.98,54.60261569416499,Moderate,False
POST_01740,Twitter,Poll,Health,4507,207,389,14570,441,1.56,61.32545271629779,Moderate,False
POST_01635,YouTube,Community Post,Business,3136,751,1245,617225,3343,3.92,59.650313152400834,Moderate,False
POST_03055,LinkedIn,Document,Entertainment,44,45,151,21470,72,0.07,24.257968127490038,Low,False
POST_03075,Facebook,Live,Entertainment,4131,286,199,79148,70,1.08,28.460365853658537,Low,False
POST_01202,Instagram,Reel,Education,2482,375,233,26034,834,0.87,71.25487139516757,High,True
POST_03908,Twitter,Poll,Fashion,4367,268,871,95416,447,1.36,72.58299798792756,High,True
POST_03898,TikTok,Duet,Fitness,1245,1286,1495,131803,2971,0.99,54.74604221635884,Moderate,False
POST_01966,Facebook,Post,Health,2891,155,750,3777,613,1.2,64.71798780487805,High,True
POST_00139,Twitter,Tweet,Sports,834,280,1657,44625,423,4.62,75.19617706237423,High,True
POST_03278,Facebook,Video,Education,7433,44,164,35282,132,90.04,27.037601626016254,Low,False
POST_00594,Twitter,Tweet,Gaming,4012,160,269,41403,206,0.96,38.99647887323944,Low,False
POST_02612,Instagram,Story,Health,1339,56,144,42103,867,0.34,50.656664068589244,Moderate,False
POST_04413,LinkedIn,Poll,Technology,1509,22,94,19890,39,1.15,24.29780876494024,Low,False
POST_00744,Facebook,Live,Gaming,925,141,568,55600,684,0.37,57.14176829268291,Moderate,False
POST_03514,TikTok,Duet,Sports,10761,1849,2533,211930,2664,5.91,65.70910290237467,High,True
POST_02324,Twitter,Poll,Fashion,554,62,1384,83565,28,1.22,30.72434607645875,Low,False
POST_02717,Facebook,Post,Fitness,4790,346,334,37601,359,1.69,49.64939024390243,Low,False
POST_03603,Instagram,Carousel,Fashion,2056,98,101,37136,470,1.3,34.09392049883087,Low,False
POST_04131,Twitter,Tweet,Business,2232,213,824,59954,96,1.13,39.019114688128774,Low,False
POST_01705,Twitter,Poll,Lifestyle,2210,206,645,45789,42,0.69,31.42102615694165,Low,False
POST_04869,Facebook,Video,Education,7767,298,245,5752,294,3.71,47.22306910569105,Low,False
POST_00893,TikTok,Video,Lifestyle,4644,752,2368,437834,356,3.79,26.121372031662265,Low,False
POST_00446,YouTube,Short,Fitness,7276,891,402,649843,3210,2.32,48.6482254697286,Low,False
POST_02836,YouTube,Video,Technology,12769,278,360,443501,658,3.68,25.735908141962415,Low,False
POST_04245,Twitter,Poll,Business,941,22,749,72063,491,0.59,50.96830985915493,Moderate,False
POST_04670,LinkedIn,Poll,Sports,1581,58,170,19451,90,0.4,39.40239043824701,Low,False
POST_04792,YouTube,Live,Fitness,11313,902,893,179953,4607,3.14,69.60334029227558,High,True
POST_00654,LinkedIn,Article,Sports,1945,122,231,9774,100,0.57,54.8605577689243,Moderate,False
POST_03342,Facebook,Story,Travel,4996,249,179,55955,499,5.59,47.172256097560975,Low,False
POST_03748,Twitter,Tweet,Fashion,3121,96,1848,62495,14,2.12,47.454728370221325,Low,False
POST_02362,Twitter,Poll,Sports,4697,221,1259,40713,311,1.5,69.02414486921529,High,True
POST_02416,YouTube,Short,Travel,13855,557,1886,652387,2124,31.18,67.85490605427974,High,True
POST_02524,Twitter,Thread,Sports,4248,208,55,34159,188,2.43,36.989436619718305,Low,False
POST_03305,Instagram,Photo,Food,3416,337,92,41574,168,1.85,32.49025720966484,Low,False
POST_01950,Twitter,Retweet,Lifestyle,404,296,1243,81857,207,0.88,51.70020120724346,Moderate,False
POST_02043,Facebook,Live,Health,254,387,647,50762,616,0.32,65.09400406504065,High,True
POST_04122,Facebook,Post,Gaming,4406,259,98,78338,369,5.01,37.00457317073171,Low,False
POST_03434,Twitter,Tweet,Gaming,3487,73,322,62314,87,1.54,26.033702213279675,Low,False
POST_03877,Instagram,Reel,Business,7680,456,40,45649,531,1.98,48.35736554949337,Low,False
POST_03580,Facebook,Live,Fashion,7192,280,861,65786,574,6.33,79.6900406504065,Very High,True
POST_02988,Facebook,Post,Entertainment,6258,274,594,77391,774,1.99,76.7479674796748,Very High,True
POST_00450,Instagram,Photo,Technology,2387,317,118,24046,641,0.81,49.88698363211223,Low,False
POST_01761,Facebook,Post,Sports,5916,280,137,46605,534,5.06,50.09400406504064,Moderate,False
POST_01640,YouTube,Short,Travel,9057,283,292,221638,1022,6.81,23.590814196242167,Low,False
POST_00052,TikTok,Stitch,Sports,2519,1606,3515,415356,2574,6.27,66.6325857519789,High,True
POST_02982,Instagram,Story,Education,6383,254,80,35911,181,1.72,33.168355416991425,Low,False
POST_00655,Twitter,Poll,Entertainment,1305,137,1890,38830,415,2.02,72.88983903420522,High,True
POST_02674,Instagram,Carousel,Lifestyle,4779,139,141,24913,674,1.63,51.67186282151208,Moderate,False
POST_03693,TikTok,Stitch,Education,12835,195,1672,192577,1347,6.81,31.151055408970972,Low,False
POST_00857,Instagram,Reel,Sports,8188,391,290,8663,972,2.02,92.0713172252533,Very High,True
POST_00492,Facebook,Post,Fitness,3069,58,795,73776,471,0.86,56.68699186991869,Moderate,False
POST_03700,Twitter,Tweet,Fitness,947,65,1779,5555,20,1.94,38.19668008048289,Low,False
POST_04077,Twitter,Retweet,Health,787,135,1060,5121,403,2.31,55.62122736418511,Moderate,False
POST_02622,TikTok,Video,Travel,17665,683,2085,388703,2658,5.78,54.940633245382585,Moderate,False
POST_02252,YouTube,Live,Education,1004,419,916,817773,1369,1.18,32.854906054279745,Low,False
POST_04621,TikTok,Stitch,Fashion,16685,102,1692,112552,468,4.57,20.814643799472297,Low,False
POST_02833,Instagram,Story,Travel,8007,431,161,41856,943,3.02,77.00506625097428,Very High,True
POST_02093,Instagram,Reel,Sports,9342,340,46,20997,876,4.23,60.257209664848,Moderate,False
POST_02645,Instagram,Story,Fitness,3763,473,28,43160,464,69.46,39.01792673421668,Low,False
POST_04420,Instagram,Carousel,Education,134,480,217,15873,46,0.35,41.47116134060795,Low,False
POST_03641,Instagram,Story,Sports,2948,448,84,18442,532,5.38,46.63094310210444,Low,False
POST_01116,Facebook,Video,Travel,4193,248,393,6569,315,2.21,44.2505081300813,Low,False
POST_02245,TikTok,Duet,Health,4954,1549,1919,265956,2994,4.17,60.689313984168855,Moderate,False
POST_01522,YouTube,Video,Gaming,19382,664,1111,612692,1057,16.5,52.390396659707726,Moderate,False
POST_02264,Twitter,Poll,Fitness,2596,35,536,60337,166,0.66,30.623742454728365,Low,False
POST_04908,Instagram,Story,Sports,4354,205,138,15400,865,1.02,59.277084957131706,Moderate,False
POST_04487,Instagram,Story,Travel,7595,229,183,10012,825,10.37,68.43920498830865,High,True
POST_03941,TikTok,Stitch,Lifestyle,48497,1368,3676,447675,1500,39.49,67.22625329815304,High,True
POST_04930,YouTube,Video,Technology,15935,994,222,264545,1832,3.63,44.37369519832985,Low,False
POST_00453,Twitter,Poll,Fitness,412,110,1917,3395,54,3.11,44.08953722334004,Low,False
POST_04137,LinkedIn,Post,Business,1671,7,420,21359,118,1.08,56.643426294820706,Moderate,False
POST_04959,Instagram,Reel,Education,6015,110,285,29195,528,2.81,63.71395167575994,Moderate,False
POST_03806,YouTube,Short,Lifestyle,6111,225,672,652336,3972,1.58,48.559498956158656,Low,False
POST_01330,Facebook,Story,Gaming,6924,310,550,68775,644,18.67,72.34247967479675,High,True
POST_03014,Twitter,Poll,Entertainment,3563,70,1051,85727,490,3.72,66.90643863179075,High,True
POST_02459,Facebook,Story,Health,1948,67,646,67024,797,5.77,63.72967479674796,Moderate,False
POST_02653,Twitter,Thread,Sports,786,144,619,33162,497,0.68,55.228873239436616,Moderate,False
POST_04606,TikTok,Duet,Health,23279,860,4667,254750,2171,21.04,70.47823218997361,High,True
POST_00603,Instagram,Photo,Fashion,4587,137,156,17935,803,7.93,57.37724084177708,Moderate,False
POST_00643,Instagram,Photo,Technology,7458,422,211,2159,607,2.12,69.92010911925175,High,True
POST_04544,Twitter,Poll,Travel,3677,252,740,73750,421,1.38,66.09909456740442,High,True
POST_01874,TikTok,Duet,Entertainment,36683,633,597,347709,472,618.08,22.80013192612137,Low,False
POST_02428,YouTube,Short,Fashion,19911,440,1048,876792,4678,11.76,73.83089770354904,High,True
POST_04870,TikTok,Duet,Fashion,40710,35,4567,138225,289,32.63,46.39841688654353,Low,False
POST_00218,LinkedIn,Article,Health,799,18,195,17055,269,0.28,52.231075697211146,Moderate,False
POST_01884,TikTok,Video,Gaming,48325,594,1768,330764,2254,10.92,55.65303430079156,Moderate,False
POST_04421,Instagram,Story,Technology,7244,156,65,45625,163,3.07,28.949727201870612,Low,False
POST_01935,LinkedIn,Poll,Food,1889,141,86,10409,132,0.88,50.18426294820717,Moderate,False
POST_00456,Facebook,Video,Technology,1595,86,170,4896,768,1.15,45.89176829268292,Low,False
POST_04537,Twitter,Tweet,Gaming,825,182,887,2921,369,1.61,52.527665995975845,Moderate,False
POST_01175,Facebook,Post,Fitness,5309,72,629,59700,142,1.57,41.257621951219505,Low,False
POST_00155,YouTube,Short,Entertainment,5105,507,1878,762447,1969,2.04,58.977035490605424,Moderate,False
POST_01739,Twitter,Retweet,Entertainment,3946,136,1111,99694,51,1.13,41.614688128772634,Low,False
POST_03327,TikTok,Video,Education,29672,1135,676,171343,708,200.22,28.021108179419524,Low,False
POST_01683,Facebook,Story,Lifestyle,7309,17,416,38289,259,2.32,39.73069105691057,Low,False
POST_03687,YouTube,Live,Gaming,13093,57,271,45560,2953,9.35,36.13256784968684,Low,False
POST_00844,YouTube,Community Post,Travel,19776,361,536,86745,4613,5.35,62.64091858037578,Moderate,False
POST_01338,LinkedIn,Document,Technology,1823,32,124,10249,159,1.23,44.427290836653384,Low,False
POST_02774,Facebook,Story,Technology,834,54,756,10405,364,0.45,46.17632113821137,Low,False
POST_02154,TikTok,Stitch,Travel,43738,160,354,249987,1992,18.57,39.37994722955145,Low,False
POST_04246,YouTube,Live,Fitness,11841,420,1305,520372,2739,8.47,57.776617954070986,Moderate,False
POST_04685,TikTok,Stitch,Technology,9121,1020,869,108638,2830,3.86,48.364116094986805,Low,False
POST_03181,Instagram,Carousel,Sports,4327,455,98,13350,323,1.93,42.6344505066251,Low,False
POST_04892,Instagram,Story,Gaming,7989,174,99,11932,969,2.24,63.098207326578326,Moderate,False
POST_03164,Facebook,Post,Lifestyle,7804,66,250,51564,484,10.15,47.845528455284544,Low,False
POST_03796,LinkedIn,Post,Entertainment,1577,62,430,2743,34,0.48,51.34462151394422,Moderate,False
POST_02296,Instagram,Photo,Entertainment,7783,220,198,11290,975,16.62,75.65081839438815,High,True
POST_01460,LinkedIn,Post,Technology,1595,93,381,25897,224,24.18,72.93824701195219,High,True
POST_01141,TikTok,Video,Food,10406,551,2163,435294,2291,2.68,47.434036939313984,Low,False
POST_02853,Instagram,Photo,Lifestyle,619,336,58,16586,840,0.29,46.91348402182385,Low,False
POST_02662,TikTok,Stitch,Travel,10896,720,4084,449194,1314,66.52,51.51055408970976,Moderate,False
POST_01863,Instagram,Carousel,Travel,101,116,296,20535,198,0.11,44.85580670303975,Low,False
POST_00794,Facebook,Story,Entertainment,2374,110,859,3207,124,2.78,43.513719512195124,Low,False
POST_02322,LinkedIn,Article,Lifestyle,1083,4,120,16359,168,1.91,36.329681274900395,Low,False
POST_02549,Twitter,Poll,Business,2055,293,1082,84552,453,2.58,71.85362173038229,High,True
POST_01613,Facebook,Video,Health,664,334,255,20066,137,0.54,28.864329268292682,Low,False
POST_03845,Instagram,Photo,Gaming,8337,25,261,15420,257,3.41,51.62899454403741,Moderate,False
POST_02382,TikTok,Video,Lifestyle,27535,102,1467,181246,2082,8.0,42.401055408970976,Low,False
POST_03348,Instagram,Story,Entertainment,5422,362,59,45474,408,1.18,39.92790335151988,Low,False
POST_04915,Instagram,Photo,Lifestyle,2852,161,266,47860,985,0.68,74.74473889321902,High,True
POST_01393,Instagram,Story,Entertainment,2441,120,137,25352,998,0.79,58.72369446609509,Moderate,False
POST_03022,Twitter,Tweet,Education,3107,175,703,20237,229,0.88,46.327967806841045,Low,False
POST_01120,Instagram,Photo,Travel,9595,53,115,40885,616,6.02,51.151597817614956,Moderate,False
POST_00856,Instagram,Story,Entertainment,5687,487,208,11408,588,1.44,67.71239282930631,High,True
POST_02405,LinkedIn,Article,Lifestyle,1822,21,73,5748,190,0.58,42.93326693227091,Low,False
POST_03183,Twitter,Thread,Sports,1896,79,974,87708,203,0.78,40.23893360160965,Low,False
POST_00001,Twitter,Tweet,Food,3457,95,1401,93498,441,20.44,71.04879275653924,High,True
POST_00475,Facebook,Video,Gaming,5196,81,426,24237,137,1.29,33.795731707317074,Low,False
POST_01560,YouTube,Live,Business,16821,296,1920,280360,269,5.57,52.93319415448852,Moderate,False
POST_00066,Facebook,Live,Sports,6777,319,402,36161,83,5.54,42.37042682926829,Low,False
POST_00537,TikTok,Video,Technology,31440,647,1795,147645,979,8.93,36.63258575197889,Low,False
POST_03399,Instagram,Story,Health,7653,210,234,21033,589,7.33,65.46375681995323,High,True
POST_01577,Instagram,Carousel,Lifestyle,5049,247,36,25912,903,3.27,50.70927513639907,Moderate,False
POST_02911,Instagram,Carousel,Education,8210,64,250,48593,178,2.95,49.33749025720966,Low,False
POST_04431,LinkedIn,Document,Technology,1801,76,272,5800,136,1.46,56.11055776892431,Moderate,False
POST_04814,Facebook,Video,Business,4781,44,740,76115,428,5.5,55.74186991869918,Moderate,False
POST_02663,Instagram,Carousel,Lifestyle,4497,48,81,49789,672,1.03,41.25487139516757,Low,False
POST_03922,Twitter,Tweet,Food,2047,133,476,94962,138,0.99,30.978370221327967,Low,False
POST_02977,TikTok,Duet,Fitness,14087,773,3388,194313,1002,204.37,44.62401055408971,Low,False
POST_01779,Twitter,Tweet,Fashion,1193,46,1530,50993,193,1.28,45.6463782696177,Low,False
POST_01405,LinkedIn,Poll,Food,1376,120,138,24863,299,0.64,66.11553784860558,High,True
POST_03418,LinkedIn,Post,Lifestyle,1956,63,83,4269,12,0.59,27.026892430278888,Low,False
POST_03666,Twitter,Thread,Food,2643,61,735,26236,274,1.56,42.837022132796776,Low,False
POST_02391,Twitter,Tweet,Education,2048,91,1766,19313,155,40.46,52.555331991951704,Moderate,False
POST_00060,Twitter,Thread,Lifestyle,2448,58,1305,89913,103,0.86,40.78722334004024,Low,False
POST_02034,YouTube,Video,Lifestyle,13046,969,1295,48830,1622,6.73,59.812108559498945,Moderate,False
POST_00186,LinkedIn,Document,Lifestyle,1649,34,237,21442,232,2.45,58.21713147410359,Moderate,False
POST_00853,Instagram,Reel,Health,3374,146,144,40886,792,1.53,54.15237724084177,Moderate,False
POST_03860,TikTok,Stitch,Business,38879,1978,3242,172990,1521,22.13,65.14841688654354,High,True
POST_04722,Instagram,Story,Lifestyle,1982,428,32,22296,182,0.51,25.72681215900234,Low,False
POST_02452,YouTube,Live,Travel,14152,842,576,164754,1041,9.51,41.95720250521921,Low,False
POST_00858,Facebook,Live,Fashion,994,142,957,72779,20,1.97,41.323678861788615,Low,False
POST_04737,Facebook,Video,Health,7874,31,471,30220,301,1.86,45.203252032520325,Low,False
POST_02803,YouTube,Short,Fitness,15433,65,1856,903844,2292,3.65,61.81628392484342,Moderate,False
POST_01617,YouTube,Video,Food,10312,810,181,251690,2385,7.07,40.33402922755741,Low,False
POST_04804,Instagram,Reel,Education,5620,8,263,33596,803,4.08,66.81605611847232,High,True
POST_01108,TikTok,Duet,Gaming,3843,1025,538,283796,687,26.83,18.367414248021106,Low,False
POST_02905,Facebook,Story,Business,6424,205,820,48078,354,7.05,63.50863821138212,Moderate,False
POST_00764,LinkedIn,Document,Technology,1369,67,195,11047,137,1.39,46.125498007968126,Low,False
POST_01701,YouTube,Community Post,Fashion,3013,805,177,659402,3054,0.84,39.06576200417536,Low,False
POST_01854,TikTok,Stitch,Sports,24790,1449,1810,300906,272,26.89,32.58575197889182,Low,False
POST_00267,LinkedIn,Poll,Travel,1122,47,261,13527,184,0.85,52.28585657370517,Moderate,False
POST_01521,Instagram,Story,Fitness,2007,465,122,4941,733,1.5,56.981683554169905,Moderate,False
POST_04489,TikTok,Video,Food,36233,1273,2415,287764,253,15.21,38.970976253298154,Low,False
POST_00595,TikTok,Duet,Health,12296,164,3388,22279,1571,5.94,45.92348284960423,Low,False
POST_04639,TikTok,Video,Fashion,43324,999,2442,308139,825,13.03,45.778364116094984,Low,False
POST_04547,Instagram,Story,Travel,598,429,98,34163,531,0.9,43.5385814497272,Low,False
POST_04796,Twitter,Poll,Technology,618,33,263,87491,328,0.19,30.505533199195167,Low,False
POST_03999,Facebook,Video,Lifestyle,2407,181,137,74101,464,0.57,36.443089430894304,Low,False
POST_03088,Instagram,Reel,Sports,8991,236,93,30198,488,4.99,48.573655494933746,Low,False
POST_03996,Twitter,Thread,Education,935,298,1622,14669,152,2.44,56.50150905432595,Moderate,False
POST_03757,Instagram,Photo,Fitness,3448,422,84,11015,379,10.3,40.91777084957131,Low,False
POST_00646,TikTok,Stitch,Sports,13223,289,3831,477099,2654,7.9,63.562005277044854,Moderate,False
POST_00533,YouTube,Live,Gaming,1936,332,564,905890,4417,4.37,47.54175365344467,Low,False
POST_00800,YouTube,Live,Health,6370,374,556,486910,1149,16.91,28.731732776617957,Low,False
POST_02367,Instagram,Reel,Technology,7577,69,2,12518,990,4.36,48.413873733437256,Low,False
POST_04634,TikTok,Duet,Entertainment,33505,967,4294,326967,574,14.25,51.52374670184696,Moderate,False
POST_02272,Twitter,Tweet,Education,3442,63,1170,64305,226,6.13,49.92454728370221,Moderate,False
POST_04963,Twitter,Poll,Entertainment,1048,208,639,15150,349,0.56,49.15995975855131,Low,False
POST_03972,Facebook,Video,Entertainment,3726,273,711,57772,643,2.16,71.02388211382113,High,True
POST_03395,YouTube,Live,Business,991,593,580,731433,437,0.53,24.467640918580376,Low,False
POST_01233,Instagram,Reel,Lifestyle,2002,164,221,9048,178,1.05,39.844115354637566,Low,False
POST_04877,Facebook,Post,Fashion,6178,141,218,39359,146,1.36,30.98831300813008,Low,False
POST_03821,Twitter,Poll,Lifestyle,1973,188,1171,31545,362,1.02,61.579476861167,Moderate,False
POST_03753,Twitter,Tweet,Technology,1193,42,1379,37979,124,0.63,38.65191146881288,Low,False
POST_02313,Facebook,Live,Entertainment,7598,361,896,14560,642,2.48,88.0564024390244,Very High,True
POST_01030,TikTok,Duet,Travel,20549,1047,265,15426,915,13.58,25.072559366754614,Low,False
POST_02587,Instagram,Reel,Education,6182,177,231,6622,252,2.07,49.686282151208104,Low,False
POST_01505,Twitter,Retweet,Entertainment,4669,152,1624,22637,313,3.36,72.06740442655935,High,True
POST_02013,YouTube,Short,Education,1412,930,1433,576883,2597,0.91,58.68475991649269,Moderate,False
POST_00319,Instagram,Carousel,Travel,6027,160,54,11181,850,2.07,49.83437256430241,Low,False
POST_03365,YouTube,Short,Gaming,9436,338,433,975132,2830,10.73,40.0,Low,False
POST_03541,Instagram,Carousel,Health,3031,473,257,5596,648,3.5,71.27825409197193,High,True
POST_01708,Instagram,Photo,Business,2068,448,244,16415,527,1.07,63.20148090413093,Moderate,False
POST_03118,Instagram,Photo,Education,8193,355,72,46390,422,2.13,46.15939204988309,Low,False
POST_02800,Instagram,Story,Gaming,8361,278,141,26396,864,1.79,67.99298519095869,High,True
POST_03041,Instagram,Photo,Entertainment,2659,139,147,19110,273,1.22,34.94738893219018,Low,False
POST_00372,Instagram,Story,Business,1803,352,78,3775,565,1.25,42.67537022603273,Low,False
POST_04628,Facebook,Story,Gaming,3291,236,19,53763,287,4.9,27.690548780487806,Low,False
POST_02006,TikTok,Duet,Sports,42944,1043,767,46423,803,12.83,33.235488126649074,Low,False
POST_01936,TikTok,Duet,Fitness,25968,560,3457,108018,2445,24.43,63.25527704485487,Moderate,False
POST_03601,Instagram,Carousel,Fashion,5884,326,33,9193,412,8.86,36.52961808261886,Low,False
POST_02889,TikTok,Video,Fashion,17719,1929,1991,62477,2962,149.11,67.89577836411608,High,True
POST_01963,TikTok,Stitch,Sports,14432,1657,4452,486311,2044,5.34,70.8278364116095,High,True
POST_03578,Facebook,Video,Health,3832,221,370,60147,265,2.95,39.66463414634146,Low,False
POST_03423,TikTok,Stitch,Education,24800,321,794,216945,2970,9.67,49.59432717678101,Low,False
POST_01356,TikTok,Video,Technology,42653,1978,2945,8625,1423,12.24,63.16952506596307,Moderate,False
POST_02069,Instagram,Carousel,Technology,1107,92,147,27139,754,0.53,47.82930631332813,Low,False
POST_02513,Twitter,Retweet,Gaming,1899,86,625,24082,392,3.62,48.30482897384306,Low,False
POST_03679,TikTok,Duet,Food,41324,1783,2817,458680,726,10.85,51.863456464379944,Moderate,False
POST_00518,TikTok,Stitch,Entertainment,47071,794,939,176960,867,13.06,34.64379947229551,Low,False
POST_04854,Twitter,Thread,Gaming,2216,76,1846,70543,72,1.59,47.86217303822937,Low,False
POST_02259,Twitter,Poll,Technology,195,55,1174,81642,156,0.63,34.50201207243461,Low,False
POST_03827,Facebook,Video,Education,2177,131,922,27642,484,1.6,62.713414634146346,Moderate,False
POST_01138,Facebook,Live,Fitness,4605,353,463,16866,633,1.21,66.22967479674796,High,True
POST_02752,LinkedIn,Document,Fitness,1398,42,266,860,138,1.03,49.49701195219124,Low,False
POST_00447,YouTube,Live,Business,18880,838,340,864498,3611,5.23,58.00626304801669,Moderate,False
POST_01908,Twitter,Poll,Food,2202,143,1282,31255,259,5.38,54.783702213279675,Moderate,False
POST_01352,Facebook,Video,Entertainment,3816,26,359,61686,112,4.31,25.335365853658537,Low,False
POST_02559,Instagram,Carousel,Sports,7185,38,131,17013,403,27.39,40.64302416212003,Low,False
POST_01411,Instagram,Story,Technology,9087,57,63,24074,53,11.2,24.4680436477007,Low,False
POST_00010,LinkedIn,Document,Fitness,562,59,346,22764,196,0.24,56.050796812749006,Moderate,False
POST_01778,Twitter,Poll,Sports,3511,281,1210,13453,21,2.93,47.48490945674044,Low,False
POST_03695,Twitter,Poll,Entertainment,484,96,1162,68745,48,0.37,30.022635814889338,Low,False
POST_00854,TikTok,Duet,Education,14742,1533,27,266188,1764,5.48,35.59366754617414,Low,False
POST_04208,Facebook,Live,Travel,7151,157,665,41078,452,19.77,62.83282520325203,Moderate,False
POST_00276,Facebook,Post,Technology,5075,111,432,55773,497,1.14,50.815548780487795,Moderate,False
POST_00438,TikTok,Video,Fitness,20238,1518,4444,48262,1460,6.6,63.90171503957783,Moderate,False
POST_01974,Facebook,Story,Business,3694,234,432,29914,333,0.95,44.74847560975609,Low,False
POST_02868,TikTok,Duet,Lifestyle,35718,1388,1834,195680,370,19.66,36.2434036939314,Low,False
POST_01714,Facebook,Story,Fitness,6150,223,703,25060,223,4.42,54.21493902439024,Moderate,False
POST_00109,Instagram,Photo,Sports,960,405,29,44791,543,0.38,35.56703039750584,Low,False
POST_02477,Instagram,Carousel,Lifestyle,2748,307,160,42470,753,1.6,58.733437256430236,Moderate,False
POST_03802,YouTube,Community Post,Gaming,8058,928,1622,26118,570,2.31,52.81315240083507,Moderate,False
POST_04395,YouTube,Community Post,Health,944,246,289,228751,382,0.4,12.640918580375782,Low,False
POST_01294,LinkedIn,Poll,Fitness,1368,84,174,7850,137,0.39,46.245019920318725,Low,False
POST_02457,Twitter,Tweet,Gaming,466,63,214,51000,331,0.21,31.161971830985912,Low,False
POST_01859,TikTok,Duet,Fitness,6506,1166,363,337975,2108,6.23,36.57321899736148,Low,False
POST_02075,TikTok,Video,Health,32443,1816,4462,79783,957,8.11,64.36675461741424,High,True
POST_03524,Instagram,Story,Food,8658,57,253,29209,317,4.1,54.48947778643804,Moderate,False
POST_02050,Instagram,Carousel,Business,4818,45,239,1936,424,3.67,50.397505845674196,Moderate,False
POST_01309,Twitter,Thread,Health,3350,244,1124,4975,18,5.45,43.37273641851107,Low,False
POST_04686,Twitter,Poll,Education,1173,273,1786,28258,12,1.33,48.90090543259557,Low,False
POST_03165,Instagram,Photo,Health,7476,97,292,25858,542,5.13,67.1219797349961,High,True
POST_03951,Instagram,Carousel,Technology,9946,433,207,26968,530,2.17,70.20654715510523,High,True
POST_00444,Twitter,Poll,Sports,215,205,462,22309,261,3.56,37.21076458752515,Low,False
POST_04349,TikTok,Video,Food,26685,937,49,159970,2691,7.09,45.81134564643799,Low,False
POST_02285,Instagram,Story,Technology,9747,398,284,10067,677,6.51,83.205378020265,Very High,True
POST_01654,Twitter,Thread,Food,682,297,579,32957,77,0.56,32.41700201207243,Low,False
POST_00570,Twitter,Tweet,Sports,4935,141,1623,17943,282,1.65,69.90945674044265,High,True
POST_01106,Instagram,Story,Entertainment,1039,401,50,40610,913,0.68,51.126266562743574,Moderate,False
POST_01865,YouTube,Short,Technology,14643,650,1013,95841,1374,10.33,49.24321503131524,Low,False
POST_02486,YouTube,Community Post,Education,15466,13,1038,511798,3205,6.29,52.546972860125265,Moderate,False
POST_01359,Twitter,Poll,Technology,4746,229,1173,99228,312,2.07,68.10110663983903,High,True
POST_01325,YouTube,Short,Fitness,475,558,779,506027,3995,1.08,51.15866388308976,Moderate,False
POST_02024,Instagram,Carousel,Business,1767,465,196,29841,155,0.86,44.678487918939986,Low,False
POST_01441,YouTube,Video,Education,11606,35,1363,807545,2689,11.51,51.920668058455114,Moderate,False
POST_00915,Facebook,Post,Technology,4993,388,876,22495,149,5.01,61.38719512195121,Moderate,False
POST_01713,TikTok,Stitch,Food,45038,1145,3795,108313,1632,24.35,66.87005277044854,High,True
POST_02415,Facebook,Story,Business,657,379,819,17273,49,0.68,45.94512195121951,Low,False
POST_04094,YouTube,Community Post,Entertainment,16838,275,1968,545297,2839,5.92,70.78288100208768,High,True
POST_02835,Twitter,Thread,Entertainment,2676,220,393,32716,75,0.82,31.702716297786722,Low,False
POST_01870,LinkedIn,Article,Gaming,1788,138,136,12220,93,0.76,47.405378486055774,Low,False
POST_04506,Twitter,Poll,Lifestyle,2595,81,800,71845,152,0.73,36.458752515090545,Low,False
POST_02165,Facebook,Video,Lifestyle,5614,186,161,54612,209,4.36,31.994410569105693,Low,False
POST_00683,Instagram,Photo,Food,5335,144,204,18403,765,1.95,62.44544037412314,Moderate,False
POST_00760,TikTok,Duet,Fitness,44964,1155,337,485437,1688,96.4,42.905672823219,Low,False
POST_04400,Instagram,Photo,Sports,6460,489,233,34178,452,1.98,66.84333593141075,High,True
POST_01151,LinkedIn,Article,Entertainment,1846,127,343,9318,171,1.06,69.47211155378487,High,True
POST_03375,TikTok,Duet,Health,39376,81,3331,64895,1487,16.18,51.355540897097626,Moderate,False
POST_04130,Instagram,Photo,Sports,9181,152,232,38926,710,2.7,69.67459080280591,High,True
POST_01462,LinkedIn,Document,Food,364,56,3,26972,172,0.12,28.441235059760956,Low,False
POST_01261,Twitter,Tweet,Fashion,3239,246,1806,70336,435,1.23,84.20774647887323,Very High,True
POST_03315,Instagram,Reel,Lifestyle,8678,322,95,40685,920,3.01,66.39321901792674,High,True
POST_01894,Instagram,Photo,Gaming,2581,308,113,13443,777,0.64,53.95557287607171,Moderate,False
POST_03485,Facebook,Post,Sports,4853,321,827,10429,601,2.26,76.7555894308943,Very High,True
POST_03918,Twitter,Thread,Fashion,285,284,401,57257,474,0.23,55.344567404426556,Moderate,False
POST_01418,Instagram,Photo,Sports,6073,127,206,3287,79,3.4,39.77786438035854,Low,False
POST_04073,Facebook,Post,Travel,7166,304,157,78136,42,2.75,31.918191056910572,Low,False
POST_01872,Instagram,Carousel,Fitness,7819,217,62,4447,741,3.04,51.13406079501169,Moderate,False
POST_01387,TikTok,Stitch,Fashion,41816,906,2888,422950,835,20.43,47.14709762532981,Low,False
POST_04026,TikTok,Stitch,Food,44323,1374,3597,479699,2237,14.09,73.92480211081794,High,True
POST_00482,LinkedIn,Post,Fitness,1494,25,221,29515,198,0.81,51.8276892430279,Moderate,False
POST_04225,Facebook,Live,Lifestyle,6099,302,469,75141,696,1.45,69.9974593495935,High,True
POST_02844,YouTube,Community Post,Health,10917,423,1235,15987,2725,4.14,55.80375782881002,Moderate,False
POST_04270,YouTube,Short,Travel,16250,61,1865,844471,3524,5.67,70.38622129436325,High,True
POST_00556,Twitter,Retweet,Lifestyle,1676,79,1350,9998,245,1.79,49.5145875251509,Low,False
POST_02386,Facebook,Post,Travel,341,38,93,49139,325,0.32,19.054878048780488,Low,False
POST_01886,Facebook,Live,Sports,2672,236,576,35045,707,15.5,65.3048780487805,High,True
POST_04108,Instagram,Carousel,Education,7974,194,87,8962,783,2.2,55.303975058456736,Moderate,False
POST_02605,Instagram,Carousel,Gaming,7476,439,137,20837,207,3.07,47.68121590023382,Low,False
POST_02117,Twitter,Retweet,Food,1276,71,1907,18423,73,0.98,45.84004024144869,Low,False
POST_02028,YouTube,Short,Travel,3697,293,1626,351404,2449,3.39,53.554279749478084,Moderate,False
POST_02511,Instagram,Story,Entertainment,4056,42,199,43131,113,2.57,34.39399844115354,Low,False
POST_00428,TikTok,Duet,Travel,27732,1271,2077,431647,622,6.26,37.720976253298154,Low,False
POST_04047,Twitter,Retweet,Food,2228,157,147,25320,111,2.94,25.814889336016094,Low,False
POST_03216,Instagram,Carousel,Gaming,1947,149,69,43361,140,3.55,20.50857365549493,Low,False
POST_00490,TikTok,Stitch,Lifestyle,18776,131,204,115623,1047,4.6,19.498680738786277,Low,False
POST_04291,Facebook,Live,Entertainment,6552,116,668,73159,551,1.7,64.78404471544715,High,True
POST_04862,TikTok,Video,Fitness,6999,612,2993,432013,2890,10.37,60.171503957783635,Moderate,False
POST_02001,Twitter,Retweet,Education,4378,134,998,65736,314,1.5,58.863179074446684,Moderate,False
POST_01616,LinkedIn,Document,Travel,1821,34,298,22684,244,0.77,65.33366533864542,High,True
POST_02510,TikTok,Stitch,Lifestyle,42869,1208,2226,395527,1300,3510.46,51.312664907651715,Moderate,False
POST_01045,TikTok,Stitch,Business,5154,1726,1032,71846,524,11.08,25.484828496042212,Low,False
POST_02852,Instagram,Reel,Gaming,7403,443,26,16432,27,9.17,28.180046765393612,Low,False
POST_02631,Facebook,Video,Gaming,482,49,592,32457,38,0.44,24.961890243902438,Low,False
POST_00370,Instagram,Reel,Technology,5139,469,117,5376,437,1.58,50.43063133281371,Moderate,False
POST_00025,Facebook,Story,Gaming,698,136,395,47428,572,0.76,45.6859756097561,Low,False
POST_02099,TikTok,Video,Gaming,42303,284,1690,277363,1818,12.23,46.40171503957784,Low,False
POST_01951,Instagram,Reel,Fashion,8091,261,76,15179,723,3.24,54.24785658612626,Moderate,False
POST_03554,Facebook,Story,Fitness,5601,246,836,18208,608,4.6,75.7596544715447,High,True
POST_03282,Instagram,Photo,Health,5064,440,5,21144,435,1.8,36.15744349181605,Low,False
POST_04474,Twitter,Retweet,Entertainment,3859,173,1599,41887,110,1.35,56.58953722334004,Moderate,False
POST_01610,Facebook,Live,Technology,1684,201,917,48087,667,2.21,72.4390243902439,High,True
POST_00266,LinkedIn,Article,Health,636,13,70,4508,261,0.17,41.06075697211155,Low,False
POST_03396,YouTube,Short,Health,1692,346,1422,459760,551,0.79,35.98121085594989,Low,False
POST_01474,Twitter,Tweet,Gaming,1261,73,994,58505,134,0.73,33.74496981891348,Low,False
POST_04217,Instagram,Photo,Education,6426,74,48,727,531,1.38,36.227591582229145,Low,False
POST_00536,YouTube,Short,Lifestyle,325,156,1197,340233,1421,0.38,34.535490605427974,Low,False
POST_01707,Facebook,Story,Food,2078,13,830,63903,221,1.65,42.261178861788615,Low,False
POST_00396,YouTube,Live,Sports,2990,634,1323,996302,3152,1.5,57.807933194154494,Moderate,False
POST_04289,Twitter,Poll,Education,226,246,1361,46728,17,0.37,37.86971830985915,Low,False
POST_00201,Facebook,Story,Fitness,4092,80,439,57803,615,1.68,53.323170731707314,Moderate,False
POST_00149,Instagram,Carousel,Health,3110,371,8,21219,972,1.84,51.40685892439595,Moderate,False
POST_02290,Instagram,Reel,Business,9550,149,263,30769,500,5.71,66.30943102104442,High,True
POST_03500,LinkedIn,Article,Entertainment,901,98,88,10557,105,0.28,35.273904382470114,Low,False
POST_00323,LinkedIn,Article,Fashion,773,60,468,25509,70,0.39,52.8784860557769,Moderate,False
POST_03970,Twitter,Poll,Fashion,1712,212,1961,70396,220,0.94,65.87525150905434,High,True
POST_02822,Instagram,Story,Lifestyle,9785,84,298,24725,311,4.14,62.503897116134056,Moderate,False
POST_01844,Facebook,Live,Health,7019,185,554,71360,123,6.77,44.24288617886178,Low,False
POST_01004,LinkedIn,Article,Fashion,1457,53,366,19081,275,0.43,73.04282868525895,High,True
POST_03654,Instagram,Reel,Business,5719,409,90,25615,101,1.49,35.432579890880746,Low,False
POST_04163,Facebook,Post,Travel,5476,39,386,23215,46,2.0,27.207825203252035,Low,False
POST_04514,Facebook,Video,Gaming,3831,4,250,18465,624,0.96,43.668699186991866,Low,False
POST_00585,Facebook,Story,Education,7460,324,226,55148,69,25.45,37.19766260162601,Low,False
POST_01564,Twitter,Retweet,Business,281,294,1798,23778,127,0.48,55.77464788732394,Moderate,False
POST_04213,Facebook,Live,Lifestyle,5265,57,296,18025,792,18.18,57.55589430894309,Moderate,False
POST_04325,TikTok,Stitch,Business,13114,1349,1021,454717,1620,5.68,38.67414248021108,Low,False
POST_03094,TikTok,Video,Travel,14196,195,1033,472495,1225,7.54,26.085092348284956,Low,False
POST_04078,Twitter,Tweet,Entertainment,1099,294,641,76828,446,2.84,60.145875251509054,Moderate,False
POST_03105,Twitter,Tweet,Technology,520,51,974,51139,24,0.5,22.067404426559357,Low,False
POST_04513,Instagram,Reel,Technology,9908,316,39,37929,651,50.1,51.903741231488695,Moderate,False
POST_04532,Instagram,Reel,Entertainment,9477,271,270,48064,946,29.81,86.6991426344505,Very High,True
POST_00203,Instagram,Carousel,Business,9397,347,273,2866,853,78.75,85.92166796570537,Very High,True
POST_04141,Twitter,Tweet,Fashion,595,5,610,16748,276,0.65,31.48390342052314,Low,False
POST_03324,Facebook,Live,Fitness,1573,393,111,79818,65,0.66,23.88211382113821,Low,False
POST_02895,Instagram,Photo,Fashion,4053,270,17,20047,257,1.62,24.90841777084957,Low,False
POST_03924,Twitter,Poll,Business,2902,98,1574,87941,407,1.42,70.1056338028169,High,True
POST_04836,Instagram,Reel,Sports,5855,148,180,17534,968,1.94,68.18978955572877,High,True
POST_04669,LinkedIn,Document,Travel,174,88,487,2397,109,0.61,57.35059760956176,Moderate,False
POST_02503,Facebook,Live,Travel,5009,381,283,64628,335,1.95,48.396849593495936,Low,False
POST_00627,Facebook,Video,Travel,4412,68,884,75744,62,4.0,44.39786585365854,Low,False
POST_01964,Twitter,Retweet,Business,2840,192,1569,59415,254,1.19,63.5135814889336,Moderate,False
POST_00308,Twitter,Thread,Education,558,147,1119,4925,276,0.42,47.75905432595573,Low,False
POST_04374,Twitter,Thread,Entertainment,130,221,712,23674,348,0.22,47.87223340040241,Low,False
POST_00261,Facebook,Story,Technology,2568,275,233,46899,10,1.56,23.572154471544714,Low,False
POST_02762,Instagram,Story,Gaming,4135,48,8,27317,325,0.98,19.45635229929852,Low,False
POST_00985,LinkedIn,Document,Lifestyle,591,8,430,17941,228,6.98,60.831673306772906,Moderate,False
POST_00280,TikTok,Video,Fitness,40038,93,3267,42570,2011,9.86,58.15963060686015,Moderate,False
POST_04826,Instagram,Carousel,Technology,7895,178,228,47869,530,2.47,61.93491816056118,Moderate,False
POST_02173,Instagram,Carousel,Food,2152,403,37,38393,386,0.69,32.87802026500389,Low,False
POST_00093,TikTok,Duet,Fitness,38115,1270,4097,353962,2716,14.48,80.56728232189974,Very High,True
POST_00134,Twitter,Tweet,Fashion,1614,55,1370,15859,196,3.68,44.891851106639834,Low,False
POST_00177,LinkedIn,Poll,Travel,1595,2,312,11179,274,0.68,64.86553784860557,High,True
POST_04297,Instagram,Carousel,Sports,3523,273,252,43268,903,3.92,74.4738893219018,High,True
POST_00198,TikTok,Video,Sports,22585,1110,1690,395535,1485,6.69,42.32189973614776,Low,False
POST_00694,Instagram,Story,Fashion,2911,47,121,26335,57,1.02,22.06352299298519,Low,False
POST_03559,Instagram,Reel,Gaming,5635,495,283,17695,511,2.61,73.49766173031955,High,True
POST_02734,YouTube,Live,Fitness,14928,360,1351,389034,383,21.82,43.73695198329853,Low,False
POST_04368,Twitter,Thread,Food,1259,92,1942,91041,30,0.8,44.68058350100603,Low,False
POST_02020,LinkedIn,Document,Fitness,1238,108,217,745,243,0.34,62.0617529880478,Moderate,False
POST_03397,TikTok,Duet,Fitness,28920,392,1572,366483,525,17.28,26.167546174142476,Low,False
POST_01065,Twitter,Poll,Gaming,4868,146,1384,49402,75,2.31,51.54678068410463,Moderate,False
POST_02483,YouTube,Video,Business,10416,778,1890,962520,2277,6.56,69.44676409185804,High,True
POST_03829,TikTok,Duet,Technology,44611,1818,2406,80623,2276,10.06,69.71635883905013,High,True
POST_03343,Facebook,Live,Gaming,2946,304,84,57738,312,0.83,32.695630081300806,Low,False
POST_02877,Facebook,Video,Technology,2474,338,733,63977,36,6.21,44.667174796747965,Low,False
POST_04251,Twitter,Thread,Entertainment,3833,27,1598,77552,130,2.96,50.037726358148895,Moderate,False
POST_01907,YouTube,Video,Gaming,12886,802,1458,539028,4930,3.89,82.52087682672233,Very High,True
POST_00386,TikTok,Video,Sports,19826,123,916,432530,1843,6.35,33.97097625329815,Low,False
POST_00510,LinkedIn,Document,Entertainment,635,75,203,23966,63,0.4,33.451195219123505,Low,False
POST_02630,Twitter,Tweet,Sports,4202,283,1867,81635,78,6.47,64.85160965794769,High,True
POST_02873,TikTok,Duet,Gaming,45790,1932,3573,170189,747,11.47,60.13852242744062,Moderate,False
POST_01049,TikTok,Duet,Technology,14901,1149,1456,79264,1001,7.48,33.85224274406332,Low,False
POST_00911,Facebook,Video,Sports,7056,152,569,31732,73,3.4,41.71493902439025,Low,False
POST_02261,TikTok,Video,Business,7134,1937,1240,186171,634,2.81,30.666226912928764,Low,False
POST_04286,Facebook,Story,Fashion,7004,227,688,53346,515,18.58,68.57723577235772,High,True
POST_00101,Instagram,Story,Entertainment,5825,270,110,40117,44,3.64,31.706936866718628,Low,False
POST_03614,TikTok,Stitch,Health,13694,660,3704,58639,431,8.55,38.45976253298153,Low,False
POST_03572,Facebook,Story,Fashion,6416,294,980,28748,691,9.03,87.94969512195121,Very High,True
POST_01276,Instagram,Reel,Gaming,4839,196,208,5850,543,2.55,56.282151208106,Moderate,False
POST_03076,TikTok,Duet,Health,35952,770,224,50952,1838,12.58,38.258575197889186,Low,False
POST_00610,LinkedIn,Poll,Education,459,53,100,14058,40,0.12,19.62649402390438,Low,False
POST_00981,Twitter,Thread,Fitness,304,114,1022,11467,475,0.41,57.804325955734406,Moderate,False
POST_03057,Facebook,Video,Fashion,6012,288,942,60198,504,2.66,77.5584349593496,Very High,True
POST_00505,LinkedIn,Post,Lifestyle,1637,120,213,14398,206,6.76,62.49501992031872,Moderate,False
POST_04841,YouTube,Live,Gaming,14284,950,1659,789161,3575,4.14,78.6847599164927,Very High,True
POST_03254,Instagram,Photo,Technology,1692,250,88,9269,147,0.45,25.709275136399057,Low,False
POST_02726,Twitter,Retweet,Fitness,2906,70,830,5158,225,1.26,42.41700201207243,Low,False
POST_03322,Instagram,Carousel,Travel,5816,144,254,48078,185,2.03,48.89321901792673,Low,False
POST_03294,Facebook,Video,Fashion,6232,268,523,77289,244,2.94,50.236280487804876,Moderate,False
POST_02872,YouTube,Live,Business,9701,596,505,8771,4657,2.34,58.397703549060545,Moderate,False
POST_01925,TikTok,Stitch,Travel,39104,1441,1201,187370,2322,11.68,56.36213720316623,Moderate,False
POST_04212,Facebook,Story,Travel,4715,337,567,7304,785,3.98,75.41666666666667,High,True
POST_00944,TikTok,Duet,Health,20960,1142,571,249856,344,91.21,20.811345646437992,Low,False
POST_00709,Twitter,Retweet,Business,1897,215,1914,60967,16,1.29,51.3430583501006,Moderate,False
POST_00004,Facebook,Post,Food,1930,172,694,75111,466,3.2,55.20579268292683,Moderate,False
POST_01371,YouTube,Community Post,Technology,5798,122,1486,120558,3040,1.54,53.64300626304801,Moderate,False
POST_03950,Instagram,Story,Sports,9254,173,265,30867,858,65.42,79.70771628994544,Very High,True
POST_03625,Instagram,Carousel,Education,1438,157,273,45947,556,0.4,57.768901013250186,Moderate,False
POST_01255,LinkedIn,Document,Gaming,72,76,83,9700,38,0.1,17.92828685258964,Low,False
POST_03450,Instagram,Story,Health,1088,82,77,21397,849,0.25,42.37724084177709,Low,False
POST_01493,Instagram,Photo,Entertainment,1504,402,236,42300,815,1.82,69.81488698363209,High,True
POST_03004,Facebook,Story,Food,6130,171,752,41521,350,1.46,59.575711382113816,Moderate,False
POST_01813,Twitter,Retweet,Technology,4107,284,921,9104,291,15.24,62.57796780684104,Moderate,False
POST_03713,LinkedIn,Document,Sports,1355,115,37,11530,241,2.16,51.72310756972111,Moderate,False
POST_04466,Twitter,Poll,Fitness,2605,190,1534,19825,144,20.09,54.579979879275655,Moderate,False
POST_02875,TikTok,Stitch,Fitness,14162,1373,327,138823,933,3.19,26.127968337730866,Low,False
POST_00207,Instagram,Carousel,Gaming,3703,21,21,32188,324,1.52,19.179657053780204,Low,False
POST_03275,TikTok,Duet,Fitness,35825,782,1749,310005,713,38.2,34.1820580474934,Low,False
POST_03856,Instagram,Story,Fashion,6264,431,163,24151,336,1.58,52.90335151987529,Moderate,False
POST_02864,Facebook,Post,Education,5232,382,640,66127,526,6.8,70.04573170731707,High,True
POST_02678,Instagram,Story,Gaming,3704,154,188,47010,894,1.38,63.499610288386585,Moderate,False
POST_03597,Instagram,Story,Business,633,25,17,9638,537,0.47,21.69524551831644,Low,False
POST_04340,Instagram,Story,Education,8348,232,143,45357,181,3.18,42.86632891660172,Low,False
POST_01837,Instagram,Story,Sports,6671,484,268,38833,349,3.23,67.48636009353079,High,True
POST_04444,Twitter,Tweet,Gaming,3832,149,1894,85117,308,10.97,73.67957746478872,High,True
POST_03857,Twitter,Thread,Gaming,1076,144,1272,22215,218,0.91,48.143863179074444,Low,False
POST_00714,Twitter,Poll,Food,3412,222,1541,37551,445,1.21,79.98239436619718,Very High,True
POST_00616,YouTube,Community Post,Education,6754,825,449,543247,3966,2.55,54.02922755741126,Moderate,False
POST_04138,Twitter,Tweet,Food,1639,103,473,78916,496,44.22,53.478370221327964,Moderate,False
POST_00489,YouTube,Video,Education,2174,513,1197,8176,1218,7.4,39.61899791231732,Low,False
POST_04357,Instagram,Reel,Food,9047,468,129,2905,301,4.04,52.9676539360873,Moderate,False
POST_04483,Facebook,Story,Food,7040,180,612,38186,785,5.51,75.65040650406503,High,True
POST_04668,TikTok,Stitch,Health,48191,1199,23,452950,2242,32.09,48.571899736147756,Low,False
POST_00187,TikTok,Duet,Travel,24351,1858,502,236853,392,6.82,27.394459102902374,Low,False
POST_01241,TikTok,Video,Sports,36280,461,3460,182071,2945,10.26,71.91622691292876,High,True
POST_02257,Facebook,Video,Travel,6227,57,892,1544,284,2.01,57.00203252032521,Moderate,False
POST_01014,Instagram,Carousel,Lifestyle,6608,91,41,34452,712,3.9,42.398674980514414,Low,False
POST_03805,Twitter,Retweet,Gaming,70,199,1051,75392,227,0.36,44.27565392354125,Low,False
POST_02140,TikTok,Stitch,Gaming,49057,884,1917,82264,2229,29.12,59.05672823218997,Moderate,False
POST_00053,YouTube,Short,Entertainment,12492,261,1789,341641,2135,8.62,60.448851774530254,Moderate,False
POST_01363,Facebook,Live,Gaming,4469,341,528,37792,142,1.28,46.135670731707314,Low,False
POST_00834,Instagram,Story,Fashion,7901,67,66,7366,630,3.62,43.780202650038966,Low,False
POST_03863,Twitter,Poll,Lifestyle,1637,6,1714,52184,143,3.02,44.86670020120724,Low,False
POST_01169,Instagram,Reel,Technology,6773,189,11,30773,273,1.59,26.551052221356198,Low,False
POST_04215,Facebook,Live,Sports,1962,353,229,6941,476,0.88,46.135670731707314,Low,False
POST_00920,Instagram,Photo,Fitness,6306,312,54,33102,90,1.51,28.926344505066247,Low,False
POST_02345,YouTube,Short,Gaming,11696,602,1736,408558,104,3.35,49.535490605427974,Low,False
POST_02779,Twitter,Thread,Fitness,975,258,1983,84449,392,0.9,77.87474849094566,Very High,True
POST_01742,LinkedIn,Document,Food,716,68,390,28901,94,0.27,50.28884462151394,Moderate,False
POST_04766,YouTube,Video,Food,7783,345,1810,793437,3924,2.87,69.84342379958247,High,True
POST_00934,Facebook,Story,Business,4163,163,466,22752,124,0.96,35.28455284552845,Low,False
POST_03506,Facebook,Story,Technology,2279,153,900,74454,511,1.41,64.01676829268293,High,True
POST_01658,Twitter,Poll,Health,4261,59,1717,11015,249,3.43,62.628269617706245,Moderate,False
POST_01696,Instagram,Story,Education,6049,287,89,7788,12,2.65,29.060795011691344,Low,False
POST_01346,Twitter,Poll,Technology,1185,203,211,66950,225,1.07,33.246981891348085,Low,False
POST_04795,Twitter,Retweet,Sports,3011,129,354,12395,38,0.73,24.260563380281692,Low,False
POST_00170,Facebook,Post,Fashion,7457,314,324,27619,485,3.97,59.33943089430894,Moderate,False
POST_02922,LinkedIn,Document,Food,720,10,478,5783,28,2.79,42.17131474103585,Low,False
POST_01967,Instagram,Carousel,Technology,5539,249,291,17256,294,8.86,59.62003117692907,Moderate,False
POST_03815,Twitter,Thread,Fashion,4624,106,424,88111,78,30.82,31.974346076458747,Low,False
POST_00817,Facebook,Story,Entertainment,5079,328,653,22111,580,1.64,70.70884146341463,High,True
POST_04979,Instagram,Photo,Health,9162,81,220,23899,90,6.38,45.081839438815265,Low,False
POST_03085,LinkedIn,Article,Travel,1092,54,403,12532,249,0.67,70.04980079681275,High,True
POST_02865,Twitter,Retweet,Fashion,4826,113,93,84583,234,1.29,37.59808853118712,Low,False
POST_02205,LinkedIn,Poll,Travel,709,67,310,15685,114,0.68,46.68326693227092,Low,False
POST_04005,Instagram,Story,Health,1311,153,274,14390,16,0.63,38.386593920498825,Low,False
POST_01639,YouTube,Community Post,Lifestyle,13205,33,1989,388740,4941,3.25,80.04697286012525,Very High,True
POST_02388,Facebook,Post,Gaming,1293,322,704,16216,120,0.74,44.74593495934959,Low,False
POST_00032,Instagram,Photo,Business,1124,383,6,33856,169,34.3,19.844115354637566,Low,False
POST_01033,Instagram,Carousel,Travel,427,176,26,21372,112,0.19,12.636399064692128,Low,False
POST_02860,Instagram,Story,Sports,7031,97,166,17320,736,1.49,58.7373343725643,Moderate,False
POST_02523,Twitter,Thread,Travel,698,220,445,68561,425,0.68,50.66901408450703,Moderate,False
POST_02960,TikTok,Stitch,Gaming,48330,1273,4148,248746,1322,15.2,67.81992084432717,High,True
POST_02823,Facebook,Story,Fashion,3317,250,545,6191,140,0.85,40.51829268292683,Low,False
POST_02738,Facebook,Live,Travel,1149,42,772,72876,114,4.57,36.14837398373984,Low,False
POST_01831,YouTube,Community Post,Technology,18068,667,959,345750,3434,12.34,65.30271398747391,High,True
POST_03400,Facebook,Video,Entertainment,3591,293,348,59336,168,1.44,37.400914634146346,Low,False
POST_03354,Facebook,Video,Health,3852,149,697,22807,437,1.88,56.859756097560975,Moderate,False
POST_01931,Facebook,Post,Technology,4589,192,641,7106,67,44.54,40.95274390243902,Low,False
POST_03609,YouTube,Live,Sports,8127,763,1068,752790,2509,13.12,55.234864300626306,Moderate,False
POST_02880,Instagram,Photo,Entertainment,6205,190,250,38522,766,1.39,70.69563522992985,High,True
POST_00765,Instagram,Carousel,Lifestyle,6076,285,292,7318,799,1.43,79.8148869836321,Very High,True
POST_01295,TikTok,Video,Health,35929,1023,4465,457889,2390,10.06,76.15435356200527,High,True
POST_00349,Twitter,Tweet,Technology,3305,151,20,63583,448,18.46,49.47937625754527,Low,False
POST_02223,Instagram,Photo,Education,9685,101,214,35669,833,2.2,71.33671083398285,High,True
POST_01998,Instagram,Photo,Health,1026,181,3,11048,128,0.3,11.566640685892441,Low,False
POST_01487,Twitter,Thread,Sports,1696,116,513,73855,61,0.59,24.56237424547284,Low,False
POST_02106,Twitter,Thread,Lifestyle,4558,165,977,1360,77,5.37,44.1599597585513,Low,False
POST_04028,Instagram,Photo,Fashion,7697,337,84,15352,740,12.44,57.72408417770849,Moderate,False
POST_03173,Instagram,Photo,Gaming,9863,79,136,37152,694,20.88,57.42010911925174,Moderate,False
POST_02361,Instagram,Reel,Fitness,9570,294,209,15703,912,2.11,79.45050662509743,Very High,True
POST_01788,Facebook,Post,Food,4088,77,810,46575,602,4.3,65.8816056910569,High,True
POST_01501,Facebook,Video,Technology,7192,182,813,34546,525,816.25,72.197662601626,High,True
POST_00484,Facebook,Post,Business,5875,327,948,16967,698,2.06,87.70325203252031,Very High,True
POST_01770,Twitter,Retweet,Fitness,4799,231,929,57908,72,2.03,46.78319919517102,Low,False
POST_03459,LinkedIn,Poll,Business,270,106,445,12956,152,1.42,61.49900398406374,Moderate,False
POST_01588,Twitter,Thread,Education,3268,205,1674,23097,492,88.33,84.30583501006036,Very High,True
POST_00368,YouTube,Short,Entertainment,16092,81,1081,808678,4197,4.77,62.145093945720255,Moderate,False
POST_01377,Twitter,Poll,Education,1586,165,981,30372,297,2.45,50.83501006036217,Moderate,False
POST_01630,Facebook,Post,Technology,6903,90,796,7695,339,5.55,58.93038617886178,Moderate,False
POST_03427,Facebook,Post,Education,4614,216,243,37843,426,44.12,44.09044715447154,Low,False
POST_04164,Twitter,Tweet,Business,1152,65,1203,1944,213,0.66,42.283702213279675,Low,False
POST_04659,Instagram,Photo,Sports,4135,490,182,21194,127,2.62,46.5958690568979,Low,False
POST_00228,Twitter,Poll,Gaming,2480,166,1455,17191,156,1.03,52.73893360160966,Moderate,False
POST_03311,LinkedIn,Poll,Gaming,1429,112,59,16140,49,0.39,31.902390438247007,Low,False
POST_04407,YouTube,Live,Food,10984,942,169,292725,4645,5.12,57.59394572025052,Moderate,False
POST_02134,Facebook,Live,Gaming,3378,280,442,13603,584,1.36,57.95223577235772,Moderate,False
POST_04140,Facebook,Video,Lifestyle,5634,367,171,62379,101,2.05,34.84756097560976,Low,False
POST_04616,Twitter,Retweet,Travel,2196,139,459,55146,395,19.27,49.22786720321931,Low,False
POST_02306,Twitter,Tweet,Travel,2758,299,1392,32437,44,1.41,51.033702213279675,Moderate,False
POST_02358,Instagram,Story,Education,5898,71,179,5993,768,2.75,58.59508963367108,Moderate,False
POST_00913,Facebook,Video,Education,7334,371,651,31432,573,9.93,76.1204268292683,High,True
POST_01841,Twitter,Retweet,Entertainment,145,146,1204,17375,156,0.77,39.55985915492957,Low,False
POST_00861,TikTok,Stitch,Food,14817,254,1945,407880,1149,4.41,32.23944591029023,Low,False
POST_01689,Facebook,Live,Health,2939,107,404,45717,193,0.82,31.910569105691057,Low,False
POST_01351,TikTok,Video,Gaming,6933,666,3805,129225,393,7.99,36.6919525065963,Low,False
POST_01566,Twitter,Poll,Fashion,1880,67,1855,83755,63,1.46,45.965794768611666,Low,False
POST_02931,Facebook,Story,Education,7362,234,332,71575,626,187.96,62.16971544715446,Moderate,False
POST_00364,Facebook,Post,Health,2696,297,122,58548,687,0.66,50.663109756097555,Moderate,False
POST_04043,Facebook,Live,Food,1263,13,186,52250,145,1.44,15.698678861788618,Low,False
POST_02540,TikTok,Duet,Health,22780,1050,2618,489172,2377,22.82,60.171503957783635,Moderate,False
POST_02439,Facebook,Live,Food,899,260,684,69188,568,3.94,60.84857723577235,Moderate,False
POST_04109,TikTok,Stitch,Entertainment,2660,1053,3580,334857,887,6.07,42.69129287598945,Low,False
POST_00636,Twitter,Tweet,Entertainment,4885,146,1831,69607,14,2.67,54.51710261569416,Moderate,False
POST_00529,Instagram,Carousel,Business,2065,245,259,45152,777,2.98,67.33047544816836,High,True
POST_02731,LinkedIn,Document,Fashion,1001,58,258,17024,178,2.21,51.32470119521913,Moderate,False
POST_00940,Facebook,Story,Health,6231,55,5,5661,678,1.46,43.666158536585364,Low,False
POST_02817,Facebook,Video,Health,1113,166,519,36654,621,4.14,53.965955284552834,Moderate,False
POST_04029,LinkedIn,Poll,Gaming,933,138,89,24772,184,0.29,47.99800796812749,Low,False
POST_00289,Twitter,Thread,Fashion,1776,16,959,52458,270,0.94,41.27766599597585,Low,False
POST_04942,Twitter,Tweet,Gaming,4889,80,1409,92646,405,3.35,71.91146881287726,High,True
POST_00322,LinkedIn,Poll,Sports,34,38,342,6283,28,0.12,30.00996015936255,Low,False
POST_04300,Facebook,Live,Health,1306,276,963,24685,611,1.03,73.5619918699187,High,True
POST_01226,Facebook,Live,Technology,1637,70,324,50557,26,0.62,18.267276422764226,Low,False
POST_03925,YouTube,Community Post,Food,10286,397,945,933139,370,11.98,33.31419624217119,Low,False
POST_01147,TikTok,Stitch,Health,22980,1005,813,494882,727,8.63,26.688654353562,Low,False
POST_01580,Facebook,Video,Entertainment,6173,176,847,23742,515,3.52,70.40142276422763,High,True
POST_01218,LinkedIn,Article,Sports,462,91,305,913,19,0.25,34.37749003984064,Low,False
POST_01897,Facebook,Video,Food,1371,393,523,1959,538,1.55,59.672256097560975,Moderate,False
POST_00935,Instagram,Carousel,Entertainment,8482,30,137,42021,985,2.97,63.9166017147311,Moderate,False
POST_03926,Instagram,Carousel,Gaming,4332,351,112,45290,80,1.13,33.72564302416212,Low,False
POST_00706,YouTube,Short,Health,14757,836,1563,783680,2145,3.76,66.81628392484342,High,True
POST_01929,Facebook,Post,Fitness,2445,234,622,22401,275,0.76,46.80386178861789,Low,False
POST_03209,Twitter,Poll,Sports,1990,139,719,22901,286,0.68,45.357142857142854,Low,False
POST_04585,LinkedIn,Article,Education,708,108,22,10713,133,0.37,33.70019920318725,Low,False
POST_00597,LinkedIn,Document,Entertainment,1387,60,10,2933,251,0.53,46.12051792828685,Low,False
POST_00458,Facebook,Story,Gaming,3302,224,156,58787,633,0.85,47.68038617886178,Low,False
POST_04684,Twitter,Poll,Gaming,4344,119,692,89003,189,1.21,43.49597585513079,Low,False
POST_02188,TikTok,Duet,Business,3925,1226,1827,91390,726,1.44,29.5976253298153,Low,False
POST_00813,Instagram,Carousel,Technology,3811,170,184,37903,339,1.47,43.78604832424006,Low,False
POST_00395,Twitter,Thread,Entertainment,3167,10,200,28430,284,0.88,33.36016096579477,Low,False
POST_02975,Twitter,Retweet,Travel,1126,187,1889,33740,143,1.15,55.515593561368206,Moderate,False
POST_01286,Facebook,Story,Gaming,6354,193,655,24212,343,1.45,56.89786585365854,Moderate,False
POST_04377,Twitter,Retweet,Food,2042,217,143,85585,103,2.19,27.195674044265594,Low,False
POST_04693,Twitter,Thread,Food,440,132,1438,70345,229,0.41,49.22032193158954,Low,False
POST_03723,YouTube,Short,Health,6844,551,1456,621937,3326,19.43,62.45824634655531,Moderate,False
POST_01209,Twitter,Tweet,Lifestyle,1436,96,1784,2130,394,1.57,67.72132796780683,High,True
POST_04086,Instagram,Photo,Food,193,333,210,26198,709,0.16,59.45830085736554,Moderate,False
POST_02643,TikTok,Stitch,Food,15462,1604,3222,433965,1274,9.7,52.905672823219,Moderate,False
POST_01665,YouTube,Community Post,Travel,1267,431,939,369406,336,0.67,26.83194154488518,Low,False
POST_01825,Facebook,Post,Fashion,2743,123,128,72235,8,0.9,13.907520325203249,Low,False
POST_03833,TikTok,Duet,Business,24016,1773,1618,402067,2522,382.19,59.71965699208444,Moderate,False
POST_02334,LinkedIn,Post,Sports,175,110,246,10586,125,0.12,44.233067729083665,Low,False
POST_03036,Twitter,Retweet,Lifestyle,3563,156,1567,7732,310,3.84,67.90492957746478,High,True
POST_04234,YouTube,Community Post,Health,10741,348,726,874212,104,3.08,27.301670146137784,Low,False
POST_00524,TikTok,Duet,Lifestyle,21870,808,3211,128447,87,5.54,34.87467018469657,Low,False
POST_02125,YouTube,Video,Entertainment,917,563,14,995877,615,1.54,14.34237995824635,Low,False
POST_02507,TikTok,Video,Gaming,48913,894,2240,108427,1733,16.33,56.20712401055409,Moderate,False
POST_01624,YouTube,Short,Entertainment,8691,295,1202,23970,2723,2.77,51.33089770354906,Moderate,False
POST_02152,Instagram,Photo,Fitness,1111,145,107,40863,673,1.13,41.874512860483236,Low,False
POST_03825,Instagram,Story,Food,3333,268,203,19307,62,17.79,38.96531566640685,Low,False
POST_00341,Facebook,Video,Sports,924,34,309,7212,421,0.61,32.77693089430894,Low,False
POST_02474,LinkedIn,Poll,Education,1566,124,183,26795,248,1.23,65.12450199203188,High,True
POST_02463,Facebook,Video,Business,6697,179,995,78669,178,4.1,61.778455284552834,Moderate,False
POST_03678,Twitter,Tweet,Technology,1062,142,1407,21639,104,0.76,42.6056338028169,Low,False
POST_01539,Instagram,Photo,Technology,567,201,99,3006,850,0.18,47.93647700701481,Low,False
POST_04020,Instagram,Story,Fitness,7246,470,239,49804,615,3.15,74.46999220576774,High,True
POST_01127,Instagram,Carousel,Lifestyle,3004,129,16,26035,534,0.73,28.83476227591582,Low,False
POST_03189,TikTok,Duet,Gaming,30177,1796,3657,138494,438,23.95,51.96240105540897,Moderate,False
POST_04075,LinkedIn,Poll,Fitness,1583,24,276,1185,48,0.62,39.003984063745015,Low,False
POST_02168,Instagram,Reel,Education,2252,187,290,41717,596,1.33,63.8074824629774,Moderate,False
POST_04231,LinkedIn,Document,Sports,515,106,481,12898,260,0.31,78.00298804780877,Very High,True
POST_04717,Facebook,Video,Travel,1314,201,602,39427,393,1.17,48.40955284552845,Low,False
POST_00409,YouTube,Short,Entertainment,1011,688,1952,717549,1237,0.83,54.389352818371606,Moderate,False
POST_00687,Facebook,Post,Gaming,944,320,603,53242,482,1.17,56.54217479674797,Moderate,False
POST_04280,Twitter,Retweet,Technology,1721,68,1795,51757,464,1.27,72.93762575452716,High,True
POST_02149,Facebook,Post,Business,3269,284,42,72931,497,2.45,40.21341463414634,Low,False
POST_04268,Instagram,Carousel,Travel,1646,475,191,49714,565,5.34,58.90685892439594,Moderate,False
POST_01358,Twitter,Tweet,Fashion,3698,218,627,30024,184,1.49,45.73943661971831,Low,False
POST_02743,Instagram,Carousel,Sports,143,215,296,40984,908,0.6,72.79812938425565,High,True
POST_04384,Facebook,Post,Business,4510,76,630,28666,61,1.25,36.006097560975604,Low,False
POST_01792,LinkedIn,Poll,Fashion,476,15,355,14045,23,0.17,31.0906374501992,Low,False
POST_02846,Twitter,Tweet,Gaming,4194,201,1790,7242,470,2.75,87.17303822937626,Very High,True
POST_01541,LinkedIn,Document,Fitness,204,13,20,6997,53,0.35,10.642430278884461,Low,False
POST_01646,TikTok,Stitch,Health,8177,1554,1173,251602,1154,3.1,34.5910290237467,Low,False
POST_02278,Facebook,Video,Technology,193,269,567,46493,599,0.35,56.8724593495935,Moderate,False
POST_00179,YouTube,Live,Health,19210,577,489,491251,3332,58.33,55.35490605427974,Moderate,False
POST_01404,LinkedIn,Post,Education,216,138,22,18712,19,0.22,18.615537848605573,Low,False
POST_02364,Facebook,Live,Lifestyle,4996,138,659,16858,530,4.22,61.407520325203244,Moderate,False
POST_01902,Instagram,Carousel,Entertainment,5948,48,182,11840,383,1.41,44.21667965705378,Low,False
POST_01002,Facebook,Story,Health,3264,244,499,69459,661,1.14,62.03506097560976,Moderate,False
POST_01568,Instagram,Reel,Sports,4363,19,139,46985,753,2.32,49.46609508963367,Low,False
POST_04864,Twitter,Thread,Lifestyle,1325,192,790,92965,72,0.55,32.45472837022133,Low,False
POST_02950,YouTube,Video,Food,2620,170,717,855758,3962,1.07,45.678496868475996,Low,False
POST_04694,Facebook,Video,Education,1196,68,544,71023,245,0.5,33.9964430894309,Low,False
POST_00367,YouTube,Community Post,Entertainment,15986,618,1996,657228,831,4.56,62.599164926931095,Moderate,False
POST_00327,Facebook,Story,Lifestyle,3144,112,991,8177,756,1.03,77.86839430894308,Very High,True
POST_03585,Twitter,Poll,Gaming,3052,88,1238,75189,85,5.69,41.70774647887324,Low,False
POST_02420,Twitter,Tweet,Food,1881,210,221,84967,28,0.52,22.56539235412475,Low,False
POST_00692,Twitter,Poll,Entertainment,2770,80,721,54013,276,1.08,44.31086519114688,Low,False
POST_01981,Instagram,Carousel,Food,2602,32,3,8562,26,4.1,5.711223694466095,Low,False
POST_04705,Twitter,Poll,Health,3027,40,455,11281,207,1.96,32.91498993963782,Low,False
POST_00996,Instagram,Carousel,Fitness,820,389,272,36386,94,0.67,47.72018706157443,Low,False
POST_02070,Twitter,Retweet,Gaming,440,42,771,36608,130,0.48,25.30432595573441,Low,False
POST_02787,YouTube,Live,Lifestyle,9625,92,1565,964301,3052,10.02,57.08768267223382,Moderate,False
POST_03843,Facebook,Post,Gaming,1933,14,685,24365,61,2.02,30.40396341463415,Low,False
POST_04146,Facebook,Story,Gaming,1579,180,466,41860,699,0.58,57.012195121951216,Moderate,False
POST_02575,Instagram,Reel,Gaming,3096,200,116,49044,361,0.77,36.71862821512081,Low,False
POST_00024,Twitter,Tweet,Technology,2442,46,385,56309,235,1.27,32.522635814889334,Low,False
POST_03062,Instagram,Story,Lifestyle,6261,251,51,34308,532,1.77,41.63289166017148,Low,False
POST_01553,TikTok,Duet,Lifestyle,20429,339,4878,187187,2540,92.5,71.37862796833774,High,True
POST_01265,Instagram,Reel,Education,3418,478,221,16628,376,4.25,58.00272798129383,Moderate,False
POST_03557,Twitter,Retweet,Travel,1123,112,1705,16229,449,2.03,70.22887323943661,High,True
POST_04331,Twitter,Tweet,Technology,2962,238,1081,10363,191,3.93,52.849597585513074,Moderate,False
POST_02729,Instagram,Story,Gaming,4093,423,87,26778,138,0.94,34.333593141075596,Low,False
POST_01556,Instagram,Photo,Sports,4496,91,200,1369,969,1.28,66.89010132501949,High,True
POST_01488,LinkedIn,Article,Entertainment,391,54,134,13062,187,0.63,38.92430278884462,Low,False
POST_02146,TikTok,Duet,Food,44101,1570,2020,186172,1618,13.16,56.84366754617414,Moderate,False
POST_03765,Facebook,Live,Sports,4646,399,361,68029,550,2.28,60.90955284552846,Moderate,False
POST_04006,Twitter,Tweet,Education,1912,293,772,22058,254,1.1,51.197183098591545,Moderate,False
POST_00248,YouTube,Community Post,Sports,5323,699,1275,366871,1328,1.67,47.21294363256785,Low,False
POST_02372,TikTok,Video,Sports,18170,1749,713,61690,2244,13.2,48.298153034300796,Low,False
POST_02598,Facebook,Video,Gaming,331,72,547,12156,656,0.36,51.75558943089431,Moderate,False
POST_04220,Twitter,Tweet,Sports,2224,145,1007,78230,47,2.23,34.942152917505034,Low,False
POST_03110,Facebook,Video,Business,534,40,207,35327,354,0.37,25.47002032520325,Low,False
POST_01117,Instagram,Reel,Fitness,5968,70,156,22602,42,1.53,31.04442712392829,Low,False
POST_01071,Twitter,Poll,Gaming,2369,256,1712,90007,184,28.54,62.545271629778675,Moderate,False
POST_03756,Instagram,Carousel,Business,1810,15,102,23804,912,0.54,46.527669524551825,Low,False
POST_02600,Instagram,Photo,Gaming,8853,440,49,2443,83,8.1,35.52416212003118,Low,False
POST_00089,TikTok,Stitch,Gaming,29902,229,2838,129786,2661,8.67,60.94986807387862,Moderate,False
POST_03510,Instagram,Carousel,Education,3682,461,33,16529,24,1.09,24.107560405300077,Low,False
POST_02408,Instagram,Carousel,Entertainment,1789,74,109,43708,61,1.33,19.82462977396726,Low,False
POST_02655,TikTok,Stitch,Health,36927,1055,2930,216282,2020,9.78,62.077836411609496,Moderate,False
POST_04509,Facebook,Video,Lifestyle,871,302,178,1445,380,0.34,35.909552845528445,Low,False
POST_03063,Facebook,Live,Sports,7503,394,992,20379,511,11.63,86.31351626016259,Very High,True
POST_00841,Instagram,Photo,Sports,4139,334,165,22484,928,4.02,68.38659392049883,High,True
POST_04348,Facebook,Live,Education,1058,384,728,74271,341,0.49,56.98170731707317,Moderate,False
POST_03838,Instagram,Carousel,Lifestyle,7773,216,35,12033,205,2.52,29.329696024941544,Low,False
POST_01674,TikTok,Stitch,Education,33163,423,2015,191502,2078,7.81,50.07585751978891,Moderate,False
POST_03073,Twitter,Retweet,Lifestyle,3711,162,1823,25601,87,17.32,57.774144869215284,Moderate,False
POST_00632,TikTok,Duet,Sports,49713,621,3491,155619,2706,18.96,74.75263852242745,High,True
POST_04056,Instagram,Carousel,Education,2744,213,128,22296,528,1.9,44.23421667965706,Low,False
POST_00821,TikTok,Stitch,Fitness,17266,1517,4890,305767,1913,5.37,72.20646437994722,High,True
POST_01253,Instagram,Story,Fitness,8644,111,40,23608,189,3.0,27.527279812938428,Low,False
POST_04896,Instagram,Story,Gaming,7010,204,237,7496,145,2.8,49.39399844115354,Low,False
POST_02271,Instagram,Story,Food,6038,346,51,11571,104,2.24,29.623928293063134,Low,False
POST_01913,YouTube,Community Post,Lifestyle,11747,48,895,317925,652,2.86,30.39665970772442,Low,False
POST_01296,Instagram,Story,Fashion,1342,353,198,10252,662,1.52,58.803585346843334,Moderate,False
POST_01314,TikTok,Duet,Business,6747,636,2109,7056,868,5.3,29.53825857519789,Low,False
POST_02596,TikTok,Stitch,Gaming,11591,1666,662,412574,1730,7.07,39.50197889182058,Low,False
POST_01491,Instagram,Photo,Business,2334,385,6,1744,319,1.23,26.775136399064692,Low,False
POST_01466,Instagram,Photo,Lifestyle,2296,305,78,25444,842,1.42,51.39906469212783,Moderate,False
POST_04576,Twitter,Tweet,Food,845,79,674,82455,316,7.42,40.168511066398395,Low,False
POST_04068,YouTube,Video,Health,4211,148,389,510240,426,1.88,16.24217118997912,Low,False
POST_01327,Instagram,Story,Technology,8707,433,161,11231,322,11.17,55.88074824629774,Moderate,False
POST_02792,YouTube,Live,Fashion,218,624,156,590487,458,0.23,15.876826722338205,Low,False
POST_04219,LinkedIn,Article,Lifestyle,1859,84,325,2119,90,0.52,54.621513944223096,Moderate,False
POST_02763,Facebook,Live,Food,5150,64,347,50993,627,1.72,52.29928861788618,Moderate,False
POST_02519,LinkedIn,Post,Education,539,83,336,20698,257,0.47,64.18824701195219,High,True
POST_02607,Instagram,Story,Technology,6798,233,138,10332,314,3.78,44.36477007014809,Low,False
POST_02593,Facebook,Video,Travel,1743,259,121,44241,26,0.51,17.64989837398374,Low,False
POST_01154,LinkedIn,Poll,Travel,191,135,274,5738,28,0.16,36.36952191235059,Low,False
POST_04824,Twitter,Thread,Gaming,3158,177,514,69698,197,3.18,41.29024144869215,Low,False
POST_04773,Instagram,Carousel,Business,4694,18,222,1375,400,1.15,46.46726422447389,Low,False
POST_03779,LinkedIn,Article,Technology,114,80,27,14745,29,0.05,13.794820717131472,Low,False
POST_04448,TikTok,Video,Education,43378,210,4511,433409,1964,10.32,68.3344327176781,High,True
POST_03539,LinkedIn,Document,Entertainment,1698,112,7,9214,21,0.57,26.369521912350596,Low,False
POST_01724,Instagram,Reel,Sports,2419,298,170,20058,875,2.52,63.281371784879184,Moderate,False
POST_01524,Instagram,Story,Travel,1031,422,243,22054,753,0.68,68.33008573655495,High,True
POST_03591,YouTube,Video,Travel,6258,433,319,642729,2921,3.91,37.47390396659708,Low,False
POST_00816,Facebook,Post,Fitness,5131,381,312,35523,341,7.1,50.068597560975604,Moderate,False
POST_02703,Instagram,Photo,Technology,3472,39,297,17648,678,5.57,64.66289945440373,High,True
POST_03265,TikTok,Stitch,Travel,44391,1202,2944,45225,1672,118.2,61.101583113456456,Moderate,False
POST_04388,Instagram,Carousel,Technology,4486,424,65,43411,767,11.5,53.83086515978176,Moderate,False
POST_03668,Instagram,Carousel,Gaming,3720,399,121,20405,861,1.03,62.2116134060795,Moderate,False
